month,size,count,mean,median,std,min,max,missing_hours,coverage_fraction
1,2976,2707,4.251200591060214,4.0,2.5469126563572484,1.0,15.0,269,0.9096102150537635
2,2712,2442,4.225225225225225,4.0,2.454679428423127,1.0,14.0,270,0.9004424778761062
3,2976,2695,4.249350649350649,4.0,2.5222422858129887,1.0,17.0,281,0.9055779569892473
4,2880,2634,4.388382687927107,4.0,2.497525133552644,1.0,15.0,246,0.9145833333333333
5,2976,2711,4.4367392106233865,4.0,2.579431898795681,1.0,19.0,265,0.9109543010752689
6,2880,2638,4.538665655799848,4.0,2.5976241371291815,1.0,14.0,242,0.9159722222222222
7,2976,2720,4.570588235294117,4.0,2.5759837320666152,1.0,16.0,256,0.9139784946236559
8,2976,2733,4.71935601902671,4.0,2.6378361170017106,1.0,17.0,243,0.9183467741935484
9,2880,2624,4.661966463414634,4.0,2.7106744734563653,1.0,17.0,256,0.9111111111111111
10,2976,2704,4.44008875739645,4.0,2.6216813053273667,1.0,17.0,272,0.9086021505376344
11,2880,2630,4.399239543726236,4.0,2.544155398990706,1.0,17.0,250,0.9131944444444444
12,2952,2735,4.39780621572212,4.0,2.619435743201788,1.0,16.0,217,0.926490514905149
