weekday,hour,size,count,mean,std
0,0,208,184,2.6630434782608696,1.3692738605564398
0,1,208,173,2.4508670520231215,1.415923500803998
0,2,208,162,2.314814814814815,1.3303538137808566
0,3,208,166,2.2048192771084336,1.2863765049921574
0,4,208,158,2.0316455696202533,1.0732466731137225
0,5,208,167,2.07185628742515,1.1593977574349403
0,6,208,179,2.458100558659218,1.3624906023589813
0,7,208,191,3.2094240837696337,1.588814580697815
0,8,208,198,4.762626262626263,2.205028211363935
0,9,208,200,5.9,2.4330223981603103
0,10,208,201,6.1393034825870645,2.8478935219628227
0,11,208,201,6.467661691542289,2.7148110440646
0,12,208,200,6.605,2.7010094893033116
0,13,208,200,6.155,2.526438094875111
0,14,208,200,6.01,2.5022402023288564
0,15,208,200,6.02,2.3891715517136047
0,16,208,201,5.990049751243781,2.5179159035822543
0,17,208,200,6.47,2.8122310033282103
0,18,208,200,6.2,2.4678841669143505
0,19,208,200,5.82,2.350579956234901
0,20,208,201,5.696517412935323,2.406748389621415
0,21,208,196,5.270408163265306,2.2766015690812655
0,22,208,198,4.005050505050505,2.063699981016982
0,23,208,197,3.451776649746193,1.7681881049113366
1,0,208,181,2.734806629834254,1.3359780400558074
1,1,208,175,2.1542857142857144,1.1007685030053043
1,2,208,158,2.259493670886076,1.1183494420269455
1,3,208,151,2.052980132450331,1.0880446036825184
1,4,208,149,1.8657718120805369,0.9976846040708821
1,5,208,150,1.94,1.1126484517497912
1,6,208,175,2.3714285714285714,1.420007169435404
1,7,208,182,2.6923076923076925,1.442774396796325
1,8,208,199,4.276381909547739,2.2108536161388694
1,9,208,200,5.185,2.297207174814693
1,10,208,199,5.341708542713568,2.3124212452824686
1,11,208,199,5.291457286432161,2.471142006256527
1,12,208,201,5.661691542288557,2.403117792447577
1,13,208,201,5.134328358208955,2.3058329669865056
1,14,208,199,5.341708542713568,2.55125619592582
1,15,208,198,5.595959595959596,2.488222785001547
1,16,208,201,5.7164179104477615,2.5640162059701597
1,17,208,199,6.040201005025126,2.449158164955599
1,18,208,201,5.781094527363184,2.3710421329069415
1,19,208,201,5.651741293532338,2.3618021620652994
1,20,208,200,5.155,2.2329139084642438
1,21,208,199,4.909547738693467,2.4040914822511934
1,22,208,197,4.461928934010152,1.9986787306601441
1,23,208,193,3.2642487046632125,1.6290387568002085
2,0,209,192,2.5625,1.3129440161441752
2,1,209,167,2.4550898203592815,1.3958051907189342
2,2,209,166,1.9457831325301205,1.1078563745462926
2,3,209,154,1.8636363636363635,0.9570391555917188
2,4,209,156,2.0961538461538463,1.2169705706084462
2,5,209,154,1.9090909090909092,0.9522154172412078
2,6,209,185,2.454054054054054,1.3060466805764972
2,7,209,185,2.7945945945945945,1.4449962287347256
2,8,209,197,4.233502538071066,2.118021414068495
2,9,209,200,5.38,2.3522895934936003
2,10,209,201,5.467661691542289,2.4372523474140153
2,11,209,203,5.645320197044335,2.5451011516664375
2,12,209,203,5.635467980295567,2.5784950620198517
2,13,209,201,5.830845771144278,2.4395171204757964
2,14,209,202,5.534653465346534,2.484036021063936
2,15,209,203,5.541871921182266,2.3864241536114963
2,16,209,201,5.567164179104478,2.185570044155631
2,17,209,202,5.856435643564357,2.4906158538920726
2,18,209,202,5.579207920792079,2.5009775932079026
2,19,209,203,5.320197044334975,2.5389902024446704
2,20,209,203,5.201970443349754,2.4481951442784573
2,21,209,203,4.901477832512315,2.264698476914278
2,22,209,197,4.284263959390863,2.0229313170850425
2,23,209,195,3.4256410256410255,1.8327937590620154
3,0,209,185,2.6216216216216215,1.4285777236725496
3,1,209,173,2.254335260115607,1.1881421117210034
3,2,209,150,1.9266666666666667,1.0687549468729138
3,3,209,157,1.7961783439490446,0.9250007172775091
3,4,209,155,1.729032258064516,0.9138876385178741
3,5,209,159,1.9371069182389937,0.9852425942420463
3,6,209,165,2.2,1.2503658001346412
3,7,209,188,2.8085106382978724,1.5770858914393757
3,8,209,195,4.051282051282051,1.8770002107541242
3,9,209,201,5.0945273631840795,2.3528748161552313
3,10,209,202,5.118811881188119,2.2539611509313744
3,11,209,202,5.698019801980198,2.5593251675077875
3,12,209,202,5.4504950495049505,2.3351147611491307
3,13,209,201,5.492537313432836,2.5731680920318336
3,14,209,201,5.373134328358209,2.5485436285976495
3,15,209,201,5.432835820895522,2.3678505902844558
3,16,209,197,5.604060913705584,2.458966050413652
3,17,209,202,5.717821782178218,2.526393848656252
3,18,209,201,5.502487562189055,2.410652148505572
3,19,209,200,5.525,2.536046660319283
3,20,209,201,5.213930348258707,2.2669373558006356
3,21,209,202,4.955445544554456,2.2177472882033427
3,22,209,199,4.241206030150754,2.26348050415521
3,23,209,186,3.4623655913978495,1.7801253510976298
4,0,209,185,2.675675675675676,1.4229113994777776
4,1,209,164,2.3658536585365852,1.2775762628067049
4,2,209,166,2.0783132530120483,1.3393393389705994
4,3,209,160,1.925,1.0963059757443767
4,4,209,162,1.9814814814814814,1.2434785021741308
4,5,209,161,2.018633540372671,1.142760089046696
4,6,209,164,2.225609756097561,1.1421979645988176
4,7,209,184,2.755434782608696,1.5576263383530407
4,8,209,197,3.9390862944162435,1.9368460522897475
4,9,209,201,4.965174129353234,2.3051640059933614
4,10,209,201,5.562189054726368,2.523363466502518
4,11,209,201,5.477611940298507,2.6458923388257345
4,12,209,202,5.8861386138613865,2.5765698862442212
4,13,209,202,5.5594059405940595,2.315626269170394
4,14,209,201,5.741293532338308,2.283141764851224
4,15,209,201,5.756218905472637,2.4708851919587027
4,16,209,202,5.801980198019802,2.479848342258243
4,17,209,202,5.965346534653466,2.3968858586955695
4,18,209,200,5.525,2.3912266358755296
4,19,209,200,5.46,2.2769105401926097
4,20,209,202,5.272277227722772,2.3115810019838308
4,21,209,202,4.861386138613861,2.2484033161436385
4,22,209,201,4.63681592039801,2.261070058831719
4,23,209,196,3.836734693877551,1.9385105440135473
5,0,209,188,3.2180851063829787,1.7213017562396424
5,1,209,179,2.536312849162011,1.4849695765060569
5,2,209,177,2.598870056497175,1.3662319074974796
5,3,209,183,2.3278688524590163,1.297351208628564
5,4,209,170,2.0647058823529414,0.9738845395707323
5,5,209,155,2.0516129032258066,1.144118491202003
5,6,209,172,2.1686046511627906,1.1849703653517525
5,7,209,185,2.881081081081081,1.545301053727396
5,8,209,196,3.7755102040816326,1.9560851129554948
5,9,209,200,4.435,2.070558150662855
5,10,209,200,5.185,2.2306172388672283
5,11,209,199,5.623115577889447,2.4625822740106074
5,12,209,200,5.615,2.3568088040173025
5,13,209,201,5.497512437810945,2.5614924909307324
5,14,209,200,5.625,2.489046355292318
5,15,209,200,5.55,2.307405600022475
5,16,209,199,6.0703517587939695,2.575148397584152
5,17,209,200,5.845,2.567867738731513
5,18,209,201,5.945273631840796,2.3349496889122134
5,19,209,201,5.9054726368159205,2.299134598168952
5,20,209,199,5.7537688442211055,2.695801705464635
5,21,209,200,5.445,2.289801509907326
5,22,209,198,4.717171717171717,2.5029542100226534
5,23,209,194,3.768041237113402,1.9981362503529698
6,0,208,194,3.3762886597938144,1.8288575213346272
6,1,208,182,2.9450549450549453,1.3734872129132416
6,2,208,181,2.6408839779005526,1.4637422711885066
6,3,208,176,2.346590909090909,1.160930549283522
6,4,208,171,1.9707602339181287,1.081539755244375
6,5,208,169,2.1242603550295858,1.249739336022618
6,6,208,171,2.3391812865497075,1.2795391757331942
6,7,208,185,2.902702702702703,1.5148695033635458
6,8,208,195,3.9384615384615387,1.9547214034909586
6,9,208,202,4.945544554455446,2.226481272369921
6,10,208,202,5.584158415841584,2.291091667634871
6,11,208,201,5.870646766169155,2.358640303141196
6,12,208,201,6.109452736318408,2.6396894133600215
6,13,208,202,5.8861386138613865,2.354609312713359
6,14,208,202,5.797029702970297,2.5999217533401757
6,15,208,202,5.9405940594059405,2.1959790580620577
6,16,208,202,6.212871287128713,2.439156667176621
6,17,208,200,6.385,2.702460260075332
6,18,208,202,6.282178217821782,2.6286934135816895
6,19,208,202,5.891089108910891,2.383195689303049
6,20,208,202,5.9504950495049505,2.44898694711498
6,21,208,201,5.159203980099503,2.4071824532394883
6,22,208,198,4.338383838383838,2.0004165591935728
6,23,208,195,3.517948717948718,1.845427868537579
