hour,size,count,mean,median,std,min,max,missing_hours,coverage_fraction
0,1460,1309,2.839572192513369,3.0,1.52960343455215,1.0,10.0,151,0.8965753424657534
1,1460,1213,2.4558944765045343,2.0,1.3444944436432666,1.0,8.0,247,0.8308219178082191
2,1460,1160,2.264655172413793,2.0,1.2970234929978084,1.0,8.0,300,0.7945205479452054
3,1460,1147,2.085440278988666,2.0,1.1469767730222897,1.0,8.0,313,0.7856164383561643
4,1460,1121,1.9652096342551293,2.0,1.0813529784718567,1.0,8.0,339,0.7678082191780822
5,1460,1115,2.009865470852018,2.0,1.112557456132605,1.0,7.0,345,0.7636986301369864
6,1460,1211,2.3203963666391414,2.0,1.2849047974972372,1.0,8.0,249,0.8294520547945206
7,1460,1300,2.8653846153846154,3.0,1.5306572794817321,1.0,10.0,160,0.8904109589041096
8,1460,1377,4.140885984023239,4.0,2.0595544715881102,1.0,13.0,83,0.9431506849315069
9,1460,1404,5.128917378917379,5.0,2.325854245602275,1.0,15.0,56,0.9616438356164384
10,1460,1406,5.485775248933144,5.0,2.43743279932604,1.0,17.0,54,0.963013698630137
11,1460,1406,5.725462304409673,5.0,2.5575272267680536,1.0,17.0,54,0.963013698630137
12,1460,1409,5.850958126330731,6.0,2.5376009281497542,1.0,16.0,51,0.9650684931506849
13,1460,1408,5.650568181818182,5.0,2.455876370235477,1.0,15.0,52,0.9643835616438357
14,1460,1405,5.63202846975089,5.0,2.500250517200536,1.0,19.0,55,0.9623287671232876
15,1460,1405,5.691103202846975,6.0,2.3774730399272435,1.0,17.0,55,0.9623287671232876
16,1460,1403,5.852459016393443,6.0,2.4681218662462725,1.0,15.0,57,0.9609589041095891
17,1460,1405,6.039145907473309,6.0,2.574923860668507,1.0,17.0,55,0.9623287671232876
18,1460,1407,5.830845771144278,6.0,2.4584370495402483,1.0,16.0,53,0.9636986301369863
19,1460,1407,5.65316275764037,5.0,2.3988415034844675,1.0,16.0,53,0.9636986301369863
20,1460,1408,5.463068181818182,5.0,2.419430869518091,1.0,15.0,52,0.9643835616438357
21,1460,1403,5.070563079116179,5.0,2.306415764126152,1.0,13.0,57,0.9609589041095891
22,1460,1388,4.38400576368876,4.0,2.1738308773812873,1.0,15.0,72,0.9506849315068493
23,1460,1356,3.5331858407079646,3.0,1.8367922136938766,1.0,11.0,104,0.9287671232876712
