date,year,source_total,sum_nonblank,blank_hours
2014-01-01,2014,90.0,90.0,0
2014-01-02,2014,97.0,97.0,2
2014-01-03,2014,80.0,80.0,4
2014-01-04,2014,92.0,92.0,0
2014-01-05,2014,76.0,76.0,2
2014-01-06,2014,66.0,66.0,1
2014-01-07,2014,80.0,80.0,1
2014-01-08,2014,75.0,75.0,1
2014-01-09,2014,78.0,78.0,2
2014-01-10,2014,88.0,88.0,1
2014-01-11,2014,106.0,106.0,2
2014-01-12,2014,101.0,101.0,1
2014-01-13,2014,95.0,95.0,1
2014-01-14,2014,73.0,73.0,4
2014-01-15,2014,77.0,77.0,3
2014-01-16,2014,67.0,67.0,3
2014-01-17,2014,93.0,93.0,2
2014-01-18,2014,54.0,54.0,3
2014-01-19,2014,84.0,84.0,3
2014-01-20,2014,80.0,80.0,4
2014-01-21,2014,75.0,75.0,3
2014-01-22,2014,69.0,69.0,4
2014-01-23,2014,76.0,76.0,2
2014-01-24,2014,85.0,85.0,2
2014-01-25,2014,82.0,82.0,2
2014-01-26,2014,98.0,98.0,2
2014-01-27,2014,80.0,80.0,0
2014-01-28,2014,74.0,74.0,3
2014-01-29,2014,65.0,65.0,2
2014-01-30,2014,67.0,67.0,1
2014-02-01,2014,77.0,77.0,2
2014-02-02,2014,66.0,66.0,0
2014-02-03,2014,89.0,89.0,2
2014-02-04,2014,73.0,73.0,1
2014-02-05,2014,64.0,64.0,3
2014-02-06,2014,78.0,78.0,4
2014-02-07,2014,84.0,84.0,2
2014-02-08,2014,87.0,87.0,4
2014-02-09,2014,74.0,74.0,2
2014-02-10,2014,83.0,83.0,2
2014-02-11,2014,86.0,86.0,2
2014-02-12,2014,75.0,75.0,3
2014-02-13,2014,80.0,80.0,2
2014-02-14,2014,132.0,132.0,1
2014-02-15,2014,92.0,92.0,1
2014-02-16,2014,90.0,90.0,1
2014-02-17,2014,75.0,75.0,1
2014-02-18,2014,91.0,91.0,4
2014-02-19,2014,100.0,100.0,2
2014-02-20,2014,72.0,72.0,3
2014-02-21,2014,94.0,94.0,5
2014-02-22,2014,93.0,93.0,4
2014-02-23,2014,93.0,93.0,2
2014-02-24,2014,102.0,102.0,4
2014-02-25,2014,72.0,72.0,4
2014-02-26,2014,97.0,97.0,0
2014-02-27,2014,84.0,84.0,4
2014-02-28,2014,,,24
2014-03-01,2014,79.0,79.0,2
2014-03-02,2014,80.0,80.0,4
2014-03-03,2014,94.0,94.0,2
2014-03-04,2014,90.0,90.0,3
2014-03-05,2014,72.0,72.0,6
2014-03-06,2014,69.0,69.0,4
2014-03-07,2014,94.0,94.0,4
2014-03-08,2014,82.0,82.0,1
2014-03-09,2014,85.0,85.0,2
2014-03-10,2014,89.0,89.0,1
2014-03-11,2014,71.0,71.0,4
2014-03-12,2014,83.0,83.0,1
2014-03-13,2014,96.0,96.0,1
2014-03-14,2014,81.0,81.0,2
2014-03-15,2014,77.0,77.0,3
2014-03-16,2014,82.0,82.0,0
2014-03-17,2014,76.0,76.0,1
2014-03-18,2014,93.0,93.0,2
2014-03-19,2014,74.0,74.0,1
2014-03-20,2014,69.0,69.0,3
2014-03-21,2014,69.0,69.0,3
2014-03-22,2014,93.0,93.0,2
2014-03-23,2014,85.0,85.0,1
2014-03-24,2014,89.0,89.0,4
2014-03-25,2014,84.0,84.0,2
2014-03-26,2014,85.0,85.0,2
2014-03-27,2014,91.0,91.0,4
2014-03-28,2014,79.0,79.0,3
2014-03-29,2014,81.0,81.0,0
2014-03-30,2014,112.0,112.0,2
2014-04-01,2014,77.0,77.0,2
2014-04-02,2014,81.0,81.0,3
2014-04-03,2014,87.0,87.0,2
2014-04-04,2014,80.0,80.0,1
2014-04-05,2014,85.0,85.0,1
2014-04-06,2014,94.0,94.0,0
2014-04-07,2014,97.0,97.0,1
2014-04-08,2014,92.0,92.0,0
2014-04-09,2014,109.0,109.0,0
2014-04-10,2014,84.0,84.0,4
2014-04-11,2014,94.0,94.0,2
2014-04-12,2014,95.0,95.0,2
2014-04-13,2014,75.0,75.0,4
2014-04-14,2014,83.0,83.0,3
2014-04-15,2014,59.0,59.0,2
2014-04-16,2014,79.0,79.0,0
2014-04-17,2014,91.0,91.0,1
2014-04-18,2014,88.0,88.0,2
2014-04-19,2014,97.0,97.0,2
2014-04-20,2014,94.0,94.0,2
2014-04-21,2014,93.0,93.0,1
2014-04-22,2014,82.0,82.0,2
2014-04-23,2014,85.0,85.0,3
2014-04-24,2014,87.0,87.0,3
2014-04-25,2014,88.0,88.0,2
2014-04-26,2014,118.0,118.0,1
2014-04-27,2014,98.0,98.0,1
2014-04-28,2014,99.0,99.0,4
2014-04-29,2014,77.0,77.0,1
2014-04-30,2014,,,24
2014-05-01,2014,88.0,88.0,1
2014-05-02,2014,83.0,83.0,2
2014-05-03,2014,91.0,91.0,0
2014-05-04,2014,76.0,76.0,0
2014-05-05,2014,88.0,88.0,1
2014-05-06,2014,96.0,96.0,2
2014-05-07,2014,93.0,93.0,2
2014-05-08,2014,96.0,96.0,2
2014-05-09,2014,96.0,96.0,0
2014-05-10,2014,89.0,89.0,2
2014-05-11,2014,106.0,106.0,1
2014-05-12,2014,89.0,89.0,3
2014-05-13,2014,69.0,69.0,3
2014-05-14,2014,94.0,94.0,2
2014-05-15,2014,77.0,77.0,2
2014-05-16,2014,93.0,93.0,2
2014-05-17,2014,108.0,108.0,2
2014-05-18,2014,88.0,88.0,3
2014-05-19,2014,94.0,94.0,0
2014-05-20,2014,92.0,92.0,1
2014-05-21,2014,87.0,87.0,1
2014-05-22,2014,84.0,84.0,1
2014-05-23,2014,84.0,84.0,4
2014-05-24,2014,100.0,100.0,2
2014-05-25,2014,96.0,96.0,1
2014-05-26,2014,99.0,99.0,1
2014-05-27,2014,92.0,92.0,2
2014-05-28,2014,80.0,80.0,2
2014-05-29,2014,78.0,78.0,2
2014-05-30,2014,59.0,59.0,2
2014-06-01,2014,113.0,113.0,1
2014-06-02,2014,97.0,97.0,3
2014-06-03,2014,77.0,77.0,3
2014-06-04,2014,67.0,67.0,3
2014-06-05,2014,98.0,98.0,2
2014-06-06,2014,103.0,103.0,3
2014-06-07,2014,96.0,96.0,0
2014-06-08,2014,90.0,90.0,1
2014-06-09,2014,101.0,101.0,2
2014-06-10,2014,60.0,60.0,2
2014-06-11,2014,100.0,100.0,0
2014-06-12,2014,68.0,68.0,3
2014-06-13,2014,76.0,76.0,2
2014-06-14,2014,84.0,84.0,2
2014-06-15,2014,97.0,97.0,2
2014-06-16,2014,94.0,94.0,3
2014-06-17,2014,87.0,87.0,0
2014-06-18,2014,76.0,76.0,3
2014-06-19,2014,76.0,76.0,2
2014-06-20,2014,85.0,85.0,1
2014-06-21,2014,88.0,88.0,2
2014-06-22,2014,78.0,78.0,0
2014-06-23,2014,106.0,106.0,2
2014-06-24,2014,78.0,78.0,3
2014-06-25,2014,79.0,79.0,3
2014-06-26,2014,87.0,87.0,3
2014-06-27,2014,91.0,91.0,0
2014-06-28,2014,97.0,97.0,0
2014-06-29,2014,92.0,92.0,2
2014-07-01,2014,83.0,83.0,2
2014-07-02,2014,73.0,73.0,1
2014-07-03,2014,85.0,85.0,0
2014-07-04,2014,87.0,87.0,3
2014-07-05,2014,115.0,115.0,2
2014-07-06,2014,96.0,96.0,2
2014-07-07,2014,99.0,99.0,3
2014-07-08,2014,93.0,93.0,0
2014-07-09,2014,78.0,78.0,2
2014-07-10,2014,107.0,107.0,1
2014-07-11,2014,77.0,77.0,2
2014-07-12,2014,85.0,85.0,3
2014-07-13,2014,94.0,94.0,0
2014-07-14,2014,91.0,91.0,1
2014-07-15,2014,85.0,85.0,3
2014-07-16,2014,81.0,81.0,2
2014-07-17,2014,96.0,96.0,2
2014-07-18,2014,86.0,86.0,2
2014-07-19,2014,90.0,90.0,2
2014-07-20,2014,98.0,98.0,0
2014-07-21,2014,99.0,99.0,2
2014-07-22,2014,71.0,71.0,3
2014-07-23,2014,85.0,85.0,1
2014-07-24,2014,78.0,78.0,3
2014-07-25,2014,94.0,94.0,1
2014-07-26,2014,104.0,104.0,1
2014-07-27,2014,108.0,108.0,1
2014-07-28,2014,110.0,110.0,1
2014-07-29,2014,107.0,107.0,1
2014-07-30,2014,98.0,98.0,1
2014-08-01,2014,97.0,97.0,0
2014-08-02,2014,96.0,96.0,3
2014-08-03,2014,104.0,104.0,2
2014-08-04,2014,109.0,109.0,0
2014-08-05,2014,87.0,87.0,0
2014-08-06,2014,86.0,86.0,0
2014-08-07,2014,87.0,87.0,3
2014-08-08,2014,86.0,86.0,1
2014-08-09,2014,105.0,105.0,0
2014-08-10,2014,99.0,99.0,0
2014-08-11,2014,102.0,102.0,0
2014-08-12,2014,93.0,93.0,2
2014-08-13,2014,95.0,95.0,0
2014-08-14,2014,82.0,82.0,0
2014-08-15,2014,79.0,79.0,3
2014-08-16,2014,104.0,104.0,0
2014-08-17,2014,115.0,115.0,0
2014-08-18,2014,107.0,107.0,2
2014-08-19,2014,81.0,81.0,4
2014-08-20,2014,96.0,96.0,3
2014-08-21,2014,99.0,99.0,1
2014-08-22,2014,85.0,85.0,3
2014-08-23,2014,97.0,97.0,1
2014-08-24,2014,113.0,113.0,0
2014-08-25,2014,107.0,107.0,0
2014-08-26,2014,90.0,90.0,1
2014-08-27,2014,85.0,85.0,1
2014-08-28,2014,79.0,79.0,2
2014-08-29,2014,87.0,87.0,2
2014-08-30,2014,104.0,104.0,2
2014-08-31,2014,1.0,1.0,23
2014-09-01,2014,101.0,101.0,2
2014-09-02,2014,106.0,106.0,0
2014-09-03,2014,98.0,98.0,1
2014-09-04,2014,88.0,88.0,4
2014-09-05,2014,86.0,86.0,1
2014-09-06,2014,90.0,90.0,3
2014-09-07,2014,105.0,105.0,2
2014-09-08,2014,105.0,105.0,1
2014-09-09,2014,105.0,105.0,0
2014-09-10,2014,82.0,82.0,2
2014-09-11,2014,93.0,93.0,0
2014-09-12,2014,83.0,83.0,0
2014-09-13,2014,102.0,102.0,1
2014-09-14,2014,97.0,97.0,2
2014-09-15,2014,103.0,103.0,1
2014-09-16,2014,105.0,105.0,1
2014-09-17,2014,61.0,61.0,5
2014-09-18,2014,83.0,83.0,1
2014-09-19,2014,130.0,130.0,0
2014-09-20,2014,93.0,93.0,2
2014-09-21,2014,96.0,96.0,1
2014-09-22,2014,92.0,92.0,2
2014-09-23,2014,76.0,76.0,2
2014-09-24,2014,75.0,75.0,1
2014-09-25,2014,84.0,84.0,2
2014-09-26,2014,78.0,78.0,2
2014-09-27,2014,97.0,97.0,0
2014-09-28,2014,100.0,100.0,1
2014-09-29,2014,103.0,103.0,1
2014-10-01,2014,71.0,71.0,0
2014-10-02,2014,97.0,97.0,1
2014-10-03,2014,74.0,74.0,4
2014-10-04,2014,86.0,86.0,1
2014-10-05,2014,103.0,103.0,1
2014-10-06,2014,84.0,84.0,3
2014-10-07,2014,98.0,98.0,1
2014-10-08,2014,93.0,93.0,2
2014-10-09,2014,77.0,77.0,7
2014-10-10,2014,96.0,96.0,1
2014-10-11,2014,94.0,94.0,1
2014-10-12,2014,93.0,93.0,3
2014-10-13,2014,93.0,93.0,1
2014-10-14,2014,87.0,87.0,2
2014-10-15,2014,89.0,89.0,2
2014-10-16,2014,75.0,75.0,1
2014-10-17,2014,90.0,90.0,1
2014-10-18,2014,100.0,100.0,1
2014-10-19,2014,101.0,101.0,2
2014-10-20,2014,92.0,92.0,2
2014-10-21,2014,83.0,83.0,1
2014-10-22,2014,82.0,82.0,0
2014-10-23,2014,66.0,66.0,4
2014-10-24,2014,109.0,109.0,2
2014-10-25,2014,84.0,84.0,0
2014-10-26,2014,98.0,98.0,0
2014-10-27,2014,89.0,89.0,1
2014-10-28,2014,78.0,78.0,2
2014-10-29,2014,78.0,78.0,0
2014-10-30,2014,80.0,80.0,2
2014-11-01,2014,72.0,72.0,3
2014-11-02,2014,95.0,95.0,0
2014-11-03,2014,86.0,86.0,2
2014-11-04,2014,73.0,73.0,2
2014-11-05,2014,92.0,92.0,2
2014-11-06,2014,65.0,65.0,4
2014-11-07,2014,98.0,98.0,1
2014-11-08,2014,79.0,79.0,2
2014-11-09,2014,101.0,101.0,1
2014-11-10,2014,90.0,90.0,1
2014-11-11,2014,72.0,72.0,4
2014-11-12,2014,80.0,80.0,1
2014-11-13,2014,80.0,80.0,2
2014-11-14,2014,83.0,83.0,0
2014-11-15,2014,82.0,82.0,2
2014-11-16,2014,83.0,83.0,1
2014-11-17,2014,69.0,69.0,3
2014-11-18,2014,78.0,78.0,2
2014-11-19,2014,76.0,76.0,3
2014-11-20,2014,78.0,78.0,3
2014-11-21,2014,83.0,83.0,2
2014-11-22,2014,85.0,85.0,2
2014-11-23,2014,103.0,103.0,0
2014-11-24,2014,80.0,80.0,1
2014-11-25,2014,80.0,80.0,1
2014-11-26,2014,83.0,83.0,2
2014-11-27,2014,81.0,81.0,0
2014-11-28,2014,108.0,108.0,1
2014-11-29,2014,96.0,96.0,1
2014-11-30,2014,1.0,1.0,23
2014-12-01,2014,91.0,91.0,2
2014-12-02,2014,85.0,85.0,3
2014-12-03,2014,93.0,93.0,1
2014-12-04,2014,86.0,86.0,4
2014-12-05,2014,109.0,109.0,2
2014-12-06,2014,92.0,92.0,1
2014-12-07,2014,87.0,87.0,1
2014-12-08,2014,86.0,86.0,3
2014-12-09,2014,88.0,88.0,0
2014-12-10,2014,102.0,102.0,1
2014-12-11,2014,86.0,86.0,0
2014-12-12,2014,82.0,82.0,1
2014-12-13,2014,74.0,74.0,1
2014-12-14,2014,99.0,99.0,1
2014-12-15,2014,113.0,113.0,1
2014-12-16,2014,75.0,75.0,3
2014-12-17,2014,94.0,94.0,2
2014-12-18,2014,75.0,75.0,1
2014-12-19,2014,89.0,89.0,1
2014-12-20,2014,97.0,97.0,2
2014-12-21,2014,95.0,95.0,1
2014-12-22,2014,100.0,100.0,0
2014-12-23,2014,109.0,109.0,1
2014-12-24,2014,110.0,110.0,1
2014-12-25,2014,109.0,109.0,0
2014-12-26,2014,80.0,80.0,3
2014-12-27,2014,96.0,96.0,1
2014-12-28,2014,116.0,116.0,1
2014-12-29,2014,113.0,113.0,0
2014-12-30,2014,82.0,82.0,2
2015-01-01,2015,120.0,120.0,0
2015-01-02,2015,99.0,99.0,1
2015-01-03,2015,106.0,106.0,1
2015-01-04,2015,91.0,91.0,2
2015-01-05,2015,83.0,83.0,2
2015-01-06,2015,85.0,85.0,4
2015-01-07,2015,99.0,99.0,2
2015-01-08,2015,82.0,82.0,3
2015-01-09,2015,86.0,86.0,2
2015-01-10,2015,93.0,93.0,0
2015-01-11,2015,97.0,97.0,3
2015-01-12,2015,89.0,89.0,2
2015-01-13,2015,96.0,96.0,1
2015-01-14,2015,73.0,73.0,1
2015-01-15,2015,94.0,94.0,1
2015-01-16,2015,82.0,82.0,1
2015-01-17,2015,109.0,109.0,1
2015-01-18,2015,112.0,112.0,1
2015-01-19,2015,90.0,90.0,2
2015-01-20,2015,78.0,78.0,2
2015-01-21,2015,78.0,78.0,2
2015-01-22,2015,86.0,86.0,3
2015-01-23,2015,88.0,88.0,1
2015-01-24,2015,111.0,111.0,2
2015-01-25,2015,85.0,85.0,1
2015-01-26,2015,88.0,88.0,4
2015-01-27,2015,100.0,100.0,1
2015-01-28,2015,98.0,98.0,1
2015-01-29,2015,76.0,76.0,1
2015-01-30,2015,81.0,81.0,1
2015-02-01,2015,62.0,62.0,2
2015-02-02,2015,87.0,87.0,3
2015-02-03,2015,86.0,86.0,2
2015-02-04,2015,97.0,97.0,1
2015-02-05,2015,79.0,79.0,1
2015-02-06,2015,67.0,67.0,1
2015-02-07,2015,88.0,88.0,1
2015-02-08,2015,92.0,92.0,2
2015-02-09,2015,88.0,88.0,1
2015-02-10,2015,83.0,83.0,1
2015-02-11,2015,83.0,83.0,3
2015-02-12,2015,94.0,94.0,1
2015-02-13,2015,79.0,79.0,3
2015-02-14,2015,89.0,89.0,1
2015-02-15,2015,77.0,77.0,2
2015-02-16,2015,101.0,101.0,1
2015-02-17,2015,104.0,104.0,2
2015-02-18,2015,91.0,91.0,3
2015-02-19,2015,78.0,78.0,3
2015-02-20,2015,106.0,106.0,0
2015-02-21,2015,106.0,106.0,1
2015-02-22,2015,77.0,77.0,2
2015-02-23,2015,98.0,98.0,1
2015-02-24,2015,89.0,89.0,0
2015-02-25,2015,75.0,75.0,2
2015-02-26,2015,73.0,73.0,1
2015-02-27,2015,68.0,68.0,4
2015-02-28,2015,,,24
2015-03-01,2015,91.0,91.0,0
2015-03-02,2015,97.0,97.0,3
2015-03-03,2015,102.0,102.0,2
2015-03-04,2015,78.0,78.0,3
2015-03-05,2015,99.0,99.0,0
2015-03-06,2015,81.0,81.0,4
2015-03-07,2015,105.0,105.0,0
2015-03-08,2015,89.0,89.0,4
2015-03-09,2015,97.0,97.0,2
2015-03-10,2015,81.0,81.0,2
2015-03-11,2015,91.0,91.0,1
2015-03-12,2015,95.0,95.0,2
2015-03-13,2015,102.0,102.0,1
2015-03-14,2015,110.0,110.0,0
2015-03-15,2015,97.0,97.0,0
2015-03-16,2015,95.0,95.0,1
2015-03-17,2015,91.0,91.0,0
2015-03-18,2015,72.0,72.0,1
2015-03-19,2015,79.0,79.0,1
2015-03-20,2015,101.0,101.0,3
2015-03-21,2015,103.0,103.0,2
2015-03-22,2015,102.0,102.0,1
2015-03-23,2015,94.0,94.0,0
2015-03-24,2015,83.0,83.0,2
2015-03-25,2015,90.0,90.0,2
2015-03-26,2015,109.0,109.0,0
2015-03-27,2015,92.0,92.0,1
2015-03-28,2015,94.0,94.0,1
2015-03-29,2015,107.0,107.0,1
2015-03-30,2015,96.0,96.0,2
2015-04-01,2015,102.0,102.0,0
2015-04-02,2015,90.0,90.0,2
2015-04-03,2015,99.0,99.0,2
2015-04-04,2015,88.0,88.0,1
2015-04-05,2015,95.0,95.0,1
2015-04-06,2015,119.0,119.0,0
2015-04-07,2015,104.0,104.0,3
2015-04-08,2015,97.0,97.0,1
2015-04-09,2015,82.0,82.0,1
2015-04-10,2015,86.0,86.0,1
2015-04-11,2015,117.0,117.0,1
2015-04-12,2015,103.0,103.0,1
2015-04-13,2015,101.0,101.0,2
2015-04-14,2015,94.0,94.0,1
2015-04-15,2015,109.0,109.0,2
2015-04-16,2015,101.0,101.0,0
2015-04-17,2015,102.0,102.0,0
2015-04-18,2015,97.0,97.0,0
2015-04-19,2015,98.0,98.0,2
2015-04-20,2015,90.0,90.0,0
2015-04-21,2015,106.0,106.0,2
2015-04-22,2015,93.0,93.0,0
2015-04-23,2015,96.0,96.0,3
2015-04-24,2015,93.0,93.0,4
2015-04-25,2015,86.0,86.0,1
2015-04-26,2015,93.0,93.0,2
2015-04-27,2015,104.0,104.0,2
2015-04-28,2015,88.0,88.0,1
2015-04-29,2015,102.0,102.0,1
2015-04-30,2015,1.0,1.0,23
2015-05-01,2015,104.0,104.0,0
2015-05-02,2015,84.0,84.0,1
2015-05-03,2015,114.0,114.0,0
2015-05-04,2015,119.0,119.0,1
2015-05-05,2015,108.0,108.0,1
2015-05-06,2015,90.0,90.0,2
2015-05-07,2015,100.0,100.0,1
2015-05-08,2015,119.0,119.0,0
2015-05-09,2015,106.0,106.0,1
2015-05-10,2015,91.0,91.0,1
2015-05-11,2015,109.0,109.0,1
2015-05-12,2015,84.0,84.0,0
2015-05-13,2015,77.0,77.0,4
2015-05-14,2015,81.0,81.0,1
2015-05-15,2015,84.0,84.0,1
2015-05-16,2015,114.0,114.0,0
2015-05-17,2015,102.0,102.0,0
2015-05-18,2015,99.0,99.0,1
2015-05-19,2015,87.0,87.0,4
2015-05-20,2015,91.0,91.0,1
2015-05-21,2015,78.0,78.0,2
2015-05-22,2015,106.0,106.0,2
2015-05-23,2015,100.0,100.0,2
2015-05-24,2015,95.0,95.0,0
2015-05-25,2015,110.0,110.0,3
2015-05-26,2015,102.0,102.0,3
2015-05-27,2015,93.0,93.0,2
2015-05-28,2015,105.0,105.0,1
2015-05-29,2015,97.0,97.0,2
2015-05-30,2015,97.0,97.0,4
2015-06-01,2015,99.0,99.0,4
2015-06-02,2015,99.0,99.0,0
2015-06-03,2015,94.0,94.0,2
2015-06-04,2015,89.0,89.0,2
2015-06-05,2015,108.0,108.0,2
2015-06-06,2015,93.0,93.0,1
2015-06-07,2015,110.0,110.0,0
2015-06-08,2015,109.0,109.0,2
2015-06-09,2015,100.0,100.0,1
2015-06-10,2015,106.0,106.0,1
2015-06-11,2015,95.0,95.0,1
2015-06-12,2015,101.0,101.0,0
2015-06-13,2015,106.0,106.0,1
2015-06-14,2015,88.0,88.0,1
2015-06-15,2015,91.0,91.0,0
2015-06-16,2015,97.0,97.0,2
2015-06-17,2015,84.0,84.0,1
2015-06-18,2015,108.0,108.0,1
2015-06-19,2015,96.0,96.0,2
2015-06-20,2015,101.0,101.0,1
2015-06-21,2015,94.0,94.0,1
2015-06-22,2015,117.0,117.0,2
2015-06-23,2015,106.0,106.0,2
2015-06-24,2015,91.0,91.0,1
2015-06-25,2015,76.0,76.0,2
2015-06-26,2015,102.0,102.0,0
2015-06-27,2015,91.0,91.0,1
2015-06-28,2015,107.0,107.0,2
2015-06-29,2015,102.0,102.0,0
2015-07-01,2015,91.0,91.0,1
2015-07-02,2015,104.0,104.0,0
2015-07-03,2015,100.0,100.0,1
2015-07-04,2015,96.0,96.0,1
2015-07-05,2015,85.0,85.0,0
2015-07-06,2015,107.0,107.0,0
2015-07-07,2015,105.0,105.0,1
2015-07-08,2015,98.0,98.0,1
2015-07-09,2015,114.0,114.0,1
2015-07-10,2015,104.0,104.0,2
2015-07-11,2015,112.0,112.0,0
2015-07-12,2015,108.0,108.0,1
2015-07-13,2015,103.0,103.0,1
2015-07-14,2015,99.0,99.0,0
2015-07-15,2015,107.0,107.0,1
2015-07-16,2015,93.0,93.0,3
2015-07-17,2015,113.0,113.0,1
2015-07-18,2015,103.0,103.0,1
2015-07-19,2015,122.0,122.0,0
2015-07-20,2015,113.0,113.0,1
2015-07-21,2015,86.0,86.0,1
2015-07-22,2015,94.0,94.0,1
2015-07-23,2015,99.0,99.0,3
2015-07-24,2015,109.0,109.0,2
2015-07-25,2015,103.0,103.0,1
2015-07-26,2015,107.0,107.0,2
2015-07-27,2015,111.0,111.0,1
2015-07-28,2015,99.0,99.0,1
2015-07-29,2015,111.0,111.0,0
2015-07-30,2015,99.0,99.0,1
2015-08-01,2015,115.0,115.0,1
2015-08-02,2015,113.0,113.0,0
2015-08-03,2015,108.0,108.0,1
2015-08-04,2015,95.0,95.0,2
2015-08-05,2015,114.0,114.0,1
2015-08-06,2015,102.0,102.0,0
2015-08-07,2015,121.0,121.0,0
2015-08-08,2015,109.0,109.0,0
2015-08-09,2015,114.0,114.0,1
2015-08-10,2015,119.0,119.0,1
2015-08-11,2015,101.0,101.0,0
2015-08-12,2015,94.0,94.0,1
2015-08-13,2015,105.0,105.0,2
2015-08-14,2015,109.0,109.0,0
2015-08-15,2015,94.0,94.0,1
2015-08-16,2015,105.0,105.0,1
2015-08-17,2015,116.0,116.0,2
2015-08-18,2015,84.0,84.0,4
2015-08-19,2015,110.0,110.0,0
2015-08-20,2015,107.0,107.0,0
2015-08-21,2015,109.0,109.0,1
2015-08-22,2015,98.0,98.0,2
2015-08-23,2015,111.0,111.0,1
2015-08-24,2015,98.0,98.0,1
2015-08-25,2015,92.0,92.0,2
2015-08-26,2015,104.0,104.0,3
2015-08-27,2015,91.0,91.0,5
2015-08-28,2015,103.0,103.0,1
2015-08-29,2015,114.0,114.0,2
2015-08-30,2015,115.0,115.0,0
2015-08-31,2015,,,24
2015-09-01,2015,88.0,88.0,1
2015-09-02,2015,107.0,107.0,3
2015-09-03,2015,87.0,87.0,1
2015-09-04,2015,80.0,80.0,2
2015-09-05,2015,96.0,96.0,3
2015-09-06,2015,116.0,116.0,2
2015-09-07,2015,110.0,110.0,1
2015-09-08,2015,106.0,106.0,3
2015-09-09,2015,100.0,100.0,3
2015-09-10,2015,86.0,86.0,2
2015-09-11,2015,91.0,91.0,2
2015-09-12,2015,107.0,107.0,1
2015-09-13,2015,116.0,116.0,3
2015-09-14,2015,118.0,118.0,1
2015-09-15,2015,84.0,84.0,2
2015-09-16,2015,100.0,100.0,1
2015-09-17,2015,91.0,91.0,2
2015-09-18,2015,82.0,82.0,3
2015-09-19,2015,93.0,93.0,3
2015-09-20,2015,119.0,119.0,0
2015-09-21,2015,100.0,100.0,0
2015-09-22,2015,76.0,76.0,3
2015-09-23,2015,104.0,104.0,2
2015-09-24,2015,88.0,88.0,1
2015-09-25,2015,89.0,89.0,2
2015-09-26,2015,95.0,95.0,1
2015-09-27,2015,119.0,119.0,0
2015-09-28,2015,94.0,94.0,2
2015-09-29,2015,84.0,84.0,2
2015-10-01,2015,82.0,82.0,5
2015-10-02,2015,87.0,87.0,3
2015-10-03,2015,69.0,69.0,3
2015-10-04,2015,100.0,100.0,3
2015-10-05,2015,83.0,83.0,2
2015-10-06,2015,92.0,92.0,3
2015-10-07,2015,98.0,98.0,3
2015-10-08,2015,105.0,105.0,1
2015-10-09,2015,77.0,77.0,2
2015-10-10,2015,85.0,85.0,3
2015-10-11,2015,100.0,100.0,2
2015-10-12,2015,111.0,111.0,1
2015-10-13,2015,89.0,89.0,2
2015-10-14,2015,115.0,115.0,1
2015-10-15,2015,69.0,69.0,4
2015-10-16,2015,95.0,95.0,1
2015-10-17,2015,96.0,96.0,2
2015-10-18,2015,94.0,94.0,3
2015-10-19,2015,118.0,118.0,1
2015-10-20,2015,105.0,105.0,0
2015-10-21,2015,95.0,95.0,4
2015-10-22,2015,100.0,100.0,1
2015-10-23,2015,90.0,90.0,1
2015-10-24,2015,76.0,76.0,2
2015-10-25,2015,93.0,93.0,0
2015-10-26,2015,102.0,102.0,1
2015-10-27,2015,90.0,90.0,2
2015-10-28,2015,100.0,100.0,0
2015-10-29,2015,67.0,67.0,3
2015-10-30,2015,90.0,90.0,0
2015-11-01,2015,113.0,113.0,1
2015-11-02,2015,106.0,106.0,2
2015-11-03,2015,90.0,90.0,1
2015-11-04,2015,86.0,86.0,3
2015-11-05,2015,105.0,105.0,2
2015-11-06,2015,79.0,79.0,2
2015-11-07,2015,82.0,82.0,1
2015-11-08,2015,107.0,107.0,1
2015-11-09,2015,108.0,108.0,1
2015-11-10,2015,79.0,79.0,1
2015-11-11,2015,66.0,66.0,4
2015-11-12,2015,86.0,86.0,3
2015-11-13,2015,98.0,98.0,2
2015-11-14,2015,87.0,87.0,1
2015-11-15,2015,93.0,93.0,1
2015-11-16,2015,105.0,105.0,3
2015-11-17,2015,106.0,106.0,2
2015-11-18,2015,93.0,93.0,1
2015-11-19,2015,80.0,80.0,3
2015-11-20,2015,64.0,64.0,0
2015-11-21,2015,110.0,110.0,2
2015-11-22,2015,107.0,107.0,1
2015-11-23,2015,119.0,119.0,0
2015-11-24,2015,87.0,87.0,0
2015-11-25,2015,84.0,84.0,3
2015-11-26,2015,79.0,79.0,1
2015-11-27,2015,93.0,93.0,0
2015-11-28,2015,99.0,99.0,0
2015-11-29,2015,98.0,98.0,1
2015-11-30,2015,,,24
2015-12-01,2015,88.0,88.0,0
2015-12-02,2015,80.0,80.0,1
2015-12-03,2015,86.0,86.0,1
2015-12-04,2015,90.0,90.0,1
2015-12-05,2015,64.0,64.0,1
2015-12-06,2015,101.0,101.0,4
2015-12-07,2015,97.0,97.0,2
2015-12-08,2015,89.0,89.0,2
2015-12-09,2015,91.0,91.0,2
2015-12-10,2015,93.0,93.0,0
2015-12-11,2015,78.0,78.0,2
2015-12-12,2015,85.0,85.0,1
2015-12-13,2015,102.0,102.0,0
2015-12-14,2015,81.0,81.0,3
2015-12-15,2015,90.0,90.0,2
2015-12-16,2015,86.0,86.0,0
2015-12-17,2015,79.0,79.0,4
2015-12-18,2015,71.0,71.0,2
2015-12-19,2015,82.0,82.0,0
2015-12-20,2015,96.0,96.0,2
2015-12-21,2015,87.0,87.0,2
2015-12-22,2015,81.0,81.0,1
2015-12-23,2015,62.0,62.0,2
2015-12-24,2015,97.0,97.0,1
2015-12-25,2015,101.0,101.0,1
2015-12-26,2015,105.0,105.0,1
2015-12-27,2015,102.0,102.0,0
2015-12-28,2015,83.0,83.0,1
2015-12-29,2015,94.0,94.0,2
2015-12-30,2015,96.0,96.0,3
2016-01-01,2016,104.0,104.0,1
2016-01-02,2016,95.0,95.0,1
2016-01-03,2016,101.0,101.0,0
2016-01-04,2016,110.0,110.0,0
2016-01-05,2016,91.0,91.0,1
2016-01-06,2016,96.0,96.0,2
2016-01-07,2016,91.0,91.0,1
2016-01-08,2016,109.0,109.0,0
2016-01-09,2016,100.0,100.0,0
2016-01-10,2016,92.0,92.0,2
2016-01-11,2016,99.0,99.0,1
2016-01-12,2016,83.0,83.0,0
2016-01-13,2016,117.0,117.0,0
2016-01-14,2016,96.0,96.0,2
2016-01-15,2016,99.0,99.0,1
2016-01-16,2016,82.0,82.0,2
2016-01-17,2016,90.0,90.0,2
2016-01-18,2016,107.0,107.0,2
2016-01-19,2016,80.0,80.0,4
2016-01-20,2016,86.0,86.0,2
2016-01-21,2016,86.0,86.0,0
2016-01-22,2016,79.0,79.0,0
2016-01-23,2016,83.0,83.0,3
2016-01-24,2016,107.0,107.0,0
2016-01-25,2016,93.0,93.0,1
2016-01-26,2016,103.0,103.0,3
2016-01-27,2016,102.0,102.0,1
2016-01-28,2016,101.0,101.0,1
2016-01-29,2016,95.0,95.0,2
2016-01-30,2016,83.0,83.0,2
2016-02-01,2016,91.0,91.0,3
2016-02-02,2016,76.0,76.0,1
2016-02-03,2016,100.0,100.0,2
2016-02-04,2016,104.0,104.0,1
2016-02-05,2016,103.0,103.0,2
2016-02-06,2016,100.0,100.0,1
2016-02-07,2016,88.0,88.0,0
2016-02-08,2016,92.0,92.0,2
2016-02-09,2016,73.0,73.0,6
2016-02-10,2016,97.0,97.0,2
2016-02-11,2016,89.0,89.0,1
2016-02-12,2016,107.0,107.0,2
2016-02-13,2016,78.0,78.0,3
2016-02-14,2016,84.0,84.0,0
2016-02-15,2016,100.0,100.0,1
2016-02-16,2016,89.0,89.0,2
2016-02-17,2016,103.0,103.0,1
2016-02-18,2016,102.0,102.0,0
2016-02-19,2016,113.0,113.0,1
2016-02-20,2016,88.0,88.0,1
2016-02-21,2016,98.0,98.0,1
2016-02-22,2016,95.0,95.0,0
2016-02-23,2016,96.0,96.0,1
2016-02-24,2016,94.0,94.0,2
2016-02-25,2016,90.0,90.0,1
2016-02-26,2016,88.0,88.0,1
2016-02-27,2016,107.0,107.0,2
2016-02-28,2016,110.0,110.0,3
2016-03-01,2016,79.0,79.0,2
2016-03-02,2016,80.0,80.0,2
2016-03-03,2016,105.0,105.0,2
2016-03-04,2016,86.0,86.0,1
2016-03-05,2016,86.0,86.0,0
2016-03-06,2016,112.0,112.0,0
2016-03-07,2016,101.0,101.0,0
2016-03-08,2016,105.0,105.0,0
2016-03-09,2016,114.0,114.0,0
2016-03-10,2016,99.0,99.0,0
2016-03-11,2016,99.0,99.0,1
2016-03-12,2016,107.0,107.0,1
2016-03-13,2016,99.0,99.0,3
2016-03-14,2016,107.0,107.0,0
2016-03-15,2016,95.0,95.0,3
2016-03-16,2016,80.0,80.0,3
2016-03-17,2016,104.0,104.0,1
2016-03-18,2016,96.0,96.0,1
2016-03-19,2016,89.0,89.0,1
2016-03-20,2016,109.0,109.0,2
2016-03-21,2016,113.0,113.0,1
2016-03-22,2016,88.0,88.0,3
2016-03-23,2016,88.0,88.0,0
2016-03-24,2016,86.0,86.0,2
2016-03-25,2016,89.0,89.0,2
2016-03-26,2016,92.0,92.0,1
2016-03-27,2016,114.0,114.0,1
2016-03-28,2016,129.0,129.0,0
2016-03-29,2016,93.0,93.0,1
2016-03-30,2016,88.0,88.0,3
2016-04-01,2016,98.0,98.0,3
2016-04-02,2016,89.0,89.0,1
2016-04-03,2016,102.0,102.0,0
2016-04-04,2016,101.0,101.0,3
2016-04-05,2016,93.0,93.0,0
2016-04-06,2016,76.0,76.0,4
2016-04-07,2016,88.0,88.0,1
2016-04-08,2016,90.0,90.0,0
2016-04-09,2016,80.0,80.0,2
2016-04-10,2016,114.0,114.0,1
2016-04-11,2016,88.0,88.0,2
2016-04-12,2016,97.0,97.0,2
2016-04-13,2016,87.0,87.0,2
2016-04-14,2016,88.0,88.0,3
2016-04-15,2016,92.0,92.0,2
2016-04-16,2016,110.0,110.0,1
2016-04-17,2016,110.0,110.0,0
2016-04-18,2016,120.0,120.0,0
2016-04-19,2016,97.0,97.0,1
2016-04-20,2016,94.0,94.0,1
2016-04-21,2016,90.0,90.0,3
2016-04-22,2016,86.0,86.0,2
2016-04-23,2016,95.0,95.0,1
2016-04-24,2016,104.0,104.0,1
2016-04-25,2016,113.0,113.0,0
2016-04-26,2016,83.0,83.0,4
2016-04-27,2016,98.0,98.0,1
2016-04-28,2016,110.0,110.0,0
2016-04-29,2016,102.0,102.0,2
2016-04-30,2016,,,24
2016-05-01,2016,101.0,101.0,1
2016-05-02,2016,97.0,97.0,2
2016-05-03,2016,86.0,86.0,2
2016-05-04,2016,89.0,89.0,2
2016-05-05,2016,96.0,96.0,3
2016-05-06,2016,108.0,108.0,2
2016-05-07,2016,101.0,101.0,1
2016-05-08,2016,121.0,121.0,1
2016-05-09,2016,92.0,92.0,1
2016-05-10,2016,90.0,90.0,2
2016-05-11,2016,93.0,93.0,2
2016-05-12,2016,95.0,95.0,1
2016-05-13,2016,82.0,82.0,2
2016-05-14,2016,90.0,90.0,2
2016-05-15,2016,122.0,122.0,2
2016-05-16,2016,84.0,84.0,0
2016-05-17,2016,90.0,90.0,3
2016-05-18,2016,102.0,102.0,1
2016-05-19,2016,83.0,83.0,4
2016-05-20,2016,79.0,79.0,1
2016-05-21,2016,104.0,104.0,1
2016-05-22,2016,103.0,103.0,2
2016-05-23,2016,111.0,111.0,0
2016-05-24,2016,112.0,112.0,0
2016-05-25,2016,112.0,112.0,1
2016-05-26,2016,89.0,89.0,3
2016-05-27,2016,100.0,100.0,2
2016-05-28,2016,97.0,97.0,2
2016-05-29,2016,109.0,109.0,1
2016-05-30,2016,122.0,122.0,2
2016-06-01,2016,104.0,104.0,1
2016-06-02,2016,104.0,104.0,2
2016-06-03,2016,103.0,103.0,2
2016-06-04,2016,120.0,120.0,2
2016-06-05,2016,118.0,118.0,1
2016-06-06,2016,117.0,117.0,0
2016-06-07,2016,100.0,100.0,1
2016-06-08,2016,100.0,100.0,2
2016-06-09,2016,112.0,112.0,0
2016-06-10,2016,96.0,96.0,2
2016-06-11,2016,101.0,101.0,1
2016-06-12,2016,132.0,132.0,1
2016-06-13,2016,128.0,128.0,0
2016-06-14,2016,101.0,101.0,0
2016-06-15,2016,111.0,111.0,3
2016-06-16,2016,90.0,90.0,1
2016-06-17,2016,101.0,101.0,3
2016-06-18,2016,103.0,103.0,1
2016-06-19,2016,111.0,111.0,2
2016-06-20,2016,116.0,116.0,0
2016-06-21,2016,117.0,117.0,2
2016-06-22,2016,111.0,111.0,1
2016-06-23,2016,120.0,120.0,0
2016-06-24,2016,111.0,111.0,1
2016-06-25,2016,107.0,107.0,0
2016-06-26,2016,92.0,92.0,0
2016-06-27,2016,109.0,109.0,1
2016-06-28,2016,105.0,105.0,1
2016-06-29,2016,93.0,93.0,1
2016-07-01,2016,80.0,80.0,1
2016-07-02,2016,116.0,116.0,1
2016-07-03,2016,98.0,98.0,0
2016-07-04,2016,125.0,125.0,0
2016-07-05,2016,114.0,114.0,2
2016-07-06,2016,114.0,114.0,1
2016-07-07,2016,102.0,102.0,1
2016-07-08,2016,99.0,99.0,0
2016-07-09,2016,110.0,110.0,2
2016-07-10,2016,129.0,129.0,0
2016-07-11,2016,103.0,103.0,1
2016-07-12,2016,99.0,99.0,3
2016-07-13,2016,108.0,108.0,1
2016-07-14,2016,105.0,105.0,2
2016-07-15,2016,118.0,118.0,2
2016-07-16,2016,95.0,95.0,1
2016-07-17,2016,125.0,125.0,0
2016-07-18,2016,103.0,103.0,1
2016-07-19,2016,83.0,83.0,1
2016-07-20,2016,110.0,110.0,1
2016-07-21,2016,110.0,110.0,0
2016-07-22,2016,102.0,102.0,1
2016-07-23,2016,104.0,104.0,3
2016-07-24,2016,123.0,123.0,0
2016-07-25,2016,110.0,110.0,2
2016-07-26,2016,95.0,95.0,2
2016-07-27,2016,100.0,100.0,1
2016-07-28,2016,110.0,110.0,0
2016-07-29,2016,93.0,93.0,0
2016-07-30,2016,1.0,1.0,23
2016-08-01,2016,88.0,88.0,3
2016-08-02,2016,97.0,97.0,4
2016-08-03,2016,100.0,100.0,0
2016-08-04,2016,124.0,124.0,0
2016-08-05,2016,116.0,116.0,2
2016-08-06,2016,108.0,108.0,2
2016-08-07,2016,122.0,122.0,1
2016-08-08,2016,120.0,120.0,1
2016-08-09,2016,99.0,99.0,1
2016-08-10,2016,115.0,115.0,3
2016-08-11,2016,87.0,87.0,2
2016-08-12,2016,111.0,111.0,1
2016-08-13,2016,120.0,120.0,0
2016-08-14,2016,121.0,121.0,0
2016-08-15,2016,132.0,132.0,0
2016-08-16,2016,114.0,114.0,0
2016-08-17,2016,121.0,121.0,1
2016-08-18,2016,96.0,96.0,2
2016-08-19,2016,115.0,115.0,0
2016-08-20,2016,125.0,125.0,2
2016-08-21,2016,117.0,117.0,1
2016-08-22,2016,132.0,132.0,0
2016-08-23,2016,110.0,110.0,1
2016-08-24,2016,110.0,110.0,1
2016-08-25,2016,116.0,116.0,2
2016-08-26,2016,114.0,114.0,2
2016-08-27,2016,111.0,111.0,0
2016-08-28,2016,120.0,120.0,0
2016-08-29,2016,107.0,107.0,3
2016-08-30,2016,111.0,111.0,1
2016-08-31,2016,,,24
2016-09-01,2016,97.0,97.0,3
2016-09-02,2016,113.0,113.0,0
2016-09-03,2016,100.0,100.0,0
2016-09-04,2016,110.0,110.0,1
2016-09-05,2016,153.0,153.0,0
2016-09-06,2016,119.0,119.0,1
2016-09-07,2016,111.0,111.0,0
2016-09-08,2016,89.0,89.0,2
2016-09-09,2016,107.0,107.0,3
2016-09-10,2016,107.0,107.0,0
2016-09-11,2016,115.0,115.0,1
2016-09-12,2016,132.0,132.0,2
2016-09-13,2016,115.0,115.0,0
2016-09-14,2016,99.0,99.0,4
2016-09-15,2016,121.0,121.0,0
2016-09-16,2016,122.0,122.0,0
2016-09-17,2016,97.0,97.0,0
2016-09-18,2016,130.0,130.0,1
2016-09-19,2016,124.0,124.0,0
2016-09-20,2016,119.0,119.0,4
2016-09-21,2016,115.0,115.0,2
2016-09-22,2016,100.0,100.0,1
2016-09-23,2016,100.0,100.0,1
2016-09-24,2016,112.0,112.0,1
2016-09-25,2016,137.0,137.0,1
2016-09-26,2016,91.0,91.0,2
2016-09-27,2016,93.0,93.0,1
2016-09-28,2016,105.0,105.0,2
2016-09-29,2016,92.0,92.0,4
2016-10-01,2016,119.0,119.0,2
2016-10-02,2016,113.0,113.0,2
2016-10-03,2016,123.0,123.0,0
2016-10-04,2016,95.0,95.0,2
2016-10-05,2016,94.0,94.0,1
2016-10-06,2016,99.0,99.0,2
2016-10-07,2016,93.0,93.0,0
2016-10-08,2016,116.0,116.0,0
2016-10-09,2016,111.0,111.0,1
2016-10-10,2016,94.0,94.0,1
2016-10-11,2016,90.0,90.0,3
2016-10-12,2016,128.0,128.0,1
2016-10-13,2016,106.0,106.0,2
2016-10-14,2016,107.0,107.0,2
2016-10-15,2016,108.0,108.0,1
2016-10-16,2016,114.0,114.0,0
2016-10-17,2016,128.0,128.0,0
2016-10-18,2016,93.0,93.0,1
2016-10-19,2016,110.0,110.0,2
2016-10-20,2016,103.0,103.0,3
2016-10-21,2016,93.0,93.0,3
2016-10-22,2016,120.0,120.0,0
2016-10-23,2016,103.0,103.0,0
2016-10-24,2016,105.0,105.0,1
2016-10-25,2016,106.0,106.0,2
2016-10-26,2016,115.0,115.0,0
2016-10-27,2016,94.0,94.0,3
2016-10-28,2016,109.0,109.0,1
2016-10-29,2016,100.0,100.0,1
2016-10-30,2016,87.0,87.0,1
2016-11-01,2016,108.0,108.0,1
2016-11-02,2016,108.0,108.0,1
2016-11-03,2016,103.0,103.0,2
2016-11-04,2016,109.0,109.0,1
2016-11-05,2016,96.0,96.0,1
2016-11-06,2016,111.0,111.0,1
2016-11-07,2016,116.0,116.0,3
2016-11-08,2016,100.0,100.0,1
2016-11-09,2016,111.0,111.0,1
2016-11-10,2016,90.0,90.0,2
2016-11-11,2016,83.0,83.0,2
2016-11-12,2016,99.0,99.0,0
2016-11-13,2016,100.0,100.0,1
2016-11-14,2016,111.0,111.0,3
2016-11-15,2016,99.0,99.0,2
2016-11-16,2016,104.0,104.0,1
2016-11-17,2016,121.0,121.0,0
2016-11-18,2016,98.0,98.0,1
2016-11-19,2016,117.0,117.0,1
2016-11-20,2016,120.0,120.0,1
2016-11-21,2016,116.0,116.0,0
2016-11-22,2016,98.0,98.0,1
2016-11-23,2016,108.0,108.0,1
2016-11-24,2016,89.0,89.0,1
2016-11-25,2016,110.0,110.0,2
2016-11-26,2016,115.0,115.0,0
2016-11-27,2016,122.0,122.0,0
2016-11-28,2016,130.0,130.0,0
2016-11-29,2016,120.0,120.0,1
2016-11-30,2016,,,24
2016-12-01,2016,90.0,90.0,1
2016-12-02,2016,103.0,103.0,1
2016-12-03,2016,111.0,111.0,0
2016-12-04,2016,105.0,105.0,0
2016-12-05,2016,100.0,100.0,2
2016-12-06,2016,99.0,99.0,1
2016-12-07,2016,101.0,101.0,2
2016-12-08,2016,107.0,107.0,3
2016-12-09,2016,103.0,103.0,0
2016-12-10,2016,105.0,105.0,0
2016-12-11,2016,101.0,101.0,1
2016-12-12,2016,128.0,128.0,0
2016-12-13,2016,99.0,99.0,2
2016-12-14,2016,80.0,80.0,4
2016-12-15,2016,100.0,100.0,1
2016-12-16,2016,98.0,98.0,0
2016-12-17,2016,83.0,83.0,3
2016-12-18,2016,98.0,98.0,1
2016-12-19,2016,113.0,113.0,2
2016-12-20,2016,115.0,115.0,2
2016-12-21,2016,116.0,116.0,2
2016-12-22,2016,99.0,99.0,0
2016-12-23,2016,98.0,98.0,2
2016-12-24,2016,120.0,120.0,1
2016-12-25,2016,120.0,120.0,1
2016-12-26,2016,141.0,141.0,1
2016-12-27,2016,129.0,129.0,0
2016-12-28,2016,135.0,135.0,0
2016-12-29,2016,92.0,92.0,1
2016-12-30,2016,110.0,110.0,3
2017-01-01,2017,136.0,136.0,1
2017-01-02,2017,134.0,134.0,0
2017-01-03,2017,131.0,131.0,0
2017-01-04,2017,114.0,114.0,3
2017-01-05,2017,108.0,108.0,1
2017-01-06,2017,106.0,106.0,1
2017-01-07,2017,121.0,121.0,2
2017-01-08,2017,100.0,100.0,0
2017-01-09,2017,127.0,127.0,0
2017-01-10,2017,109.0,109.0,0
2017-01-11,2017,107.0,107.0,1
2017-01-12,2017,101.0,101.0,1
2017-01-13,2017,99.0,99.0,1
2017-01-14,2017,123.0,123.0,0
2017-01-15,2017,119.0,119.0,2
2017-01-16,2017,94.0,94.0,2
2017-01-17,2017,130.0,130.0,0
2017-01-18,2017,140.0,140.0,1
2017-01-19,2017,125.0,125.0,0
2017-01-20,2017,126.0,126.0,3
2017-01-21,2017,112.0,112.0,0
2017-01-22,2017,112.0,112.0,0
2017-01-23,2017,117.0,117.0,0
2017-01-24,2017,114.0,114.0,2
2017-01-25,2017,87.0,87.0,1
2017-01-26,2017,124.0,124.0,1
2017-01-27,2017,115.0,115.0,1
2017-01-28,2017,89.0,89.0,1
2017-01-29,2017,121.0,121.0,0
2017-01-30,2017,129.0,129.0,1
2017-02-01,2017,92.0,92.0,1
2017-02-02,2017,85.0,85.0,2
2017-02-03,2017,116.0,116.0,2
2017-02-04,2017,121.0,121.0,0
2017-02-05,2017,117.0,117.0,1
2017-02-06,2017,123.0,123.0,1
2017-02-07,2017,98.0,98.0,2
2017-02-08,2017,110.0,110.0,0
2017-02-09,2017,117.0,117.0,1
2017-02-10,2017,119.0,119.0,0
2017-02-11,2017,119.0,119.0,0
2017-02-12,2017,115.0,115.0,2
2017-02-13,2017,122.0,122.0,0
2017-02-14,2017,107.0,107.0,0
2017-02-15,2017,104.0,104.0,1
2017-02-16,2017,92.0,92.0,1
2017-02-17,2017,139.0,139.0,1
2017-02-18,2017,123.0,123.0,0
2017-02-19,2017,125.0,125.0,1
2017-02-20,2017,102.0,102.0,0
2017-02-21,2017,106.0,106.0,1
2017-02-22,2017,127.0,127.0,0
2017-02-23,2017,116.0,116.0,1
2017-02-24,2017,97.0,97.0,1
2017-02-25,2017,106.0,106.0,0
2017-02-26,2017,125.0,125.0,1
2017-02-27,2017,120.0,120.0,1
2017-02-28,2017,,,24
2017-03-01,2017,78.0,78.0,1
2017-03-02,2017,91.0,91.0,1
2017-03-03,2017,117.0,117.0,0
2017-03-04,2017,99.0,99.0,4
2017-03-05,2017,106.0,106.0,1
2017-03-06,2017,127.0,127.0,1
2017-03-07,2017,103.0,103.0,2
2017-03-08,2017,108.0,108.0,0
2017-03-09,2017,107.0,107.0,1
2017-03-10,2017,86.0,86.0,2
2017-03-11,2017,89.0,89.0,0
2017-03-12,2017,100.0,100.0,2
2017-03-13,2017,103.0,103.0,1
2017-03-14,2017,108.0,108.0,1
2017-03-15,2017,102.0,102.0,1
2017-03-16,2017,96.0,96.0,3
2017-03-17,2017,75.0,75.0,4
2017-03-18,2017,131.0,131.0,1
2017-03-19,2017,116.0,116.0,2
2017-03-20,2017,139.0,139.0,0
2017-03-21,2017,108.0,108.0,1
2017-03-22,2017,98.0,98.0,1
2017-03-23,2017,127.0,127.0,1
2017-03-24,2017,117.0,117.0,1
2017-03-25,2017,84.0,84.0,0
2017-03-26,2017,115.0,115.0,0
2017-03-27,2017,134.0,134.0,1
2017-03-28,2017,133.0,133.0,0
2017-03-29,2017,102.0,102.0,2
2017-03-30,2017,94.0,94.0,1
2017-04-01,2017,109.0,109.0,0
2017-04-02,2017,119.0,119.0,1
2017-04-03,2017,117.0,117.0,1
2017-04-04,2017,112.0,112.0,1
2017-04-05,2017,128.0,128.0,1
2017-04-06,2017,131.0,131.0,0
2017-04-07,2017,108.0,108.0,3
2017-04-08,2017,121.0,121.0,0
2017-04-09,2017,100.0,100.0,1
2017-04-10,2017,130.0,130.0,0
2017-04-11,2017,116.0,116.0,1
2017-04-12,2017,108.0,108.0,2
2017-04-13,2017,108.0,108.0,0
2017-04-14,2017,131.0,131.0,1
2017-04-15,2017,115.0,115.0,0
2017-04-16,2017,131.0,131.0,0
2017-04-17,2017,131.0,131.0,1
2017-04-18,2017,96.0,96.0,1
2017-04-19,2017,119.0,119.0,0
2017-04-20,2017,116.0,116.0,0
2017-04-21,2017,116.0,116.0,1
2017-04-22,2017,126.0,126.0,0
2017-04-23,2017,128.0,128.0,0
2017-04-24,2017,118.0,118.0,1
2017-04-25,2017,114.0,114.0,0
2017-04-26,2017,120.0,120.0,1
2017-04-27,2017,87.0,87.0,0
2017-04-28,2017,107.0,107.0,1
2017-04-29,2017,98.0,98.0,1
2017-04-30,2017,,,24
2017-05-01,2017,120.0,120.0,2
2017-05-02,2017,103.0,103.0,2
2017-05-03,2017,110.0,110.0,1
2017-05-04,2017,107.0,107.0,0
2017-05-05,2017,103.0,103.0,1
2017-05-06,2017,110.0,110.0,2
2017-05-07,2017,113.0,113.0,1
2017-05-08,2017,118.0,118.0,2
2017-05-09,2017,113.0,113.0,5
2017-05-10,2017,109.0,109.0,0
2017-05-11,2017,112.0,112.0,1
2017-05-12,2017,115.0,115.0,2
2017-05-13,2017,97.0,97.0,1
2017-05-14,2017,120.0,120.0,1
2017-05-15,2017,120.0,120.0,1
2017-05-16,2017,110.0,110.0,1
2017-05-17,2017,128.0,128.0,0
2017-05-18,2017,125.0,125.0,1
2017-05-19,2017,116.0,116.0,1
2017-05-20,2017,104.0,104.0,1
2017-05-21,2017,113.0,113.0,1
2017-05-22,2017,112.0,112.0,0
2017-05-23,2017,125.0,125.0,0
2017-05-24,2017,130.0,130.0,0
2017-05-25,2017,116.0,116.0,2
2017-05-26,2017,115.0,115.0,0
2017-05-27,2017,116.0,116.0,0
2017-05-28,2017,120.0,120.0,0
2017-05-29,2017,120.0,120.0,0
2017-05-30,2017,137.0,137.0,0
2017-06-01,2017,106.0,106.0,0
2017-06-02,2017,119.0,119.0,2
2017-06-03,2017,126.0,126.0,0
2017-06-04,2017,126.0,126.0,2
2017-06-05,2017,109.0,109.0,2
2017-06-06,2017,117.0,117.0,1
2017-06-07,2017,125.0,125.0,0
2017-06-08,2017,116.0,116.0,1
2017-06-09,2017,120.0,120.0,1
2017-06-10,2017,129.0,129.0,0
2017-06-11,2017,113.0,113.0,1
2017-06-12,2017,109.0,109.0,1
2017-06-13,2017,132.0,132.0,0
2017-06-14,2017,120.0,120.0,0
2017-06-15,2017,108.0,108.0,2
2017-06-16,2017,118.0,118.0,1
2017-06-17,2017,130.0,130.0,2
2017-06-18,2017,119.0,119.0,2
2017-06-19,2017,128.0,128.0,0
2017-06-20,2017,118.0,118.0,1
2017-06-21,2017,93.0,93.0,1
2017-06-22,2017,114.0,114.0,1
2017-06-23,2017,124.0,124.0,0
2017-06-24,2017,116.0,116.0,1
2017-06-25,2017,132.0,132.0,0
2017-06-26,2017,126.0,126.0,0
2017-06-27,2017,123.0,123.0,0
2017-06-28,2017,104.0,104.0,2
2017-06-29,2017,119.0,119.0,1
2017-07-01,2017,96.0,96.0,0
2017-07-02,2017,118.0,118.0,1
2017-07-03,2017,111.0,111.0,1
2017-07-04,2017,110.0,110.0,0
2017-07-05,2017,124.0,124.0,1
2017-07-06,2017,110.0,110.0,0
2017-07-07,2017,112.0,112.0,1
2017-07-08,2017,118.0,118.0,1
2017-07-09,2017,128.0,128.0,1
2017-07-10,2017,151.0,151.0,0
2017-07-11,2017,103.0,103.0,2
2017-07-12,2017,112.0,112.0,0
2017-07-13,2017,117.0,117.0,1
2017-07-14,2017,130.0,130.0,1
2017-07-15,2017,125.0,125.0,0
2017-07-16,2017,137.0,137.0,0
2017-07-17,2017,122.0,122.0,3
2017-07-18,2017,124.0,124.0,0
2017-07-19,2017,114.0,114.0,2
2017-07-20,2017,107.0,107.0,1
2017-07-21,2017,93.0,93.0,4
2017-07-22,2017,121.0,121.0,1
2017-07-23,2017,113.0,113.0,1
2017-07-24,2017,134.0,134.0,1
2017-07-25,2017,102.0,102.0,1
2017-07-26,2017,101.0,101.0,3
2017-07-27,2017,97.0,97.0,0
2017-07-28,2017,108.0,108.0,2
2017-07-29,2017,137.0,137.0,0
2017-07-30,2017,125.0,125.0,0
2017-08-01,2017,123.0,123.0,2
2017-08-02,2017,112.0,112.0,2
2017-08-03,2017,110.0,110.0,2
2017-08-04,2017,110.0,110.0,1
2017-08-05,2017,126.0,126.0,1
2017-08-06,2017,122.0,122.0,0
2017-08-07,2017,129.0,129.0,1
2017-08-08,2017,100.0,100.0,3
2017-08-09,2017,112.0,112.0,0
2017-08-10,2017,122.0,122.0,1
2017-08-11,2017,112.0,112.0,1
2017-08-12,2017,120.0,120.0,1
2017-08-13,2017,123.0,123.0,1
2017-08-14,2017,124.0,124.0,1
2017-08-15,2017,116.0,116.0,2
2017-08-16,2017,128.0,128.0,1
2017-08-17,2017,112.0,112.0,2
2017-08-18,2017,108.0,108.0,1
2017-08-19,2017,130.0,130.0,1
2017-08-20,2017,122.0,122.0,1
2017-08-21,2017,113.0,113.0,2
2017-08-22,2017,113.0,113.0,2
2017-08-23,2017,95.0,95.0,1
2017-08-24,2017,94.0,94.0,3
2017-08-25,2017,118.0,118.0,1
2017-08-26,2017,119.0,119.0,1
2017-08-27,2017,128.0,128.0,1
2017-08-28,2017,129.0,129.0,0
2017-08-29,2017,109.0,109.0,2
2017-08-30,2017,113.0,113.0,2
2017-08-31,2017,,,24
2017-09-01,2017,117.0,117.0,2
2017-09-02,2017,107.0,107.0,0
2017-09-03,2017,127.0,127.0,2
2017-09-04,2017,131.0,131.0,1
2017-09-05,2017,123.0,123.0,0
2017-09-06,2017,123.0,123.0,0
2017-09-07,2017,93.0,93.0,3
2017-09-08,2017,127.0,127.0,0
2017-09-09,2017,102.0,102.0,2
2017-09-10,2017,128.0,128.0,2
2017-09-11,2017,116.0,116.0,0
2017-09-12,2017,145.0,145.0,1
2017-09-13,2017,129.0,129.0,1
2017-09-14,2017,117.0,117.0,0
2017-09-15,2017,124.0,124.0,1
2017-09-16,2017,114.0,114.0,0
2017-09-17,2017,135.0,135.0,1
2017-09-18,2017,120.0,120.0,1
2017-09-19,2017,116.0,116.0,4
2017-09-20,2017,136.0,136.0,0
2017-09-21,2017,132.0,132.0,3
2017-09-22,2017,118.0,118.0,2
2017-09-23,2017,106.0,106.0,0
2017-09-24,2017,114.0,114.0,1
2017-09-25,2017,129.0,129.0,0
2017-09-26,2017,120.0,120.0,0
2017-09-27,2017,105.0,105.0,2
2017-09-28,2017,100.0,100.0,1
2017-09-29,2017,111.0,111.0,0
2017-10-01,2017,109.0,109.0,1
2017-10-02,2017,141.0,141.0,0
2017-10-03,2017,101.0,101.0,2
2017-10-04,2017,127.0,127.0,0
2017-10-05,2017,128.0,128.0,1
2017-10-06,2017,106.0,106.0,2
2017-10-07,2017,123.0,123.0,0
2017-10-08,2017,122.0,122.0,1
2017-10-09,2017,127.0,127.0,0
2017-10-10,2017,86.0,86.0,3
2017-10-11,2017,126.0,126.0,2
2017-10-12,2017,91.0,91.0,2
2017-10-13,2017,96.0,96.0,2
2017-10-14,2017,117.0,117.0,1
2017-10-15,2017,114.0,114.0,0
2017-10-16,2017,137.0,137.0,1
2017-10-17,2017,121.0,121.0,1
2017-10-18,2017,126.0,126.0,0
2017-10-19,2017,104.0,104.0,2
2017-10-20,2017,114.0,114.0,0
2017-10-21,2017,112.0,112.0,1
2017-10-22,2017,93.0,93.0,0
2017-10-23,2017,132.0,132.0,0
2017-10-24,2017,95.0,95.0,0
2017-10-25,2017,116.0,116.0,1
2017-10-26,2017,100.0,100.0,2
2017-10-27,2017,108.0,108.0,2
2017-10-28,2017,108.0,108.0,0
2017-10-29,2017,113.0,113.0,2
2017-10-30,2017,124.0,124.0,1
2017-11-01,2017,102.0,102.0,2
2017-11-02,2017,110.0,110.0,1
2017-11-03,2017,125.0,125.0,0
2017-11-04,2017,101.0,101.0,1
2017-11-05,2017,126.0,126.0,0
2017-11-06,2017,103.0,103.0,2
2017-11-07,2017,102.0,102.0,1
2017-11-08,2017,93.0,93.0,4
2017-11-09,2017,101.0,101.0,2
2017-11-10,2017,103.0,103.0,0
2017-11-11,2017,131.0,131.0,0
2017-11-12,2017,101.0,101.0,2
2017-11-13,2017,111.0,111.0,2
2017-11-14,2017,129.0,129.0,1
2017-11-15,2017,109.0,109.0,0
2017-11-16,2017,104.0,104.0,0
2017-11-17,2017,127.0,127.0,2
2017-11-18,2017,128.0,128.0,2
2017-11-19,2017,113.0,113.0,0
2017-11-20,2017,123.0,123.0,2
2017-11-21,2017,117.0,117.0,0
2017-11-22,2017,99.0,99.0,1
2017-11-23,2017,106.0,106.0,0
2017-11-24,2017,126.0,126.0,0
2017-11-25,2017,121.0,121.0,2
2017-11-26,2017,135.0,135.0,0
2017-11-27,2017,122.0,122.0,2
2017-11-28,2017,109.0,109.0,2
2017-11-29,2017,140.0,140.0,0
2017-11-30,2017,,,24
2017-12-01,2017,112.0,112.0,0
2017-12-02,2017,116.0,116.0,0
2017-12-03,2017,130.0,130.0,0
2017-12-04,2017,135.0,135.0,1
2017-12-05,2017,113.0,113.0,0
2017-12-06,2017,91.0,91.0,0
2017-12-07,2017,108.0,108.0,1
2017-12-08,2017,110.0,110.0,1
2017-12-09,2017,121.0,121.0,0
2017-12-10,2017,97.0,97.0,1
2017-12-11,2017,112.0,112.0,2
2017-12-12,2017,103.0,103.0,0
2017-12-13,2017,117.0,117.0,1
2017-12-14,2017,110.0,110.0,0
2017-12-15,2017,119.0,119.0,0
2017-12-16,2017,135.0,135.0,0
2017-12-17,2017,98.0,98.0,2
2017-12-18,2017,118.0,118.0,2
2017-12-19,2017,108.0,108.0,0
2017-12-20,2017,101.0,101.0,1
2017-12-21,2017,108.0,108.0,2
2017-12-22,2017,92.0,92.0,0
2017-12-23,2017,129.0,129.0,0
2017-12-24,2017,97.0,97.0,0
2017-12-25,2017,119.0,119.0,0
2017-12-26,2017,130.0,130.0,2
2017-12-27,2017,111.0,111.0,2
2017-12-28,2017,106.0,106.0,2
2017-12-29,2017,119.0,119.0,0
2017-12-30,2017,114.0,114.0,3
