path,format,bytes
.gitignore,,315
Dataset/doi_10_5061_dryad_q57d4g4__v20200311/Supplementary+file+1.xlsx,.xlsx,268031
Dataset/mimic-iv-ed-demo-2.2/diagnosis.csv/diagnosis.csv,.csv,32257
Dataset/mimic-iv-ed-demo-2.2/edstays.csv/edstays.csv,.csv,21401
Dataset/mimic-iv-ed-demo-2.2/LICENSE.txt,.txt,25815
Dataset/mimic-iv-ed-demo-2.2/medrecon.csv/medrecon.csv,.csv,350275
Dataset/mimic-iv-ed-demo-2.2/pyxis.csv/pyxis.csv,.csv,75360
Dataset/mimic-iv-ed-demo-2.2/SHA256SUMS.txt,.txt,577
Dataset/mimic-iv-ed-demo-2.2/triage.csv/triage.csv,.csv,13366
Dataset/mimic-iv-ed-demo-2.2/vitalsign.csv/vitalsign.csv,.csv,63130
Dataset/processed/dryad_observed_hourly.csv,.csv,868136
Documentation/build_documentation.py,.py,50969
Documentation/METHODS.md,.md,5708
Documentation/PHASE_DECISIONS.md,.md,2416
Documentation/PROJECT_AUDIT.md,.md,4524
Documentation/SIMULATION_INPUT_REVIEW.md,.md,3949
EDA/analysis.sql,.sql,2019
EDA/audit_careflow.py,.py,17117
EDA/LEARNING_GUIDE.md,.md,5059
EDA/outputs/arrival_patterns.png,.png,155444
EDA/outputs/audit_summary.json,.json,275
EDA/outputs/careflow.sqlite,.sqlite,4296704
EDA/outputs/column_quality.csv,.csv,2125
EDA/outputs/computed_report.md,.md,23714
EDA/outputs/dryad_by_hour.csv,.csv,1512
EDA/outputs/dryad_by_month.csv,.csv,811
EDA/outputs/dryad_by_weekday.csv,.csv,516
EDA/outputs/dryad_by_year.csv,.csv,344
EDA/outputs/dryad_calendar_months.csv,.csv,1978
EDA/outputs/dryad_calendar_observed.csv,.csv,1583580
EDA/outputs/dryad_daily.csv,.csv,42815
EDA/outputs/dryad_distributions.csv,.csv,356
EDA/outputs/dryad_future_window_totals.csv,.csv,325
EDA/outputs/dryad_hourly.csv,.csv,1999629
EDA/outputs/dryad_lag_correlations.csv,.csv,214
EDA/outputs/dryad_low_day_sensitivity.csv,.csv,234
EDA/outputs/dryad_missing_dates.csv,.csv,534
EDA/outputs/dryad_observed_by_hour.csv,.csv,2119
EDA/outputs/dryad_observed_by_month.csv,.csv,1101
EDA/outputs/dryad_observed_by_weekday.csv,.csv,675
EDA/outputs/dryad_observed_by_weekend.csv,.csv,257
EDA/outputs/dryad_observed_by_year.csv,.csv,428
EDA/outputs/dryad_observed_forecasting_coverage.csv,.csv,422
EDA/outputs/dryad_observed_lag_correlations.csv,.csv,227
EDA/outputs/dryad_observed_rolling.csv,.csv,1040512
EDA/outputs/dryad_observed_weekday_hour.csv,.csv,8198
EDA/outputs/dryad_one_arrival_days.csv,.csv,161
EDA/outputs/dryad_reconciliation.csv,.csv,73921
EDA/outputs/dryad_retrospective_high_screen.csv,.csv,1455248
EDA/outputs/mimic_acuity_disposition.csv,.csv,201
EDA/outputs/mimic_arrival_hour_sample.csv,.csv,157
EDA/outputs/mimic_by_acuity.csv,.csv,518
EDA/outputs/mimic_by_arrival_transport.csv,.csv,455
EDA/outputs/mimic_by_disposition.csv,.csv,674
EDA/outputs/mimic_by_gender.csv,.csv,264
EDA/outputs/mimic_by_race.csv,.csv,1206
EDA/outputs/mimic_candidate_keys.csv,.csv,181
EDA/outputs/mimic_cluster_uncertainty.csv,.csv,3147
EDA/outputs/mimic_diagnosis_counts.csv,.csv,13020
EDA/outputs/mimic_disposition_hadm.csv,.csv,163
EDA/outputs/mimic_empirical_joint_distribution.csv,.csv,1363
EDA/outputs/mimic_event_coverage_timing.csv,.csv,477
EDA/outputs/mimic_integrity.csv,.csv,750
EDA/outputs/mimic_los_distribution.csv,.csv,227
EDA/outputs/mimic_los_histogram.csv,.csv,162
EDA/outputs/mimic_medrecon_key_collision_types.csv,.csv,82
EDA/outputs/mimic_medrecon_names.csv,.csv,11828
EDA/outputs/mimic_missing_code_sentinels.csv,.csv,118
EDA/outputs/mimic_numeric_profiles.csv,.csv,1967
EDA/outputs/mimic_pain_rhythm_values.csv,.csv,1646
EDA/outputs/mimic_patient_stay_counts.csv,.csv,105
EDA/outputs/mimic_pyxis_names.csv,.csv,6621
EDA/outputs/patient_flow.png,.png,51539
EDA/outputs/project_file_inventory.csv,.csv,6665
EDA/outputs/source_manifest.csv,.csv,1145
EDA/outputs/sql_arrivals_by_hour.csv,.csv,1350
EDA/outputs/sql_event_coverage.csv,.csv,238
EDA/outputs/sql_integrity.csv,.csv,119
EDA/outputs/sql_los_by_acuity.csv,.csv,208
EDA/outputs/summary.json,.json,1076
EDA/outputs/table_inventory.csv,.csv,150
EDA/patient_flow.py,.py,3581
EDA/requirements.txt,.txt,66
EDA/run_eda.py,.py,24805
EDA/verify_audit.py,.py,2151
EDA/verify_eda.py,.py,3422
Forecasting/outputs/archival_forecast_path.csv,.csv,2435
Forecasting/outputs/coefficients.csv,.csv,92290
Forecasting/outputs/error_segments.csv,.csv,8086
Forecasting/outputs/interval_coverage.csv,.csv,183
Forecasting/outputs/methodology.json,.json,1361
Forecasting/outputs/model_metrics.csv,.csv,61779
Forecasting/outputs/monthly_test_metrics.csv,.csv,1789
Forecasting/outputs/paired_error_comparison.csv,.csv,149
Forecasting/outputs/predictions.csv,.csv,7720840
Forecasting/outputs/selected_models.csv,.csv,3809
Forecasting/outputs/split_manifest.csv,.csv,12159
Forecasting/run_forecasting.py,.py,14290
README.md,.md,20376
requirements.txt,.txt,81
run_all.py,.py,703
Simulation/outputs/scenario_summary.csv,.csv,20252
Simulation/outputs/simulation_runs.csv,.csv,191637
Simulation/outputs/simulation_timeline.csv,.csv,33185
Simulation/outputs/validation.json,.json,924
Simulation/outputs/warmup_sensitivity.csv,.csv,31094
Simulation/run_simulation.py,.py,12170
Simulation/scenario_inputs.json,.json,3530
Tableau/dashboard_data/acuity_disposition.csv,.csv,1318
Tableau/dashboard_data/column_quality.csv,.csv,2123
Tableau/dashboard_data/dataset_manifest.csv,.csv,1825
Tableau/dashboard_data/demand_heatmap.csv,.csv,8231
Tableau/dashboard_data/demand_hour.csv,.csv,1468
Tableau/dashboard_data/demand_month.csv,.csv,2971
Tableau/dashboard_data/demand_week.csv,.csv,11955
Tableau/dashboard_data/field_catalog.csv,.csv,5094
Tableau/dashboard_data/forecast_backtest.csv,.csv,7674340
Tableau/dashboard_data/forecast_errors.csv,.csv,8050
Tableau/dashboard_data/forecast_intervals.csv,.csv,183
Tableau/dashboard_data/forecast_path.csv,.csv,2434
Tableau/dashboard_data/hourly_demand.csv,.csv,1583580
Tableau/dashboard_data/los_histogram.csv,.csv,162
Tableau/dashboard_data/model_metrics.csv,.csv,61235
Tableau/dashboard_data/patient_flow.csv,.csv,3140
Tableau/dashboard_data/README.md,.md,1441
Tableau/dashboard_data/selected_models.csv,.csv,3786
Tableau/dashboard_data/simulation_scenarios.csv,.csv,19974
Tableau/dashboard_data/simulation_timeline.csv,.csv,32566
Tableau/dashboard_data/table_inventory.csv,.csv,150
Tableau/dashboard_queries.sql,.sql,1635
Tableau/dashboard_spec/00_BUILD_GUIDE.md,.md,4187
Tableau/dashboard_spec/01_ED_COMMAND_CENTER.md,.md,1904
Tableau/dashboard_spec/02_DEMAND_PATTERNS.md,.md,1902
Tableau/dashboard_spec/03_PATIENT_FLOW.md,.md,1975
Tableau/dashboard_spec/04_FORECAST_PERFORMANCE.md,.md,2115
Tableau/dashboard_spec/05_BOTTLENECK_INTELLIGENCE.md,.md,1880
Tableau/dashboard_spec/06_INTERVENTION_LAB.md,.md,2154
Tableau/dashboard_spec/07_DATA_AND_METHODOLOGY.md,.md,1987
Tableau/mockups/01_ed_command_center.png,.png,132491
Tableau/mockups/02_demand_patterns.png,.png,135445
Tableau/mockups/03_patient_flow.png,.png,107111
Tableau/mockups/04_forecast_performance.png,.png,143718
Tableau/mockups/05_bottleneck_intelligence.png,.png,134545
Tableau/mockups/06_intervention_lab.png,.png,111349
Tableau/mockups/07_data_and_methodology.png,.png,136241
Tableau/prepare_data.py,.py,5482
Tableau/render_mockups.py,.py,18926
validate_project.py,.py,10655
