path,bytes,sha256
Dataset\doi_10_5061_dryad_q57d4g4__v20200311\Supplementary+file+1.xlsx,268031,6e9f8a4386fd05103e6f95add37ec62df3a7709efb3335d466b06ce75ad5e34f
Dataset\mimic-iv-ed-demo-2.2\diagnosis.csv\diagnosis.csv,32257,3aa6807be1d6c13cc9b966d5a8a156b7b93ef7ad2d60ae442c5313553b131eeb
Dataset\mimic-iv-ed-demo-2.2\edstays.csv\edstays.csv,21401,42d912546ef8f514df020f554000ab3e14788ef369d088334dee21cb51be50b7
Dataset\mimic-iv-ed-demo-2.2\LICENSE.txt,25815,bcdfcd4f31c790e30fb645dc36414907172405897adff329ad379eed85d12017
Dataset\mimic-iv-ed-demo-2.2\medrecon.csv\medrecon.csv,350275,dcce54a2b4bd975c7d626ecb1aa3116a7176fb49ac90e0961b12df5a7eb39ffe
Dataset\mimic-iv-ed-demo-2.2\pyxis.csv\pyxis.csv,75360,6f8c701bf7969efa6a93923eb293d78203fe0ea90547e512d0db2551a853d0c0
Dataset\mimic-iv-ed-demo-2.2\SHA256SUMS.txt,577,0622cbe82d3fd9def18d1b910bb1082b92c025bb5c2ec60e1c6042154274cb81
Dataset\mimic-iv-ed-demo-2.2\triage.csv\triage.csv,13366,a0418ccaeaf9ac6c1528ce3c68df83f45e391f98819013ee37f6ee864c6fbb76
Dataset\mimic-iv-ed-demo-2.2\vitalsign.csv\vitalsign.csv,63130,1e40a201effb0a8a72f4553b72c3666700b8dbae5082af06eafd61cd9d5bdaa2
