scenario,mean_hourly_arrival_rate,expected_treatment_resource_hours_per_arrival,treatment_capacity,average_offered_load_ratio,interpretation,record_type
baseline,3.9258436660876854,3.3513513513513513,16,0.8223050922210693,below_average_capacity_not_proof_of_short_waits,derived_from_hypothetical_inputs
treatment_capacity_20,3.9258436660876854,3.3513513513513513,20,0.6578440737768554,below_average_capacity_not_proof_of_short_waits,derived_from_hypothetical_inputs
triage_capacity_3,3.9258436660876854,3.3513513513513513,16,0.8223050922210693,below_average_capacity_not_proof_of_short_waits,derived_from_hypothetical_inputs
boarding_duration_half,3.9258436660876854,2.6756756756756754,16,0.656517775241015,below_average_capacity_not_proof_of_short_waits,derived_from_hypothetical_inputs
treatment_duration_minus20pct,3.9258436660876854,2.9513513513513514,16,0.7241590005688772,below_average_capacity_not_proof_of_short_waits,derived_from_hypothetical_inputs
capacity_12_sensitivity,3.9258436660876854,3.3513513513513513,12,1.0964067896280925,average_load_exceeds_capacity_no_periodic_steady_state,derived_from_hypothetical_inputs
treatment_duration_plus25pct,3.9258436660876854,3.8513513513513513,16,0.9449877067863094,below_average_capacity_not_proof_of_short_waits,derived_from_hypothetical_inputs
boarding_duration_plus50pct,3.9258436660876854,4.027027027027027,16,0.9880924092011236,below_average_capacity_not_proof_of_short_waits,derived_from_hypothetical_inputs
arrival_multiplier_0.8,3.1406749328701484,3.3513513513513513,16,0.6578440737768554,below_average_capacity_not_proof_of_short_waits,derived_from_hypothetical_inputs
arrival_multiplier_1.2,4.711012399305222,3.3513513513513513,16,0.986766110665283,below_average_capacity_not_proof_of_short_waits,derived_from_hypothetical_inputs
