scenario,metric,mean,mean_lower95,mean_upper95,run_p05,run_p95,change_vs_baseline,change_lower95,change_upper95,replications,comparison,record_type
baseline,mean_wait_hours,0.635754239345109,0.5145975222353808,0.7752219103257965,0.07352290922815725,1.894896159158392,0.0,0.0,0.0,80,paired_common_inputs,hypothetical_simulation_output
baseline,p90_wait_hours,1.5386231772240688,1.2890061424268011,1.8085336833080436,0.16350712849276552,3.7532538717698745,0.0,0.0,0.0,80,paired_common_inputs,hypothetical_simulation_output
baseline,mean_queue,2.6218773037017797,2.1403569714486683,3.1543342266176913,0.24839169974612732,7.09462485211398,0.0,0.0,0.0,80,paired_common_inputs,hypothetical_simulation_output
baseline,mean_occupancy,16.22821529402856,15.553161051275671,16.913773289342757,12.131385642207343,21.150990221600445,0.0,0.0,0.0,80,paired_common_inputs,hypothetical_simulation_output
baseline,exits,95.9375,93.79968749999999,98.225,81.0,116.0,0.0,0.0,0.0,80,paired_common_inputs,hypothetical_simulation_output
baseline,treatment_utilization,0.8173524630215205,0.8005073386972044,0.8359757861588842,0.6932003062530689,0.9553306445100374,0.0,0.0,0.0,80,paired_common_inputs,hypothetical_simulation_output
baseline,triage_utilization,0.2643492909912258,0.25865295857019416,0.2704476569448041,0.22642336387367717,0.3127536754053978,0.0,0.0,0.0,80,paired_common_inputs,hypothetical_simulation_output
baseline,mean_time_in_system_hours,4.084902002851274,3.9158507303102525,4.254588584664471,3.1741236687107683,5.4465401279946635,0.0,0.0,0.0,80,paired_common_inputs,hypothetical_simulation_output
baseline,ending_census,17.675,16.15,19.2628125,8.95,32.05,0.0,0.0,0.0,80,paired_common_inputs,hypothetical_simulation_output
treatment_capacity_20,mean_wait_hours,0.10082387271698916,0.06537412189611204,0.14309419919139993,0.004203279174721787,0.4487294459297927,-0.5349303666281198,-0.6322601905886893,-0.44076721620285053,80,paired_common_inputs,hypothetical_simulation_output
treatment_capacity_20,p90_wait_hours,0.3112719768193853,0.2100173194458125,0.4251209138450971,0.0,1.3198720890305042,-1.2273512004046834,-1.4049710823953665,-1.046150420159044,80,paired_common_inputs,hypothetical_simulation_output
treatment_capacity_20,mean_queue,0.42303311078059946,0.2739626445332157,0.6062857225923918,0.016076197455419994,1.6961434645180442,-2.1988441929211797,-2.571825002997632,-1.82511582906092,80,paired_common_inputs,hypothetical_simulation_output
treatment_capacity_20,mean_occupancy,13.95353149871293,13.57469188971083,14.35628715774727,11.688151584331111,17.646704969301606,-2.2746837953156294,-2.6460215951297026,-1.9150258752221516,80,paired_common_inputs,hypothetical_simulation_output
treatment_capacity_20,exits,94.375,92.525,96.3,81.9,110.0,-1.5625,-2.8878125000000003,-0.1875,80,paired_common_inputs,hypothetical_simulation_output
treatment_capacity_20,treatment_utilization,0.6500899902974939,0.6362128194429564,0.6648552118099983,0.5576451439181898,0.7485130741052243,-0.1672624727240266,-0.17791147137222027,-0.15710480682666844,80,paired_common_inputs,hypothetical_simulation_output
treatment_capacity_20,triage_utilization,0.2643492909912258,0.25849932480920906,0.2703929165204526,0.22642336387367717,0.3127536754053978,0.0,0.0,0.0,80,paired_common_inputs,hypothetical_simulation_output
treatment_capacity_20,mean_time_in_system_hours,3.549971636223154,3.4706581984013156,3.635951680135866,3.0585746457396814,4.139061833898673,-0.5349303666281197,-0.6365698935925649,-0.4383688117869325,80,paired_common_inputs,hypothetical_simulation_output
treatment_capacity_20,ending_census,13.75,12.825,14.7,8.0,21.049999999999997,-3.925,-4.925,-3.0625,80,paired_common_inputs,hypothetical_simulation_output
triage_capacity_3,mean_wait_hours,0.6296277897030763,0.5110973822573514,0.7674474021008946,0.06773193462556552,1.8914786917386062,-0.006126449642032607,-0.007394650982816209,-0.004898489070279822,80,paired_common_inputs,hypothetical_simulation_output
triage_capacity_3,p90_wait_hours,1.5256973504827092,1.2811707999843602,1.7728397092106898,0.1636316233679212,3.7548040210710427,-0.012925826741359545,-0.019640864812056662,-0.00597663967450999,80,paired_common_inputs,hypothetical_simulation_output
triage_capacity_3,mean_queue,2.600598427639871,2.1012041488509894,3.0908418102381914,0.2209810307398785,7.072279836318215,-0.02127887606190893,-0.025909001312185286,-0.016739241214058866,80,paired_common_inputs,hypothetical_simulation_output
triage_capacity_3,mean_occupancy,16.207317050692435,15.523308933639528,16.924182125409008,12.120031449200399,21.124287888409256,-0.02089824333612402,-0.025146637916389922,-0.01651217176306532,80,paired_common_inputs,hypothetical_simulation_output
triage_capacity_3,exits,95.9,93.5996875,98.16281249999999,81.0,116.0,-0.0375,-0.15,0.0628124999999983,80,paired_common_inputs,hypothetical_simulation_output
triage_capacity_3,treatment_utilization,0.8173767315446506,0.8004639202097971,0.8346330628094627,0.6941642453971104,0.9547861482432053,2.4268523129998554e-05,-7.121014020548503e-05,0.00012607184561280824,80,paired_common_inputs,hypothetical_simulation_output
triage_capacity_3,triage_utilization,0.17623030611271875,0.17213600498963866,0.18017245100751086,0.15094890924911814,0.20850930706874538,-0.08811898487850703,-0.09009404682810297,-0.08607183431696698,80,paired_common_inputs,hypothetical_simulation_output
triage_capacity_3,mean_time_in_system_hours,4.078775553209241,3.923298629773668,4.25588113912704,3.170161995266752,5.439351927733867,-0.006126449642032461,-0.00736659010305526,-0.004980130125725793,80,paired_common_inputs,hypothetical_simulation_output
triage_capacity_3,ending_census,17.65,16.136875,19.35,8.95,33.0,-0.025,-0.1125,0.0625,80,paired_common_inputs,hypothetical_simulation_output
boarding_duration_half,mean_wait_hours,0.13132289556670887,0.09153920341853455,0.1799046331995697,0.005466874856417213,0.5025685801598823,-0.5044313437784,-0.5994927148995223,-0.4178672202435627,80,paired_common_inputs,hypothetical_simulation_output
boarding_duration_half,p90_wait_hours,0.39654090446411266,0.29303569874330987,0.5189453560447985,0.0,1.3645183322615153,-1.142082272759956,-1.319694827725261,-0.9809758857745998,80,paired_common_inputs,hypothetical_simulation_output
boarding_duration_half,mean_queue,0.5480875591480461,0.3739804893543159,0.7637594489244766,0.016679774856505482,2.034647737745263,-2.0737897445537334,-2.429453689507977,-1.7177903632202474,80,paired_common_inputs,hypothetical_simulation_output
boarding_duration_half,mean_occupancy,11.534353127791004,11.168349252682432,11.909829904877434,9.554322145619022,14.803690090846965,-4.6938621662375555,-5.10579331467458,-4.31311112202584,80,paired_common_inputs,hypothetical_simulation_output
boarding_duration_half,exits,94.2875,92.3246875,96.2,79.95,110.05,-1.65,-3.0878125,-0.26218750000000174,80,paired_common_inputs,hypothetical_simulation_output
boarding_duration_half,treatment_utilization,0.6535979366662816,0.639242893445551,0.6673744740470982,0.5644637959070328,0.752772102671163,-0.16375452635523885,-0.17486939891560185,-0.15290733364994755,80,paired_common_inputs,hypothetical_simulation_output
boarding_duration_half,triage_utilization,0.2643492909912258,0.2583324735514827,0.27048369762120505,0.22642336387367717,0.3127536754053978,0.0,0.0,0.0,80,paired_common_inputs,hypothetical_simulation_output
boarding_duration_half,mean_time_in_system_hours,2.9166931208006437,2.8440703857888994,2.9915792433479473,2.5087869563806544,3.570062621866973,-1.1682088820506304,-1.2704036401702268,-1.064870180777668,80,paired_common_inputs,hypothetical_simulation_output
boarding_duration_half,ending_census,10.975,10.0875,11.912812499999998,5.0,18.049999999999997,-6.7,-7.775,-5.7125,80,paired_common_inputs,hypothetical_simulation_output
treatment_duration_minus20pct,mean_wait_hours,0.2529797183577878,0.18566695727667498,0.32867936976456374,0.0084844645083766,0.903765375879868,-0.38277452098732123,-0.4520945861050103,-0.3162771719859398,80,paired_common_inputs,hypothetical_simulation_output
treatment_duration_minus20pct,p90_wait_hours,0.7014951043414859,0.5346996286368528,0.8729550370916794,0.00707222797080661,2.2827077626071586,-0.8371280728825827,-0.9503175499186934,-0.7177122112056058,80,paired_common_inputs,hypothetical_simulation_output
treatment_duration_minus20pct,mean_queue,1.0382083182835429,0.7754100226707282,1.3661381385309803,0.030817818483296597,3.7226414126311997,-1.5836689854182366,-1.873030874781056,-1.3105590981984132,80,paired_common_inputs,hypothetical_simulation_output
treatment_duration_minus20pct,mean_occupancy,12.985862951790903,12.545899822934864,13.469798123838755,10.332879713382392,17.169812291613727,-3.2423523422376546,-3.559972577248836,-2.950706198299132,80,paired_common_inputs,hypothetical_simulation_output
treatment_duration_minus20pct,exits,94.4875,92.575,96.45,79.95,110.05,-1.45,-2.5625,-0.4,80,paired_common_inputs,hypothetical_simulation_output
treatment_duration_minus20pct,treatment_utilization,0.713684753220307,0.6987746361444045,0.7301422700460121,0.608985419142615,0.8158596456050161,-0.10366770980121362,-0.11158609061212185,-0.09600685255356146,80,paired_common_inputs,hypothetical_simulation_output
treatment_duration_minus20pct,triage_utilization,0.2643492909912258,0.25835172890845665,0.27035321134879475,0.22642336387367717,0.3127536754053978,0.0,0.0,0.0,80,paired_common_inputs,hypothetical_simulation_output
treatment_duration_minus20pct,mean_time_in_system_hours,3.3045284981134726,3.1971081764750977,3.420787025292237,2.7434536734733177,4.212405128403288,-0.7803735047378011,-0.8536160400890781,-0.7136689431892362,80,paired_common_inputs,hypothetical_simulation_output
treatment_duration_minus20pct,ending_census,13.2,12.0121875,14.3875,6.95,22.049999999999997,-4.475,-5.1625,-3.825,80,paired_common_inputs,hypothetical_simulation_output
capacity_12_sensitivity,mean_wait_hours,20.66605489079681,19.089869149904906,22.28668018775489,9.398131134317818,32.1384630845564,20.030300651451704,18.49055395385192,21.651249209582062,80,paired_common_inputs,hypothetical_simulation_output
capacity_12_sensitivity,p90_wait_hours,23.474961143234328,21.78598411907816,25.13576830411422,12.232499826025588,36.47396180735001,21.936337966010264,20.37600937075034,23.531865520594614,80,paired_common_inputs,hypothetical_simulation_output
capacity_12_sensitivity,mean_queue,74.3398939972025,68.77323307067115,80.20915291296065,32.58451616393141,113.07454196986922,71.7180166935007,66.27764348778238,77.37556984203056,80,paired_common_inputs,hypothetical_simulation_output
capacity_12_sensitivity,mean_occupancy,86.86859257918493,81.10988466483451,92.22419074741747,45.09234753924043,125.62138351630729,70.64037728515636,65.12632866102474,75.760954245672,80,paired_common_inputs,hypothetical_simulation_output
capacity_12_sensitivity,exits,87.675,86.35,89.15,76.95,98.1,-8.2625,-10.9378125,-5.686562500000005,80,paired_common_inputs,hypothetical_simulation_output
capacity_12_sensitivity,treatment_utilization,1.0,1.0,1.0,1.0,1.0,0.18264753697847946,0.1658357064817778,0.20077990892903838,80,paired_common_inputs,hypothetical_simulation_output
capacity_12_sensitivity,triage_utilization,0.2643492909912258,0.25854533025206,0.27052754672586704,0.22642336387367717,0.3127536754053978,0.0,0.0,0.0,80,paired_common_inputs,hypothetical_simulation_output
capacity_12_sensitivity,mean_time_in_system_hours,24.115202654302976,22.457918484145626,25.755542256114534,12.86083785173389,35.85441944763785,20.030300651451704,18.391991734961067,21.626542975872965,80,paired_common_inputs,hypothetical_simulation_output
capacity_12_sensitivity,ending_census,96.075,90.15,101.7753125,56.0,139.14999999999998,78.4,72.6990625,83.86281249999999,80,paired_common_inputs,hypothetical_simulation_output
treatment_duration_plus25pct,mean_wait_hours,2.5020868689974436,2.074598139760008,2.9600663627481567,0.43622304773839077,7.068625193677482,1.8663326296523344,1.4946250761022981,2.2765264091875896,80,paired_common_inputs,hypothetical_simulation_output
treatment_duration_plus25pct,p90_wait_hours,4.200093877674739,3.6606123716084054,4.7945607166165845,1.2090985934570073,8.94089601433371,2.66147070045067,2.269319016750058,3.0850251724487667,80,paired_common_inputs,hypothetical_simulation_output
treatment_duration_plus25pct,mean_queue,10.157516509326522,8.363348807831944,12.068174572148406,1.9215176809288237,29.682254293363506,7.535639205624743,6.00472400789246,9.227378838478124,80,paired_common_inputs,hypothetical_simulation_output
treatment_duration_plus25pct,mean_occupancy,25.72329905978603,23.809091147131483,27.70611493792872,16.596780157574763,46.17876411313776,9.49508376575747,8.023188326202922,11.115130623675102,80,paired_common_inputs,hypothetical_simulation_output
treatment_duration_plus25pct,exits,95.6125,93.8375,97.5878125,80.0,110.1,-0.325,-1.975,1.3875,80,paired_common_inputs,hypothetical_simulation_output
treatment_duration_plus25pct,treatment_utilization,0.9398177480298159,0.9260381666888693,0.9535558364612483,0.8264239612675351,1.0,0.12246528500829545,0.11098130072241827,0.13393654543782982,80,paired_common_inputs,hypothetical_simulation_output
treatment_duration_plus25pct,triage_utilization,0.2643492909912258,0.25838353333777353,0.2700754762187506,0.22642336387367717,0.3127536754053978,0.0,0.0,0.0,80,paired_common_inputs,hypothetical_simulation_output
treatment_duration_plus25pct,mean_time_in_system_hours,6.448233362191708,5.99784360583905,6.913725017679782,4.25710934684527,10.829181102886453,2.3633313593404344,1.990954701913435,2.774702232893621,80,paired_common_inputs,hypothetical_simulation_output
treatment_duration_plus25pct,ending_census,29.8,27.3121875,32.2378125,15.0,47.099999999999994,12.125,10.424375000000001,13.9875,80,paired_common_inputs,hypothetical_simulation_output
boarding_duration_plus50pct,mean_wait_hours,5.306258051388807,4.414344291629066,6.2458970004536845,0.8002869618725698,12.780401583345993,4.670503812043697,3.826448336057786,5.577432136788872,80,paired_common_inputs,hypothetical_simulation_output
boarding_duration_plus50pct,p90_wait_hours,7.298184980311994,6.2677029429604225,8.336904253691323,1.7383132740051856,15.60576359361352,5.759561803087925,4.860309171393489,6.677918132494904,80,paired_common_inputs,hypothetical_simulation_output
boarding_duration_plus50pct,mean_queue,21.087844161123687,17.585332204315943,24.92069449487384,3.393763628838108,53.468379140077275,18.46596685742191,15.179110523493138,22.099615190023076,80,paired_common_inputs,hypothetical_simulation_output
boarding_duration_plus50pct,mean_occupancy,37.217409876095175,33.45834343469194,40.75037277508153,17.734827030308708,70.00498486782922,20.989194582066613,17.678533420612933,24.165831190723786,80,paired_common_inputs,hypothetical_simulation_output
boarding_duration_plus50pct,exits,95.1,93.2496875,97.013125,82.0,108.0,-0.8375,-3.1,1.4375,80,paired_common_inputs,hypothetical_simulation_output
boarding_duration_plus50pct,treatment_utilization,0.9750541958118146,0.9648575257330374,0.984153877464051,0.8678345008239706,1.0,0.1577017327902941,0.14214231783745657,0.17367971873168175,80,paired_common_inputs,hypothetical_simulation_output
boarding_duration_plus50pct,triage_utilization,0.2643492909912258,0.2585895511854397,0.26992781575305574,0.22642336387367717,0.3127536754053978,0.0,0.0,0.0,80,paired_common_inputs,hypothetical_simulation_output
boarding_duration_plus50pct,mean_time_in_system_hours,9.419183353167202,8.509880704729008,10.449009342450474,4.640314342385084,16.945671194524362,5.334281350315928,4.488417663255129,6.300837753186822,80,paired_common_inputs,hypothetical_simulation_output
boarding_duration_plus50pct,ending_census,41.75,37.7115625,45.7878125,16.0,76.05,24.075,20.5871875,27.8253125,80,paired_common_inputs,hypothetical_simulation_output
arrival_multiplier_0.8,mean_wait_hours,0.2046734661445051,0.1305657527923236,0.2830700016713261,0.002126990959892892,1.096194196752113,-0.43108077320060384,-0.5720793646898371,-0.2881368362266514,80,different_arrival_processes_same_seed,hypothetical_simulation_output
arrival_multiplier_0.8,p90_wait_hours,0.5614870654931678,0.3874924499337465,0.7499763778277492,0.0,2.4323444825726486,-0.977136111730901,-1.2892106457773247,-0.6732674694506859,80,different_arrival_processes_same_seed,hypothetical_simulation_output
arrival_multiplier_0.8,mean_queue,0.6994591203928575,0.44958653827700856,0.997648078271603,0.006509985273772934,3.590852911952543,-1.9224181833089218,-2.4596141394513404,-1.3645243439562516,80,different_arrival_processes_same_seed,hypothetical_simulation_output
arrival_multiplier_0.8,mean_occupancy,11.663385393478238,11.184205096692489,12.164832421629317,8.773537873541533,16.264725978948135,-4.564829900550322,-5.337146426316639,-3.7270024730048523,80,different_arrival_processes_same_seed,hypothetical_simulation_output
arrival_multiplier_0.8,exits,74.2125,72.4875,75.9,61.9,86.0,-21.725,-24.3125,-19.1371875,80,different_arrival_processes_same_seed,hypothetical_simulation_output
arrival_multiplier_0.8,treatment_utilization,0.6589476044121423,0.642106025359951,0.675822382746093,0.5213779271679572,0.7843990978654883,-0.1584048586093783,-0.18031304924417046,-0.137038429815306,80,different_arrival_processes_same_seed,hypothetical_simulation_output
arrival_multiplier_0.8,triage_utilization,0.21038230124555155,0.20539720625467087,0.21514376203757657,0.17825360033409315,0.24907283013825973,-0.05396698974567423,-0.06241701799667046,-0.045858909266846895,80,different_arrival_processes_same_seed,hypothetical_simulation_output
arrival_multiplier_0.8,mean_time_in_system_hours,3.75343848683535,3.6369236158260585,3.869897289700844,3.077719000312524,4.753935460456425,-0.33146351601592394,-0.5274837401486195,-0.1343055020132246,80,different_arrival_processes_same_seed,hypothetical_simulation_output
arrival_multiplier_0.8,ending_census,11.925,10.95,13.000312499999998,5.95,21.049999999999997,-5.75,-7.55,-3.8375,80,different_arrival_processes_same_seed,hypothetical_simulation_output
arrival_multiplier_1.2,mean_wait_hours,5.652882152540469,4.700741821042928,6.618813113067335,0.48703897759658843,14.609280598924993,5.01712791319536,4.0740700814859885,5.993487842627425,80,different_arrival_processes_same_seed,hypothetical_simulation_output
arrival_multiplier_1.2,p90_wait_hours,7.691521068157184,6.708019807672809,8.7674136164902,1.37885142762373,16.117102490809206,6.152897890933116,5.1446615067232395,7.25333694342625,80,different_arrival_processes_same_seed,hypothetical_simulation_output
arrival_multiplier_1.2,mean_queue,26.472151183538283,22.06666774812049,30.889231515993032,3.086280677614568,66.9584468794237,23.850273879836504,19.486725858122348,28.365926212171328,80,different_arrival_processes_same_seed,hypothetical_simulation_output
arrival_multiplier_1.2,mean_occupancy,42.82658615515081,38.448336031733284,47.47552166359537,17.867652665680293,83.55084545067344,26.59837086112225,22.263465258179785,31.119923512024165,80,different_arrival_processes_same_seed,hypothetical_simulation_output
arrival_multiplier_1.2,exits,111.8625,110.125,113.60031249999999,95.9,124.05,15.925,13.336562500000001,18.8,80,different_arrival_processes_same_seed,hypothetical_simulation_output
arrival_multiplier_1.2,treatment_utilization,0.9828315794235103,0.9747272304839357,0.9898637350536521,0.9200368293688465,1.0,0.1654791164019899,0.1481710937826786,0.1831318461902657,80,different_arrival_processes_same_seed,hypothetical_simulation_output
arrival_multiplier_1.2,triage_utilization,0.31456485041817794,0.3079999956704685,0.321074177242609,0.27316455027707054,0.3591107753009032,0.05021555942695216,0.040518938032301194,0.059761477406028315,80,different_arrival_processes_same_seed,hypothetical_simulation_output
arrival_multiplier_1.2,mean_time_in_system_hours,9.115766336969589,8.208456099702595,10.11396749783029,3.7579860203942754,18.045832820478264,5.030864334118313,4.120385550580769,6.0152594306255525,80,different_arrival_processes_same_seed,hypothetical_simulation_output
arrival_multiplier_1.2,ending_census,49.3875,44.386562500000004,54.7003125,14.95,92.1,31.7125,26.3875,37.40249999999998,80,different_arrival_processes_same_seed,hypothetical_simulation_output
