replication,warmup_days,arrivals,exits,initial_census,ending_census,mean_triage_wait_hours,mean_treatment_wait_hours,mean_wait_hours,p90_wait_hours,mean_time_in_system_hours,mean_queue,mean_occupancy,treatment_utilization,triage_utilization,reconciliation_error
0,3,91,94,17,14,0.008545145005508648,0.07465785074906328,0.08320299575457193,0.2989052274252657,3.5297327048228553,0.345928613991821,13.963093674940238,0.8193129542585248,0.25407889640601083,0
0,14,82,92,21,11,0.006646348354491199,0.2658374723415577,0.2724838206960489,0.9526542640658027,3.6063724796583116,1.0704676983476749,14.255361567438946,0.797049219018906,0.2160531823943875,0
1,3,106,110,25,21,0.015607483834811644,1.108777175101097,1.1243846589359088,2.3496350451959955,4.583303399872328,5.265006103955223,21.794692038258788,0.9953447863874701,0.30208467605202305,0
1,14,98,93,11,16,0.010293922143379246,0.036165734921838194,0.04645965706521744,0.12290863658541294,2.9178784626541554,0.18971026634963786,11.69981513296053,0.6845486880951204,0.27866292854448343,0
2,3,90,84,12,18,0.004418755461827099,0.77782972621974,0.7822484816815671,1.5091081665728936,4.651545776555405,2.9190701675632673,16.90300970010068,0.8460593345046034,0.2234950902318801,0
2,14,89,87,13,15,0.0026104449686405193,0.0541504127788033,0.05676085774744382,0.06233028795321622,3.200984640498899,0.21048818081343748,12.278518648874906,0.7236667996058815,0.24468083718368186,0
3,3,103,97,8,14,0.010835616297487204,0.5397416337946679,0.5505772500921551,1.2916979282172718,3.7261334494229894,2.362894031645499,15.673041359662179,0.7937004671457825,0.3054699268420791,0
3,14,88,90,19,17,0.005895868344513066,1.057211394827423,1.0631072631719363,2.259761581135564,4.97019998185309,3.925058560836542,17.181634171089822,0.7998607770526999,0.22940158870504135,0
4,3,80,93,24,11,0.003879568254069099,0.1314155597529071,0.1352951280069762,0.5099769048131843,3.535236415785845,0.8270013830399657,13.238472762293483,0.7481229725399657,0.22075190930703345,0
4,14,93,84,15,24,0.004523641329660188,0.4842419231206912,0.4887655644503514,1.261352439926429,4.020388922912871,1.705559574921665,14.390124672130975,0.7622621986643661,0.2441849592897268,0
5,3,101,113,26,14,0.005641841487029677,0.868155270775211,0.8737971122622408,1.623839309132407,4.222840264680569,3.983990682552245,19.08418637488394,0.9089758503484578,0.2782910433781855,0
5,14,103,104,24,23,0.011366725658966665,0.7477937477354165,0.7591604733943832,1.6565486047833131,4.1312196360363815,3.5347737510171413,18.8181392615782,0.9189017810277965,0.29046850705815785,0
6,3,106,95,21,32,0.008800835259035574,1.7448768578986997,1.7536776931577351,4.198742284464892,5.324226018826869,6.869160602353586,22.211270540115123,0.9228668843942652,0.288119893726648,0
6,14,80,74,9,15,0.010143545714630164,0.004942202239138283,0.015085747953768446,0.06708553834074597,3.6225773628881823,0.05028582651256149,11.279175680718787,0.6747220357441029,0.21666864115028872,0
7,3,97,102,19,14,0.005047763413677491,0.3279372630165095,0.332985026430187,1.0734531419749545,3.745987054515346,1.388317404017619,15.809766359867547,0.8683098566748493,0.2642456245261681,0
7,14,94,100,29,23,0.012514592466058435,0.723876020652159,0.7363906131182173,2.3427165278049706,4.109177301209653,3.812123559497337,18.703640950356487,0.8980305270748463,0.26151447883080436,0
8,3,94,100,24,18,0.008363987356007173,0.49689918775418,0.5052631751101871,1.2644435343549278,4.200740729509944,2.3007058492025343,17.17756506931286,0.8971645509482967,0.26111320246878894,0
8,14,115,107,18,26,0.012844113537244083,1.1747537726961883,1.1875978862334324,2.1067750454186354,4.353401598781542,5.3921651138954045,20.64038808286913,0.9139841737775836,0.31223809426619437,0
9,3,95,101,22,16,0.006787566555688853,0.9835739194478773,0.9903614860035662,2.6539968103945086,4.481029837408395,4.009957646224269,18.235821761020464,0.8574130987413969,0.253627267466924,0
9,14,89,92,14,11,0.007217937387952006,0.11897009188379251,0.12618802927174452,0.4855841002674539,3.567849276494393,0.46794727521605256,13.38434995416538,0.775809145086552,0.2517281787822476,0
10,3,88,100,27,15,0.007041842214082065,0.8331946827060265,0.8402365249201086,1.968178330265877,4.473224118648343,3.8215139850249247,19.209743625309756,0.9304303244280429,0.2506722247180721,0
10,14,109,101,16,24,0.004290595158231074,1.0317781137256037,1.036068708883835,2.1770527605535563,4.1239437645276915,4.360625363443003,18.225385147786557,0.8278483865272991,0.30959279995338446,0
11,3,101,101,10,10,0.005622019766786821,0.13014434184738702,0.13576636161417382,0.45682742376448005,3.012725896864932,0.5713501051263149,12.824387372529136,0.7291769201516195,0.2931032724884526,0
11,14,77,87,18,8,0.003653630699150878,0.012285410414091376,0.015939041113242253,0.02822713637514209,3.489202058986058,0.0584656993360421,11.49997479199019,0.6872756166586459,0.22254961305790744,0
12,3,82,85,20,17,0.0038901778626473614,0.6494318926327293,0.6533220704953767,1.648339206369876,4.534957584023757,2.271308418511604,14.925545630779405,0.7630401579441007,0.22279734258109377,0
12,14,94,93,16,17,0.007953775684951746,0.1808259318997402,0.18877970758469195,0.7399024065698486,3.790173701456321,0.7299974821400615,14.468543010526476,0.8246525968186565,0.2720519896439555,0
13,3,93,109,29,13,0.009223184338397474,0.30846741406464867,0.31769059840304614,0.7853746002667037,3.3103414855977387,1.9906503820296784,15.732388922074344,0.8267696666499261,0.25671193682292487,0
13,14,88,86,11,13,0.007842105918315538,0.9412327154047181,0.9490748213230337,2.6876179347590368,4.572231845708448,3.47994101151779,16.270053527792705,0.7685302780387252,0.2468140338276553,0
14,3,90,94,15,11,0.013115137177481667,0.5093012165040673,0.5224163536815489,1.2501665122656695,3.9544970994331883,1.9590613263058085,16.04725954052222,0.8486265765151232,0.2550864949872196,0
14,14,100,101,25,24,0.010789369330649947,0.9430132577015439,0.9538026270321939,2.801050989584838,4.409208696627897,4.135557992952997,19.477674336072766,0.9219365814644783,0.2955655198440586,0
15,3,74,84,24,14,0.0033359471456785098,0.09729483058485582,0.10063077773053433,0.303760579998411,3.5396337724595957,0.6784607665494953,12.322203963030987,0.7035085599334496,0.19380311877314713,0
15,14,108,105,14,17,0.008182975329973972,0.5340672549364619,0.5422502302664358,1.1168926862567672,3.866263481957543,2.427651446758683,17.199430674436606,0.8860407954435043,0.2975632502909266,0
16,3,98,93,21,26,0.006655132682064129,1.0646014233417909,1.071256556023855,2.094539992811664,4.768655881956703,4.200615058623966,19.081991475779176,0.8958025725827851,0.2742676279153257,0
16,14,73,75,12,10,0.006211592248380478,0.048697634768230164,0.05490922701661064,0.08967454564366334,3.826517128720536,0.16701556550885735,11.05903628675704,0.6557169932135806,0.20027441491544687,0
17,3,92,83,15,24,0.00912038755474637,1.024868027058375,1.0339884146131215,2.9594325756492195,4.60510816836439,3.741314661515897,16.53905943151935,0.7671597874518546,0.2615940853868919,0
17,14,103,104,19,18,0.004407120471715462,0.29070643385731454,0.29511355432903,0.7500085934745356,3.6801160420701104,1.2583148383628686,15.06266225914265,0.8274992226129188,0.28217992948654097,0
18,3,105,90,18,33,0.010154941379885719,0.9972922345430226,1.0074471759229084,2.850338233165789,4.242710835766258,3.751315272410098,16.597259940804857,0.7650760730917491,0.3023637494633859,0
18,14,99,100,14,13,0.00849607857227938,0.4623942880806878,0.4708903666529672,1.1646952546681406,4.0079507248583965,1.9424227624434895,15.486797002465176,0.8114584641872242,0.2805194065130496,0
19,3,93,99,18,12,0.0072944161648134135,0.605257325314066,0.6125517414788794,1.4280031022120339,4.203452085461198,2.3824886637976257,16.196013495964593,0.8311960742704376,0.257193821919983,0
19,14,112,104,17,25,0.018928269170668192,1.0997669471688245,1.1186952163394928,2.338384820775491,4.461089827358747,4.729989148294446,18.340788279592974,0.8092870335687344,0.33110329709938924,0
20,3,78,85,12,5,0.004332335263307768,0.0399742345904548,0.044306569853762565,0.059195769625644316,3.1185048613152353,0.14399635202472835,10.928610348754441,0.6463227075440895,0.2217253380121408,0
20,14,93,95,31,29,0.006795057125939806,1.4794929693279482,1.486288026453888,2.8987485722951307,5.229011171847769,5.966433968359087,21.08236396558271,0.9145750405329013,0.24136467434860265,0
21,3,76,85,20,11,0.0015819426700529136,0.15605976917076814,0.15764171184082107,0.6608986522985987,3.7329787182083076,0.5392586325368539,11.790982962054345,0.6770015780867135,0.2098495400650373,0
21,14,97,85,9,21,0.011193962896055083,1.200059226899717,1.2112531897957721,2.2700579567571935,4.820692899708353,4.6628601251527515,18.43541194921681,0.8279625667331566,0.2625753781667773,0
22,3,96,98,16,14,0.005895624481584131,0.22742747649749143,0.23332310097907558,0.6088321148447591,3.6238053818985354,0.9332924039163023,14.79093149013525,0.8325449509434026,0.2684599355622514,0
22,14,93,84,17,26,0.007376329787474279,1.1707151086121712,1.1780914383996455,2.9593767782791587,5.0388826371204525,4.149374431722076,18.01076773214786,0.8339314482826735,0.25924506395150243,0
23,3,91,101,22,12,0.008059980416741898,0.40105920629806796,0.40911918671480985,1.1998998954911286,3.742521359625472,1.824475222077708,15.449459425108932,0.820807023880539,0.24603591047129894,0
23,14,97,92,16,21,0.008494289429182742,0.5903330885335966,0.5988273779627793,1.4047859481423075,4.099883299117796,2.350244891045873,16.008052517194155,0.8199107630524568,0.2696177086544864,0
24,3,103,112,21,12,0.014525983394652693,0.21504286901938802,0.2295688524140407,0.7463653465250841,3.323700118908225,1.1416254989886465,15.167746002737927,0.8425310665481818,0.2728117194891837,0
24,14,91,88,19,22,0.006511763397003091,0.8282157646932078,0.8347275280902109,1.8947380351098673,4.46935549316562,3.157770752757647,17.144845712903887,0.8441366573591407,0.24044422119999473,0
25,3,101,111,28,18,0.00615239059246713,1.0825202290694722,1.0886726196619394,2.5261115621088663,4.50522732047964,5.4413015300329945,21.474578022907398,0.9683888024032207,0.26952782721143836,0
25,14,91,99,24,16,0.005319002942511675,0.2110262818580008,0.21634528480051246,0.6458252627457455,3.3596254893771227,1.3411772487953375,15.451636681344652,0.8515568622545978,0.2427748182378752,0
26,3,98,101,21,18,0.0033249901082711216,0.8970326167606064,0.9003576068688774,1.9200899058264211,4.397337607440856,3.90464778127394,19.869136992008418,0.964929929562189,0.2628051688697261,0
26,14,102,107,19,14,0.015972706883574387,0.25564705355628414,0.2716197604398585,1.1857011827577595,3.1874462127536316,1.207861742110751,13.448088212043437,0.7302183414447065,0.27836650340869085,0
27,3,102,105,28,25,0.00717802381847479,0.9857301648432271,0.9929081886617018,1.980713543821605,4.46888940694352,4.717971735630058,20.708759619637785,0.9651647035086661,0.27407631393453585,0
27,14,119,110,25,34,0.017318997925064437,2.2549802677650788,2.2722992656901435,4.8988694786296945,5.628224467919788,9.69366142858349,24.17665492241757,0.8623307837742794,0.3428504767228044,0
28,3,112,106,22,28,0.0051715608856841245,1.7384247850812682,1.7435963459669526,3.7797153013643383,5.333890092340786,7.702511789952695,24.117194050328468,0.9916767567354764,0.27392707630407553,0
28,14,85,93,26,18,0.007602829711515824,0.5030795113118361,0.510682341023352,1.5830147988529009,4.114376488027556,2.2327764674912274,16.13818617095458,0.8411526584886255,0.22348358382267244,0
29,3,106,105,21,22,0.0074492341908960185,0.803210400274347,0.8106596344652429,2.058708631573772,4.148210186709527,3.464663041143512,17.635949566716096,0.8498564519185442,0.28679164743794,0
29,14,77,78,16,15,0.0014206869403240005,0.1637528496009609,0.16517353654128492,0.5746958126774305,3.7356708497960187,0.5299317630699557,12.561395630183513,0.7260945006869829,0.20697592806091572,0
30,3,102,94,10,18,0.0025072987947324095,0.31968338862718243,0.3221906874219148,0.8811039917784215,4.010015615099329,1.3422984294514861,14.986994096527111,0.8165492304616966,0.2899539898442394,0
30,14,99,86,12,25,0.01818938637991679,0.9239711721984786,0.9421605585783954,1.910253738781728,4.532636430604845,3.5553448052208574,16.46451742826063,0.7712460838092355,0.28461764104600346,0
31,3,82,87,18,13,0.0096663358420555,0.029823292976668473,0.039489628818723976,0.102551918783388,3.3362099766652134,0.16954495273052572,12.836785020829788,0.7645296164478625,0.21738310246673098,0
31,14,86,89,14,11,0.008267445236944516,0.28381202084871304,0.29207946608565755,0.8128737352423343,3.759588340488536,1.0466180868069397,14.705560854054513,0.8242384603728401,0.23556370064106602,0
32,3,102,109,27,20,0.005500041695189209,1.139034257628649,1.144534299323838,2.1312837650435585,4.838307810343706,5.239212974775995,20.872391597330058,0.942756450600811,0.27453770647054326,0
32,14,93,97,27,23,0.007792718047457378,0.9118922735969917,0.9196849916444491,2.2252793046576698,4.568615895506788,3.792784546981745,18.361355732243204,0.8785913294507863,0.25555495702443903,0
33,3,97,93,14,18,0.01221805146792371,1.2137851752098785,1.2260032266778023,3.0180645491497726,4.634162387524043,4.905484457855281,17.617636119296375,0.7610651776162617,0.26755440979045336,0
33,14,100,103,13,10,0.007430074149394272,0.25015654649781655,0.2575866206472108,0.8606216203316148,3.5533581503394114,1.073277586030045,15.320642306533436,0.8569234419211412,0.26829482488256556,0
34,3,76,89,22,9,0.002748546198750365,0.0315533116467256,0.03430185784547596,0.09403956473075681,3.8655582506387076,0.23346253153140376,14.008046523006817,0.8328803973712224,0.22424881676792788,0
34,14,78,88,24,14,0.0060504292044181686,0.19514506801741996,0.20119549722183813,0.9539883741986728,3.760543553093944,1.0338200615374475,13.806075441239587,0.7719678795320147,0.21038465359495243,0
35,3,93,99,19,13,0.004734610164078237,0.2729357103549611,0.27767032051903934,0.7991082380729125,3.8432298145241406,1.1067969402377091,14.87060060317871,0.8272900422493698,0.2635814934755431,0
35,14,105,116,26,15,0.004233246342652733,0.26218625985795013,0.26641950620060284,0.8397684730594848,3.217173629222348,1.6883202242475381,16.10461969954969,0.8646695307225875,0.2907934918703769,0
36,3,84,91,13,6,0.00888232611566307,0.03969513166043184,0.048577457776094915,0.16335778026415265,2.9096554757414297,0.17002110221633218,10.741466146056005,0.6319097155051949,0.23044479787827635,0
36,14,75,89,22,8,0.009504303748143835,0.29765484095341965,0.30715914470156347,0.9523538920514399,3.8736740087451897,1.0943398661237633,13.177873875400797,0.7264321732888971,0.23030961832733965,0
37,3,92,80,14,26,0.010193590702827408,1.2737694376611473,1.2839630283639747,3.18349916749676,5.300029279992094,4.536234016180314,18.01404504451852,0.8101380257139077,0.2578013084578406,0
37,14,103,95,15,23,0.004091174160016436,0.8503879825005665,0.8544791566605829,1.878432023776736,4.14755896638174,3.4634894385448427,16.69806522871917,0.7897600477410364,0.29920751315887273,0
38,3,84,96,23,11,0.015911734692535685,0.8143518606456693,0.8302635953382049,1.836245513178349,4.75151776126552,3.082592318664041,17.649181219170778,0.8801219976012891,0.24231846944305513,0
38,14,88,91,13,10,0.0061280506911658835,0.44223084849554667,0.4483588991867125,1.4857647241906136,3.8561272934415745,1.6439826303512792,14.593442697477606,0.78047367099452,0.23094066560700335,0
39,3,105,89,12,28,0.0025085803768018335,1.3053209454932284,1.3078295258700303,3.1062744923320484,4.874020756362157,4.997574360165651,18.25829591565298,0.7929404922433697,0.2868368397967072,0
39,14,83,79,13,17,0.00591204593172895,0.11439473909151168,0.12030678502324063,0.3266316062755322,3.7891080253965317,0.41268357954251184,11.98109274276628,0.6938468319900587,0.2334299256914155,0
40,3,91,84,12,19,0.0022619745314297495,0.5452073428180013,0.547469317349431,2.0200622314024486,3.9614769883721985,2.0257574943976446,14.450524179975112,0.7450676813844064,0.25184189171348326,0
40,14,98,99,15,14,0.004208651676182798,0.10141545532709403,0.10562410700327683,0.38937129945792887,3.352475626401415,0.43129843693004705,13.526397076309317,0.784820016606933,0.26898918683417133,0
41,3,102,90,15,27,0.012929508013849992,0.7431518593605935,0.7560813673744435,2.479352412092525,4.5972536597076985,2.234316495862121,15.654196047636972,0.8028427647812689,0.2871976576372732,0
41,14,101,93,17,25,0.006062502852634931,0.8253433861041856,0.8314058889568204,2.3808232272120904,4.524242206245096,3.0651090494317708,16.849032532423905,0.8276321069234677,0.2709048861083261,0
42,3,108,105,18,21,0.005988994629044144,0.9960123620347027,1.002001356663747,2.3336071023574236,4.430996169219032,4.303511795115436,19.80984269181081,0.9334512261374647,0.2855556392479717,0
42,14,99,103,23,19,0.01010279803538231,1.6498387162278423,1.6599415142632246,3.488547499888591,5.125670712808243,7.110450937555818,23.257408843694915,0.9744786640682971,0.27764964052317137,0
43,3,85,92,20,13,0.005779487637775226,0.04499212690958496,0.050771614547360185,0.22365062807545852,3.144145593867168,0.2516027259532354,12.270625111451338,0.7224207726352881,0.23014501166674903,0
43,14,95,91,12,16,0.004138059828481968,0.2230392675731788,0.22717732740166077,0.7434899155893733,3.566166208887037,0.8992435876315739,14.181146102590164,0.7974598368351066,0.26127256279844246,0
44,3,114,124,34,24,0.010019289930903298,1.6187379077069002,1.6287571976378035,2.591560226063662,4.80419956894276,9.030546728784161,25.68032476277811,1.0,0.3248890169969725,0
44,14,69,65,13,17,0.003355088331366862,0.133026008145473,0.13638109647683988,0.6211790257485632,3.6980904799193723,0.3885307537876817,10.46819421461653,0.6055583444711156,0.19536497464549876,0
45,3,114,106,15,23,0.004034800145861533,1.487442093657953,1.4914768938038148,2.942208480738323,5.002760151700411,6.76238274080823,22.725598052672883,0.9571043824226497,0.3247725965511303,0
45,14,89,105,29,13,0.0024864610917577747,0.5133499989318816,0.5158364600236394,1.408338802156834,4.048625517931916,2.6296539529906013,17.929183217149298,0.9266075311605685,0.2369043827948012,0
46,3,93,105,18,6,0.0050301209452651855,0.30134143287717224,0.3063715538224374,1.2154204271748565,3.357775053697278,1.2069301232367096,14.467431948917024,0.7952963849945114,0.26787983288406575,0
46,14,104,85,14,33,0.003752159579477712,1.3234153326206586,1.3271674922001362,3.6354365758092797,5.0237049342468545,4.555011426961748,19.229843843845618,0.8813976349665716,0.28623512870936096,0
47,3,94,86,12,20,0.0034726031060997044,0.9464733025116235,0.9499459056177232,2.8414890886991784,4.593549710600716,3.6902710479908833,16.68860569628445,0.7802186143601126,0.2574184092658826,0
47,14,107,94,19,32,0.007807392870537671,1.6269181465375555,1.6347255394080933,3.734128605555168,5.3752859836368065,6.052119911028638,21.07229837176561,0.9033680981287117,0.2831444453387917,0
48,3,103,100,24,27,0.009702239745227966,1.1136265146230526,1.1233287543682806,2.3276066173894465,4.6897740377240105,4.631778913024952,20.222310891651457,0.9377998122620798,0.2928674912166172,0
48,14,95,80,9,24,0.01179778322075555,0.8154013209243783,0.8271991041451339,2.0880887047786247,4.510320782810518,3.0503182448670856,16.33424535746316,0.7968559239667626,0.2671161645639361,0
49,3,115,84,15,46,0.006685765153095803,4.094034146387963,4.100719911541059,7.805170662969002,8.158429810493487,15.738829485411003,30.455189805451344,0.8815666558931992,0.3056469128745771,0
49,14,105,118,30,17,0.00946307291795793,1.4179999329587023,1.4274630058766602,2.268452002903712,4.8992017217176995,7.003358516965996,23.606759616103876,1.0,0.3017005495689406,0
50,3,93,94,18,17,0.0063051726049701716,0.3828307233372812,0.3891358959422514,1.1972274117128108,4.162657810822675,1.506354484924638,14.948231423934928,0.8084737991975794,0.2531480759245109,0
50,14,87,92,13,8,0.005186736240032446,0.21076506325194694,0.21595179949197937,0.9547226663115682,3.480501587595529,0.7828252731584252,12.393711245034389,0.6953062325148275,0.2429931258193617,0
51,3,99,102,16,13,0.007116913647455091,0.05883540272087416,0.06595231636832925,0.2010002642616769,3.279625103740204,0.27205330501935815,13.993594446767611,0.8229703548185641,0.2770077323256155,0
51,14,102,94,14,22,0.01145765665761663,0.5313264891894514,0.542784145847068,1.5000244832089606,3.7571189345270066,2.1951292374262885,15.142580762009915,0.7744277485136416,0.27830377418268054,0
52,3,94,92,17,19,0.006748466798465692,0.6995583510454387,0.7063068178439045,1.856178630905128,4.291410605050568,2.7692416754115836,17.088721373528127,0.8639837433730957,0.24786990207350654,0
52,14,88,84,16,20,0.002824038978542634,0.9555272069662418,0.9583512459447845,1.8127968585287477,4.978908119774794,3.36003279597918,17.08154973036954,0.8281589487994118,0.2354868767998859,0
53,3,76,84,16,8,0.008038258941482655,0.3956519187258048,0.40369017766728743,1.2146198983184036,4.203055528148023,1.2783522292797436,13.429663035450744,0.733499219917633,0.20766164374443571,0
53,14,107,86,10,31,0.007820854669359407,1.4264326599403634,1.4342535146097228,3.6418402427199914,5.216122164838067,5.636522110341036,20.02656605914915,0.8638807710487088,0.28397580601438815,0
54,3,107,97,21,31,0.005920422197882555,2.33265802503563,2.3385784472335125,4.407672933324725,5.864772791124243,9.851825480452531,25.513540230983903,0.9422106278071262,0.29317235280867343,0
54,14,87,85,13,15,0.002466298384303664,0.3222163872557324,0.32468268564003605,0.7893663029093432,3.832992579322143,1.1769747354451308,14.060915796656493,0.7744235436663338,0.2465821812750105,0
55,3,98,105,18,11,0.004843487259065267,0.06501887611445259,0.06986236337351787,0.23383215096412469,3.3202904139499254,0.28714797029329137,13.929231125916658,0.8189397109375172,0.26952389031154667,0
55,14,88,89,9,8,0.007931171480884493,0.6773909658091971,0.6853221372900816,1.4955928217222547,4.192664134793237,2.5128478367302995,15.224790280927168,0.7626986247236717,0.25438222430906166,0
56,3,113,79,15,49,0.008105273152117846,3.4648275522871255,3.472932825439243,7.410408639718088,7.640044330866576,10.380328890299912,26.057139107424252,0.942252630339872,0.3003840658431942,0
56,14,102,91,12,23,0.00904666180026797,0.4658910387499711,0.4749377005502391,1.4316577644908999,4.287931216680466,1.646280399904273,15.620618893327759,0.8383400101287469,0.2804491656817672,0
57,3,110,106,22,26,0.008311825764621326,1.158610184056826,1.1669220098214474,2.2798374430080006,4.506190940398312,5.290058482763164,19.880142008134136,0.8726578626744118,0.3137788612901904,0
57,14,87,101,29,15,0.002474409134268056,1.1386434824006357,1.1411178915349038,2.2763059124320306,4.916914827757033,5.047046688319348,20.776919268665775,0.9504597368397603,0.2612583954551309,0
58,3,92,100,33,25,0.002645757030765841,1.0637284727342822,1.066374229765048,2.2633220393643443,4.726012601150591,5.353862545386956,20.44965165734022,0.9113845060373186,0.2568185076780833,0
58,14,82,93,17,6,0.005917761452902768,0.02259371421636909,0.028511475669271858,0.07641137874945243,3.0345187062114585,0.1021948447336977,11.458793584124775,0.6832943194010963,0.21194481448676802,0
59,3,88,94,21,15,0.0094701975089879,0.25129957367995764,0.26076977118894556,1.1217717309693669,3.7701162317662185,1.2367137490048759,15.868474782105592,0.8843937459239967,0.24073054915838377,0
59,14,97,94,13,16,0.01967606167553366,0.31869893476916855,0.3383749964447022,1.0214580664617416,3.684868272649944,1.3675989439640048,14.549898445937226,0.790737423367904,0.26525036404337854,0
60,3,102,108,24,18,0.011105813259727825,0.9058931198433412,0.916998933103069,1.7173575225222326,4.427905837626619,4.075164295749797,19.235729277684865,0.9124805695578396,0.2804379345048152,0
60,14,96,98,19,17,0.0057680483354314305,0.14694174105996596,0.1527097893953974,0.539520760329367,3.621681258708422,0.6477953309450015,14.51779137410624,0.8339653819882891,0.263274965674307,0
61,3,88,92,13,9,0.0011465411164287463,0.007278054134674699,0.008424595251103445,0.0,3.431702110088989,0.0308901825873793,12.280236472309253,0.735578887517581,0.2400420447202881,0
61,14,85,82,10,13,0.008618534524330645,0.27818384085670755,0.2868023753810382,1.042605615030573,4.142697469829061,1.0157584128078436,13.435933667889513,0.7474889271435505,0.23017621039243016,0
62,3,117,100,12,29,0.005700824557894617,1.222441291398739,1.2281421159566337,3.2115089128148755,4.61859314953293,5.335127079041818,19.713445928673988,0.8585166949138673,0.32102586550514217,0
62,14,106,123,35,18,0.0017356506571158173,0.6305034230884657,0.6322390737455816,1.6946507514253142,3.8509002442002527,4.088346922866516,19.83994806402281,0.947827139035911,0.29318345829085857,0
63,3,86,120,51,17,0.005085659628931488,2.7123074742036994,2.7173931338326316,4.315630650617209,6.128008449187468,14.546897497984071,30.990803797420003,0.9999468290552135,0.22237851727625824,0
63,14,98,93,11,16,0.009166541726059728,0.27708121106557043,0.2862477527916302,1.0685371127547567,3.478702598826065,1.1688449905658231,13.771397047919365,0.7520080375733326,0.28521172809011003,0
64,3,88,100,31,19,0.008396958080407463,0.8177983678729263,0.8261953259533338,1.5452051689542883,4.525260241146804,4.074751227175138,19.577576668872332,0.9383259500443429,0.24480512049385292,0
64,14,98,94,21,25,0.002405171527600232,2.3683279177065995,2.3707330892342,4.237988334372875,5.850432369630662,9.609406906446011,24.14906293612202,0.8740181562356003,0.27768276495320166,0
65,3,79,78,18,19,0.007460293414313156,0.25727896997610306,0.2647392633904162,1.4205922269468176,3.8736130072817514,0.8763823279571147,12.655278660571918,0.7083508591999297,0.22264129270796604,0
65,14,79,96,31,14,0.0026725885592292823,0.5916179286852626,0.5942905172444919,1.0052730939063736,3.928140740567334,3.5051618422858675,19.12559615270176,0.947026408876167,0.23400588419861043,0
66,3,109,94,13,28,0.013751455695869993,1.4371314252705596,1.4508828809664298,3.174709509322557,5.163156544082826,5.7917984603609005,19.48644045285577,0.8195806334864066,0.2906759283561824,0
66,14,89,80,8,17,0.0027625366627257227,0.2853863182511578,0.2881488549138835,1.4170789418432606,3.8038147580782504,1.0543018689963664,13.3386573540199,0.7369105425318963,0.24689340225659606,0
67,3,104,94,15,25,0.013825663322695329,0.619210575298861,0.6330362386215563,2.083126306042307,4.284857520253482,2.119470590605991,15.69938474110161,0.8120897346013384,0.2932391984371015,0
67,14,87,86,12,13,0.0002017133418692423,0.17153928363487028,0.17174099697673953,0.5818738970653158,3.9318755376675694,0.6225611140406807,13.016210496215374,0.7454765607522136,0.23301220506963816,0
68,3,96,95,19,20,0.006611046524154822,0.3246117643217472,0.33122281084590205,0.9182112702123106,3.826903125377323,1.3019665239649132,15.797661058969487,0.8728940318782438,0.26469501247633814,0
68,14,95,113,36,18,0.007078089716619735,1.4943803801895947,1.5014584699062143,2.4869523753590785,4.861333913609911,7.939625357486061,24.445823854378272,1.0,0.2530992484461052,0
69,3,91,85,10,16,0.007829307183099703,0.1648108503195321,0.1726401575026318,0.6008668855394177,3.6678240750424402,0.6545939305308123,13.419004947591427,0.7666483396916609,0.24901879099701998,0
69,14,90,93,17,14,0.008448246042946216,0.2895945829836617,0.2980428290266079,0.8345332262114205,3.9809536974643196,1.1214400416168573,15.231013037035664,0.8494394059968591,0.2592712497345306,0
70,3,100,84,16,32,0.008129419460981922,2.1095987004719947,2.1177281199329765,4.148879192222541,5.7086567249788445,7.8239198504581,21.69488529085592,0.8337913347208339,0.26515204243223955,0
70,14,85,87,12,10,0.004410341060073573,0.00739934759699883,0.011809688657072402,0.020910158130186717,3.387719825538346,0.04182598066046476,11.678035939577297,0.69708692314498,0.24140959429857625,0
71,3,89,104,30,15,0.008667975135654192,1.2849097928824955,1.2935777680181497,3.0426566635451238,5.074713700751822,5.326925023294298,20.89133839017872,0.9425535186199325,0.24177853448274966,0
71,14,98,106,25,17,0.0015612506285909065,0.2901414927663863,0.2917027433949772,0.8412643513646569,3.6452555989945776,1.5415983426094968,16.853174295539194,0.9215081996221296,0.2837223794878116,0
72,3,106,94,12,24,0.008952041745751644,1.4233956988787835,1.432347740624535,2.680848283623348,5.232301146288162,5.993450575128706,20.655215147135504,0.8781423227131916,0.3057437042978656,0
72,14,90,97,23,16,0.011482785454237247,0.4445224477057107,0.4560052331599479,1.3501949348048925,3.8966408719394856,1.8985336669996518,16.08756893698639,0.8560705236750547,0.24595344559293153,0
73,3,117,87,7,37,0.019482906306063724,1.351634531073535,1.3711174373795987,4.401424768161507,4.667499019947147,4.839127194615813,17.515334382427614,0.7515256617907795,0.32589829957966404,0
73,14,85,85,19,19,0.004151894232634009,0.3684229253689122,0.3725748196015462,1.7811676369287748,3.872412270426328,1.3487223060566293,14.479822802498854,0.7911680877125313,0.23620554652086176,0
74,3,88,82,15,21,0.006175640554198028,0.21201126505624063,0.21818690561043866,0.9761686522597415,3.5657413509007614,0.7043901344876063,11.880693392316545,0.6673799349397672,0.24911214939633228,0
74,14,72,88,21,5,0.0037324281100505154,0.08644668523198994,0.09017911334204046,0.2827007237124575,3.3715528860895643,0.4405715851731884,12.307803314670672,0.7168829974585983,0.19855188507995555,0
75,3,93,109,28,12,0.015762208677453298,0.32125220630261553,0.33701441498006884,1.0726840550733243,3.484606697296803,1.8493057765033136,15.543431751154342,0.822388529506718,0.2679547512717688,0
75,14,79,85,17,11,0.009502644010969757,0.18634875254068933,0.1958513965516591,0.6526234421433743,3.547686032611159,0.6549669515891381,12.25437267528354,0.6973222328853056,0.2211249987647553,0
76,3,112,106,16,22,0.0067236506909797355,0.5821227671320791,0.5888464178230589,1.8646025502364685,3.433624340056699,2.63774616752043,15.709165403100464,0.7790979468700918,0.30292604282928143,0
76,14,82,89,26,19,0.006423696074372535,0.4585205766407013,0.4649442727150738,1.540634225386578,4.189535360307987,2.0493215835191543,15.703314884538722,0.8250779881650127,0.22637274518968317,0
77,3,99,93,12,18,0.003812324727110367,0.8438483105262876,0.847660635253398,1.891903981953138,4.256161410369067,3.4835830626110833,18.105414962027485,0.8804653349764093,0.26719326989692743,0
77,14,97,94,16,19,0.008232576739438516,1.3808542591062802,1.3890868358457187,3.196613757149396,5.15202768630243,5.532080148029988,19.492074023627705,0.8398332889990235,0.26133062580667027,0
78,3,90,97,20,13,0.01046811660889691,0.06949162276191821,0.07995973937081513,0.31928162092851275,3.4289107209767695,0.3657372741442699,13.559001265811856,0.7930628995653771,0.2521287993107742,0
78,14,93,103,36,26,0.006315413253466593,3.1396486889391486,3.145964102192615,5.05238960344094,7.082969324641798,14.081826557282861,30.599977478326867,1.0,0.2590754605220044,0
79,3,88,89,17,16,0.0121784265011027,0.07524802622591377,0.08742645272701646,0.335267652788238,3.5997573736119235,0.3214732604547604,14.051631521614246,0.8277899325950372,0.24275966981944563,0
79,14,106,96,11,21,0.004815324304777793,1.0790384034208198,1.0838537277255977,2.4294347328856816,4.639518134834162,4.6785779632916045,19.995685647747294,0.9206881656519582,0.2930485170121789,0
