acuity,disposition,stays,patients,joint_probability,probability_within_acuity,record_type
1.0,ADMITTED,17,16,0.0765765765765765,0.9444444444444444,derived_demo_distribution
1.0,HOME,1,1,0.0045045045045045,0.0555555555555555,derived_demo_distribution
2.0,ADMITTED,75,38,0.3378378378378378,0.7731958762886598,derived_demo_distribution
2.0,HOME,19,14,0.0855855855855855,0.1958762886597938,derived_demo_distribution
2.0,TRANSFER,3,2,0.0135135135135135,0.0309278350515463,derived_demo_distribution
3.0,ADMITTED,47,21,0.2117117117117117,0.5222222222222223,derived_demo_distribution
3.0,ELOPED,1,1,0.0045045045045045,0.0111111111111111,derived_demo_distribution
3.0,HOME,36,17,0.1621621621621621,0.4,derived_demo_distribution
3.0,LEFT AGAINST MEDICAL ADVICE,2,2,0.009009009009009,0.0222222222222222,derived_demo_distribution
3.0,LEFT WITHOUT BEING SEEN,2,1,0.009009009009009,0.0222222222222222,derived_demo_distribution
3.0,TRANSFER,2,2,0.009009009009009,0.0222222222222222,derived_demo_distribution
4.0,HOME,2,2,0.009009009009009,1.0,derived_demo_distribution
Missing,ADMITTED,11,11,0.0495495495495495,0.7333333333333333,derived_demo_distribution
Missing,HOME,2,2,0.009009009009009,0.1333333333333333,derived_demo_distribution
Missing,OTHER,2,2,0.009009009009009,0.1333333333333333,derived_demo_distribution
