weekday,hour,calendar_hours,observed_hours,mean_arrivals,coverage_fraction
0,0,208,184,2.6630434782608696,0.8846153846153846
0,1,208,173,2.4508670520231215,0.8317307692307693
0,2,208,162,2.314814814814815,0.7788461538461539
0,3,208,166,2.2048192771084336,0.7980769230769231
0,4,208,158,2.0316455696202533,0.7596153846153846
0,5,208,167,2.07185628742515,0.8028846153846154
0,6,208,179,2.458100558659218,0.8605769230769231
0,7,208,191,3.2094240837696337,0.9182692307692307
0,8,208,198,4.762626262626263,0.9519230769230769
0,9,208,200,5.9,0.9615384615384616
0,10,208,201,6.1393034825870645,0.9663461538461539
0,11,208,201,6.467661691542289,0.9663461538461539
0,12,208,200,6.605,0.9615384615384616
0,13,208,200,6.155,0.9615384615384616
0,14,208,200,6.01,0.9615384615384616
0,15,208,200,6.02,0.9615384615384616
0,16,208,201,5.990049751243781,0.9663461538461539
0,17,208,200,6.47,0.9615384615384616
0,18,208,200,6.2,0.9615384615384616
0,19,208,200,5.82,0.9615384615384616
0,20,208,201,5.696517412935323,0.9663461538461539
0,21,208,196,5.270408163265306,0.9423076923076923
0,22,208,198,4.005050505050505,0.9519230769230769
0,23,208,197,3.451776649746193,0.9471153846153846
1,0,208,181,2.734806629834254,0.8701923076923077
1,1,208,175,2.1542857142857144,0.8413461538461539
1,2,208,158,2.259493670886076,0.7596153846153846
1,3,208,151,2.052980132450331,0.7259615384615384
1,4,208,149,1.8657718120805369,0.7163461538461539
1,5,208,150,1.94,0.7211538461538461
1,6,208,175,2.3714285714285714,0.8413461538461539
1,7,208,182,2.6923076923076925,0.875
1,8,208,199,4.276381909547739,0.9567307692307693
1,9,208,200,5.185,0.9615384615384616
1,10,208,199,5.341708542713568,0.9567307692307693
1,11,208,199,5.291457286432161,0.9567307692307693
1,12,208,201,5.661691542288557,0.9663461538461539
1,13,208,201,5.134328358208955,0.9663461538461539
1,14,208,199,5.341708542713568,0.9567307692307693
1,15,208,198,5.595959595959596,0.9519230769230769
1,16,208,201,5.7164179104477615,0.9663461538461539
1,17,208,199,6.040201005025126,0.9567307692307693
1,18,208,201,5.781094527363184,0.9663461538461539
1,19,208,201,5.651741293532338,0.9663461538461539
1,20,208,200,5.155,0.9615384615384616
1,21,208,199,4.909547738693467,0.9567307692307693
1,22,208,197,4.461928934010152,0.9471153846153846
1,23,208,193,3.2642487046632125,0.9278846153846154
2,0,209,192,2.5625,0.9186602870813397
2,1,209,167,2.4550898203592815,0.7990430622009569
2,2,209,166,1.9457831325301205,0.7942583732057417
2,3,209,154,1.8636363636363635,0.7368421052631579
2,4,209,156,2.0961538461538463,0.7464114832535885
2,5,209,154,1.9090909090909092,0.7368421052631579
2,6,209,185,2.454054054054054,0.8851674641148325
2,7,209,185,2.7945945945945945,0.8851674641148325
2,8,209,197,4.233502538071066,0.9425837320574163
2,9,209,200,5.38,0.9569377990430622
2,10,209,201,5.467661691542289,0.9617224880382775
2,11,209,203,5.645320197044335,0.9712918660287081
2,12,209,203,5.635467980295567,0.9712918660287081
2,13,209,201,5.830845771144278,0.9617224880382775
2,14,209,202,5.534653465346534,0.9665071770334929
2,15,209,203,5.541871921182266,0.9712918660287081
2,16,209,201,5.567164179104478,0.9617224880382775
2,17,209,202,5.856435643564357,0.9665071770334929
2,18,209,202,5.579207920792079,0.9665071770334929
2,19,209,203,5.320197044334975,0.9712918660287081
2,20,209,203,5.201970443349754,0.9712918660287081
2,21,209,203,4.901477832512315,0.9712918660287081
2,22,209,197,4.284263959390863,0.9425837320574163
2,23,209,195,3.4256410256410255,0.9330143540669856
3,0,209,185,2.6216216216216215,0.8851674641148325
3,1,209,173,2.254335260115607,0.8277511961722488
3,2,209,150,1.9266666666666667,0.7177033492822966
3,3,209,157,1.7961783439490446,0.7511961722488039
3,4,209,155,1.729032258064516,0.7416267942583732
3,5,209,159,1.9371069182389937,0.7607655502392344
3,6,209,165,2.2,0.7894736842105263
3,7,209,188,2.8085106382978724,0.8995215311004785
3,8,209,195,4.051282051282051,0.9330143540669856
3,9,209,201,5.0945273631840795,0.9617224880382775
3,10,209,202,5.118811881188119,0.9665071770334929
3,11,209,202,5.698019801980198,0.9665071770334929
3,12,209,202,5.4504950495049505,0.9665071770334929
3,13,209,201,5.492537313432836,0.9617224880382775
3,14,209,201,5.373134328358209,0.9617224880382775
3,15,209,201,5.432835820895522,0.9617224880382775
3,16,209,197,5.604060913705584,0.9425837320574163
3,17,209,202,5.717821782178218,0.9665071770334929
3,18,209,201,5.502487562189055,0.9617224880382775
3,19,209,200,5.525,0.9569377990430622
3,20,209,201,5.213930348258707,0.9617224880382775
3,21,209,202,4.955445544554456,0.9665071770334929
3,22,209,199,4.241206030150754,0.9521531100478469
3,23,209,186,3.4623655913978495,0.8899521531100478
4,0,209,185,2.675675675675676,0.8851674641148325
4,1,209,164,2.3658536585365852,0.784688995215311
4,2,209,166,2.0783132530120483,0.7942583732057417
4,3,209,160,1.925,0.7655502392344498
4,4,209,162,1.9814814814814814,0.7751196172248804
4,5,209,161,2.018633540372671,0.7703349282296651
4,6,209,164,2.225609756097561,0.784688995215311
4,7,209,184,2.755434782608696,0.8803827751196173
4,8,209,197,3.9390862944162435,0.9425837320574163
4,9,209,201,4.965174129353234,0.9617224880382775
4,10,209,201,5.562189054726368,0.9617224880382775
4,11,209,201,5.477611940298507,0.9617224880382775
4,12,209,202,5.8861386138613865,0.9665071770334929
4,13,209,202,5.5594059405940595,0.9665071770334929
4,14,209,201,5.741293532338308,0.9617224880382775
4,15,209,201,5.756218905472637,0.9617224880382775
4,16,209,202,5.801980198019802,0.9665071770334929
4,17,209,202,5.965346534653466,0.9665071770334929
4,18,209,200,5.525,0.9569377990430622
4,19,209,200,5.46,0.9569377990430622
4,20,209,202,5.272277227722772,0.9665071770334929
4,21,209,202,4.861386138613861,0.9665071770334929
4,22,209,201,4.63681592039801,0.9617224880382775
4,23,209,196,3.836734693877551,0.937799043062201
5,0,209,188,3.2180851063829787,0.8995215311004785
5,1,209,179,2.536312849162011,0.8564593301435407
5,2,209,177,2.598870056497175,0.84688995215311
5,3,209,183,2.3278688524590163,0.8755980861244019
5,4,209,170,2.0647058823529414,0.8133971291866029
5,5,209,155,2.0516129032258066,0.7416267942583732
5,6,209,172,2.1686046511627906,0.8229665071770335
5,7,209,185,2.881081081081081,0.8851674641148325
5,8,209,196,3.7755102040816326,0.937799043062201
5,9,209,200,4.435,0.9569377990430622
5,10,209,200,5.185,0.9569377990430622
5,11,209,199,5.623115577889447,0.9521531100478469
5,12,209,200,5.615,0.9569377990430622
5,13,209,201,5.497512437810945,0.9617224880382775
5,14,209,200,5.625,0.9569377990430622
5,15,209,200,5.55,0.9569377990430622
5,16,209,199,6.0703517587939695,0.9521531100478469
5,17,209,200,5.845,0.9569377990430622
5,18,209,201,5.945273631840796,0.9617224880382775
5,19,209,201,5.9054726368159205,0.9617224880382775
5,20,209,199,5.7537688442211055,0.9521531100478469
5,21,209,200,5.445,0.9569377990430622
5,22,209,198,4.717171717171717,0.9473684210526315
5,23,209,194,3.768041237113402,0.9282296650717703
6,0,208,194,3.3762886597938144,0.9326923076923077
6,1,208,182,2.9450549450549453,0.875
6,2,208,181,2.6408839779005526,0.8701923076923077
6,3,208,176,2.346590909090909,0.8461538461538461
6,4,208,171,1.9707602339181287,0.8221153846153846
6,5,208,169,2.1242603550295858,0.8125
6,6,208,171,2.3391812865497075,0.8221153846153846
6,7,208,185,2.902702702702703,0.8894230769230769
6,8,208,195,3.9384615384615387,0.9375
6,9,208,202,4.945544554455446,0.9711538461538461
6,10,208,202,5.584158415841584,0.9711538461538461
6,11,208,201,5.870646766169155,0.9663461538461539
6,12,208,201,6.109452736318408,0.9663461538461539
6,13,208,202,5.8861386138613865,0.9711538461538461
6,14,208,202,5.797029702970297,0.9711538461538461
6,15,208,202,5.9405940594059405,0.9711538461538461
6,16,208,202,6.212871287128713,0.9711538461538461
6,17,208,200,6.385,0.9615384615384616
6,18,208,202,6.282178217821782,0.9711538461538461
6,19,208,202,5.891089108910891,0.9711538461538461
6,20,208,202,5.9504950495049505,0.9711538461538461
6,21,208,201,5.159203980099503,0.9663461538461539
6,22,208,198,4.338383838383838,0.9519230769230769
6,23,208,195,3.517948717948718,0.9375
