hour,calendar_hours,observed_hours,observed_arrivals,mean_arrivals,coverage_fraction
0,1460,1309,3717.0,2.839572192513369,0.8965753424657534
1,1460,1213,2979.0,2.4558944765045343,0.8308219178082191
2,1460,1160,2627.0,2.264655172413793,0.7945205479452054
3,1460,1147,2392.0,2.085440278988666,0.7856164383561643
4,1460,1121,2203.0,1.9652096342551293,0.7678082191780822
5,1460,1115,2241.0,2.009865470852018,0.7636986301369864
6,1460,1211,2810.0,2.3203963666391414,0.8294520547945206
7,1460,1300,3725.0,2.8653846153846154,0.8904109589041096
8,1460,1377,5702.0,4.140885984023239,0.9431506849315069
9,1460,1404,7201.0,5.128917378917379,0.9616438356164384
10,1460,1406,7713.0,5.485775248933144,0.963013698630137
11,1460,1406,8050.0,5.725462304409673,0.963013698630137
12,1460,1409,8244.0,5.850958126330731,0.9650684931506849
13,1460,1408,7956.0,5.650568181818182,0.9643835616438357
14,1460,1405,7913.0,5.63202846975089,0.9623287671232876
15,1460,1405,7996.0,5.691103202846975,0.9623287671232876
16,1460,1403,8211.0,5.852459016393443,0.9609589041095891
17,1460,1405,8485.0,6.039145907473309,0.9623287671232876
18,1460,1407,8204.0,5.830845771144278,0.9636986301369863
19,1460,1407,7954.0,5.65316275764037,0.9636986301369863
20,1460,1408,7692.0,5.463068181818182,0.9643835616438357
21,1460,1403,7114.0,5.070563079116179,0.9609589041095891
22,1460,1388,6085.0,4.38400576368876,0.9506849315068493
23,1460,1356,4791.0,3.5331858407079646,0.9287671232876712
