month,calendar_hours,observed_hours,observed_arrivals,mean_arrivals,coverage_fraction
2014-01,744,659,2423.0,3.676783004552352,0.885752688172043
2014-02,672,583,2303.0,3.9502572898799313,0.8675595238095238
2014-03,744,650,2504.0,3.852307692307692,0.8736559139784946
2014-04,720,644,2568.0,3.987577639751553,0.8944444444444445
2014-05,744,671,2665.0,3.9716840536512668,0.9018817204301075
2014-06,720,643,2541.0,3.9517884914463455,0.8930555555555556
2014-07,744,672,2753.0,4.096726190476191,0.9032258064516129
2014-08,744,685,2857.0,4.170802919708029,0.9206989247311828
2014-09,720,655,2717.0,4.148091603053435,0.9097222222222222
2014-10,744,671,2640.0,3.9344262295081966,0.9018817204301075
2014-11,720,648,2432.0,3.753086419753086,0.9
2014-12,744,679,2813.0,4.142857142857143,0.9126344086021505
2015-01,744,671,2755.0,4.105812220566319,0.9018817204301075
2015-02,672,603,2317.0,3.842454394693201,0.8973214285714286
2015-03,744,678,2823.0,4.163716814159292,0.9112903225806451
2015-04,720,660,2836.0,4.296969696969697,0.9166666666666666
2015-05,744,678,2946.0,4.345132743362832,0.9112903225806451
2015-06,720,660,2860.0,4.333333333333333,0.9166666666666666
2015-07,744,690,3095.0,4.4855072463768115,0.9274193548387096
2015-08,744,684,3170.0,4.6345029239766085,0.9193548387096774
2015-09,720,644,2826.0,4.388198757763975,0.8944444444444445
2015-10,744,661,2773.0,4.195158850226929,0.8884408602150538
2015-11,720,653,2709.0,4.14854517611026,0.9069444444444444
2015-12,744,676,2637.0,3.9008875739644973,0.9086021505376344
2016-01,744,683,2860.0,4.187408491947291,0.918010752688172
2016-02,696,629,2655.0,4.220985691573927,0.9037356321839081
2016-03,744,683,2932.0,4.292825768667643,0.918010752688172
2016-04,720,653,2795.0,4.280245022970903,0.9069444444444444
2016-05,744,671,2960.0,4.411326378539493,0.9018817204301075
2016-06,720,664,3133.0,4.718373493975903,0.9222222222222223
2016-07,744,667,3084.0,4.623688155922039,0.896505376344086
2016-08,744,684,3379.0,4.940058479532164,0.9193548387096774
2016-09,720,659,3225.0,4.893778452200303,0.9152777777777777
2016-10,744,682,3176.0,4.656891495601173,0.9166666666666666
2016-11,720,664,3112.0,4.686746987951807,0.9222222222222223
2016-12,744,683,3199.0,4.683748169838946,0.918010752688172
2017-01,744,694,3470.0,5.0,0.9327956989247311
2017-02,672,627,3043.0,4.853269537480064,0.9330357142857143
2017-03,744,684,3193.0,4.668128654970761,0.9193548387096774
2017-04,720,677,3360.0,4.963072378138848,0.9402777777777778
2017-05,744,691,3457.0,5.002894356005789,0.928763440860215
2017-06,720,671,3439.0,5.125186289120715,0.9319444444444445
2017-07,744,691,3500.0,5.065123010130246,0.928763440860215
2017-08,744,680,3492.0,5.135294117647059,0.9139784946236559
2017-09,720,666,3465.0,5.202702702702703,0.925
2017-10,744,690,3417.0,4.952173913043478,0.9274193548387096
2017-11,720,665,3317.0,4.98796992481203,0.9236111111111112
2017-12,720,697,3379.0,4.847919655667145,0.9680555555555556
