week_start,calendar_hours,observed_hours,mean_arrivals,complete_week_total,coverage_fraction
2013-12-30,120,112,3.8839285714285716,,0.9333333333333333
2014-01-06,168,159,3.7358490566037736,,0.9464285714285714
2014-01-13,168,149,3.6442953020134228,,0.8869047619047619
2014-01-20,168,149,3.791946308724832,,0.8869047619047619
2014-01-27,168,136,3.1544117647058822,,0.8095238095238095
2014-02-03,168,150,3.66,,0.8928571428571429
2014-02-10,168,156,4.089743589743589,,0.9285714285714286
2014-02-17,168,147,4.204081632653061,,0.875
2014-02-24,168,126,4.079365079365079,,0.75
2014-03-03,168,146,4.013698630136986,,0.8690476190476191
2014-03-10,168,156,3.7115384615384617,,0.9285714285714286
2014-03-17,168,155,3.606451612903226,,0.9226190476190477
2014-03-24,168,151,4.112582781456954,,0.8988095238095238
2014-03-31,168,135,3.7333333333333334,,0.8035714285714286
2014-04-07,168,155,4.167741935483871,,0.9226190476190477
2014-04-14,168,156,3.7884615384615383,,0.9285714285714286
2014-04-21,168,155,4.2,,0.9226190476190477
2014-04-28,168,136,3.7794117647058822,,0.8095238095238095
2014-05-05,168,158,4.2025316455696204,,0.9404761904761905
2014-05-12,168,151,4.0927152317880795,,0.8988095238095238
2014-05-19,168,158,4.031645569620253,,0.9404761904761905
2014-05-26,168,134,3.888059701492537,,0.7976190476190477
2014-06-02,168,153,4.104575163398692,,0.9107142857142857
2014-06-09,168,155,3.7806451612903227,,0.9226190476190477
2014-06-16,168,157,3.7197452229299364,,0.9345238095238095
2014-06-23,168,155,4.064516129032258,,0.9226190476190477
2014-06-30,168,134,4.022388059701493,,0.7976190476190477
2014-07-07,168,157,4.031847133757962,,0.9345238095238095
2014-07-14,168,156,4.019230769230769,,0.9285714285714286
2014-07-21,168,156,4.096153846153846,,0.9285714285714286
2014-07-28,168,136,4.5,,0.8095238095238095
2014-08-04,168,164,4.0182926829268295,,0.9761904761904762
2014-08-11,168,163,4.110429447852761,,0.9702380952380952
2014-08-18,168,154,4.402597402597403,,0.9166666666666666
2014-08-25,168,137,4.036496350364963,,0.8154761904761905
2014-09-01,168,155,4.348387096774194,,0.9226190476190477
2014-09-08,168,162,4.117283950617284,,0.9642857142857143
2014-09-15,168,157,4.273885350318471,,0.9345238095238095
2014-09-22,168,158,3.810126582278481,,0.9404761904761905
2014-09-29,168,136,3.926470588235294,,0.8095238095238095
2014-10-06,168,150,4.233333333333333,,0.8928571428571429
2014-10-13,168,158,4.018987341772152,,0.9404761904761905
2014-10-20,168,159,3.861635220125786,,0.9464285714285714
2014-10-27,168,136,3.6176470588235294,,0.8095238095238095
2014-11-03,168,154,3.857142857142857,,0.9166666666666666
2014-11-10,168,157,3.6305732484076434,,0.9345238095238095
2014-11-17,168,153,3.738562091503268,,0.9107142857142857
2014-11-24,168,139,3.805755395683453,,0.8273809523809523
2014-12-01,168,154,4.175324675324675,,0.9166666666666666
2014-12-08,168,161,3.8322981366459627,,0.9583333333333334
2014-12-15,168,157,4.063694267515924,,0.9345238095238095
2014-12-22,168,161,4.472049689440993,,0.9583333333333334
2014-12-29,168,138,4.427536231884058,,0.8214285714285714
2015-01-05,168,152,4.1118421052631575,,0.9047619047619048
2015-01-12,168,160,4.09375,,0.9523809523809523
2015-01-19,168,155,3.9741935483870967,,0.9226190476190477
2015-01-26,168,134,3.7686567164179103,,0.7976190476190477
2015-02-02,168,157,3.7961783439490446,,0.9345238095238095
2015-02-09,168,156,3.801282051282051,,0.9285714285714286
2015-02-16,168,156,4.25,,0.9285714285714286
2015-02-23,168,136,3.6323529411764706,,0.8095238095238095
2015-03-02,168,152,4.282894736842105,,0.9047619047619048
2015-03-09,168,160,4.20625,,0.9523809523809523
2015-03-16,168,159,4.044025157232705,,0.9464285714285714
2015-03-23,168,161,4.15527950310559,,0.9583333333333334
2015-03-30,168,136,4.1911764705882355,,0.8095238095238095
2015-04-06,168,160,4.425,,0.9523809523809523
2015-04-13,168,161,4.3602484472049685,,0.9583333333333334
2015-04-20,168,156,4.211538461538462,,0.9285714285714286
2015-04-27,168,140,4.264285714285714,,0.8333333333333334
2015-05-04,168,161,4.552795031055901,,0.9583333333333334
2015-05-11,168,161,4.043478260869565,,0.9583333333333334
2015-05-18,168,156,4.205128205128205,,0.9285714285714286
2015-05-25,168,129,4.682170542635659,,0.7678571428571429
2015-06-01,168,157,4.407643312101911,,0.9345238095238095
2015-06-08,168,161,4.37888198757764,,0.9583333333333334
2015-06-15,168,160,4.19375,,0.9523809523809523
2015-06-22,168,158,4.367088607594937,,0.9404761904761905
2015-06-29,168,141,4.099290780141844,,0.8392857142857143
2015-07-06,168,162,4.617283950617284,,0.9642857142857143
2015-07-13,168,161,4.596273291925466,,0.9583333333333334
2015-07-20,168,157,4.528662420382165,,0.9345238095238095
2015-07-27,168,140,4.628571428571429,,0.8333333333333334
2015-08-03,168,163,4.680981595092025,,0.9702380952380952
2015-08-10,168,162,4.487654320987654,,0.9642857142857143
2015-08-17,168,158,4.651898734177215,,0.9404761904761905
2015-08-24,168,154,4.6558441558441555,,0.9166666666666666
2015-08-31,168,132,4.348484848484849,,0.7857142857142857
2015-09-07,168,153,4.6797385620915035,,0.9107142857142857
2015-09-14,168,156,4.403846153846154,,0.9285714285714286
2015-09-21,168,159,4.220125786163522,,0.9464285714285714
2015-09-28,168,126,4.095238095238095,,0.75
2015-10-05,168,152,4.2105263157894735,,0.9047619047619048
2015-10-12,168,154,4.3441558441558445,,0.9166666666666666
2015-10-19,168,159,4.2578616352201255,,0.9464285714285714
2015-10-26,168,137,4.102189781021898,,0.8154761904761905
2015-11-02,168,156,4.198717948717949,,0.9285714285714286
2015-11-09,168,155,3.9806451612903224,,0.9226190476190477
2015-11-16,168,156,4.262820512820513,,0.9285714285714286
2015-11-23,168,163,4.042944785276074,,0.9702380952380952
2015-11-30,168,136,3.7426470588235294,,0.8095238095238095
2015-12-07,168,159,3.993710691823899,,0.9464285714285714
2015-12-14,168,155,3.774193548387097,,0.9226190476190477
2015-12-21,168,160,3.96875,,0.9523809523809523
2015-12-28,168,136,4.213235294117647,,0.8095238095238095
2016-01-04,168,162,4.253086419753086,,0.9642857142857143
2016-01-11,168,160,4.1625,,0.9523809523809523
2016-01-18,168,157,4.0,,0.9345238095238095
2016-01-25,168,134,4.3059701492537314,,0.7976190476190477
2016-02-01,168,158,4.189873417721519,,0.9404761904761905
2016-02-08,168,152,4.078947368421052,,0.9047619047619048
2016-02-15,168,161,4.304347826086956,,0.9583333333333334
2016-02-22,168,158,4.30379746835443,,0.9404761904761905
2016-02-29,168,137,4.0,,0.8154761904761905
2016-03-07,168,163,4.441717791411043,,0.9702380952380952
2016-03-14,168,157,4.3312101910828025,,0.9345238095238095
2016-03-21,168,158,4.2405063291139244,,0.9404761904761905
2016-03-28,168,136,4.404411764705882,,0.8095238095238095
2016-04-04,168,157,4.089171974522293,,0.9345238095238095
2016-04-11,168,156,4.3076923076923075,,0.9285714285714286
2016-04-18,168,159,4.314465408805032,,0.9464285714285714
2016-04-25,168,136,4.463235294117647,,0.8095238095238095
2016-05-02,168,155,4.503225806451613,,0.9226190476190477
2016-05-09,168,156,4.256410256410256,,0.9285714285714286
2016-05-16,168,156,4.134615384615385,,0.9285714285714286
2016-05-23,168,159,4.591194968553459,,0.9464285714285714
2016-05-30,168,134,5.007462686567164,,0.7976190476190477
2016-06-06,168,161,4.708074534161491,,0.9583333333333334
2016-06-13,168,158,4.715189873417722,,0.9404761904761905
2016-06-20,168,164,4.719512195121951,,0.9761904761904762
2016-06-27,168,139,4.323741007194244,,0.8273809523809523
2016-07-04,168,162,4.895061728395062,,0.9642857142857143
2016-07-11,168,158,4.765822784810126,,0.9404761904761905
2016-07-18,168,161,4.565217391304348,,0.9583333333333334
2016-07-25,168,116,4.387931034482759,,0.6904761904761905
2016-08-01,168,156,4.839743589743589,,0.9285714285714286
2016-08-08,168,160,4.83125,,0.9523809523809523
2016-08-15,168,162,5.061728395061729,,0.9642857142857143
2016-08-22,168,162,5.018518518518518,,0.9642857142857143
2016-08-29,168,136,4.6911764705882355,,0.8095238095238095
2016-09-05,168,161,4.975155279503106,,0.9583333333333334
2016-09-12,168,161,5.068322981366459,,0.9583333333333334
2016-09-19,168,158,5.1075949367088604,,0.9404761904761905
2016-09-26,168,131,4.679389312977099,,0.7797619047619048
2016-10-03,168,162,4.512345679012346,,0.9642857142857143
2016-10-10,168,158,4.727848101265823,,0.9404761904761905
2016-10-17,168,159,4.716981132075472,,0.9464285714285714
2016-10-24,168,159,4.50314465408805,,0.9464285714285714
2016-10-31,168,137,4.635036496350365,,0.8154761904761905
2016-11-07,168,158,4.424050632911392,,0.9404761904761905
2016-11-14,168,159,4.8427672955974845,,0.9464285714285714
2016-11-21,168,163,4.6503067484662575,,0.9702380952380952
2016-11-28,168,141,4.673758865248227,,0.8392857142857143
2016-12-05,168,159,4.50314465408805,,0.9464285714285714
2016-12-12,168,157,4.369426751592357,,0.9345238095238095
2016-12-19,168,158,4.943037974683544,,0.9404761904761905
2016-12-26,168,138,5.384057971014493,,0.8214285714285714
2017-01-02,168,161,5.055900621118012,,0.9583333333333334
2017-01-09,168,163,4.815950920245399,,0.9702380952380952
2017-01-16,168,162,5.179012345679013,,0.9642857142857143
2017-01-23,168,162,4.734567901234568,,0.9642857142857143
2017-01-30,168,137,4.817518248175182,,0.8154761904761905
2017-02-06,168,162,4.944444444444445,,0.9642857142857143
2017-02-13,168,164,4.951219512195122,,0.9761904761904762
2017-02-20,168,164,4.75,,0.9761904761904762
2017-02-27,168,136,4.492647058823529,,0.8095238095238095
2017-03-06,168,160,4.5,,0.9523809523809523
2017-03-13,168,155,4.716129032258064,,0.9226190476190477
2017-03-20,168,164,4.804878048780488,,0.9761904761904762
2017-03-27,168,139,4.971223021582734,,0.8273809523809523
2017-04-03,168,161,5.074534161490683,,0.9583333333333334
2017-04-10,168,164,5.115853658536586,,0.9761904761904762
2017-04-17,168,165,5.042424242424242,,0.9821428571428571
2017-04-24,168,140,4.6,,0.8333333333333334
2017-05-01,168,159,4.817610062893082,,0.9464285714285714
2017-05-08,168,156,5.0256410256410255,,0.9285714285714286
2017-05-15,168,162,5.037037037037037,,0.9642857142857143
2017-05-22,168,166,5.024096385542169,,0.9880952380952381
2017-05-29,168,140,5.242857142857143,,0.8333333333333334
2017-06-05,168,162,5.117283950617284,,0.9642857142857143
2017-06-12,168,160,5.225,,0.9523809523809523
2017-06-19,168,164,5.030487804878049,,0.9761904761904762
2017-06-26,168,140,4.9,,0.8333333333333334
2017-07-03,168,163,4.987730061349693,,0.9702380952380952
2017-07-10,168,164,5.335365853658536,,0.9761904761904762
2017-07-17,168,156,5.089743589743589,,0.9285714285714286
2017-07-24,168,161,4.9937888198757765,,0.9583333333333334
2017-07-31,168,136,5.169117647058823,,0.8095238095238095
2017-08-07,168,160,5.1125,,0.9523809523809523
2017-08-14,168,159,5.283018867924528,,0.9464285714285714
2017-08-21,168,157,4.968152866242038,,0.9345238095238095
2017-08-28,168,136,5.161764705882353,,0.8095238095238095
2017-09-04,168,160,5.16875,,0.9523809523809523
2017-09-11,168,164,5.365853658536586,,0.9761904761904762
2017-09-18,168,157,5.3630573248407645,,0.9345238095238095
2017-09-25,168,140,4.814285714285714,,0.8333333333333334
2017-10-02,168,162,5.234567901234568,,0.9642857142857143
2017-10-09,168,158,4.791139240506329,,0.9404761904761905
2017-10-16,168,163,4.950920245398773,,0.9702380952380952
2017-10-23,168,161,4.795031055900621,,0.9583333333333334
2017-10-30,168,139,4.9496402877697845,,0.8273809523809523
2017-11-06,168,157,4.67515923566879,,0.9345238095238095
2017-11-13,168,161,5.099378881987578,,0.9583333333333334
2017-11-20,168,163,5.07361963190184,,0.9702380952380952
2017-11-27,168,140,5.207142857142857,,0.8333333333333334
2017-12-04,168,164,4.725609756097561,,0.9761904761904762
2017-12-11,168,163,4.871165644171779,,0.9702380952380952
2017-12-18,168,163,4.619631901840491,,0.9702380952380952
2017-12-25,144,135,5.177777777777778,,0.9375
