dataset,field,dtype,missing_rows
forecast_path,origin,str,0
forecast_path,target_time,str,0
forecast_path,horizon_hours,int64,0
forecast_path,forecast,float64,0
forecast_path,lower90,float64,0
forecast_path,upper90,float64,0
forecast_path,model,str,0
forecast_path,actual,float64,3
forecast_path,record_type,str,0
forecast_backtest,origin,str,0
forecast_backtest,target_time,str,0
forecast_backtest,horizon_hours,int64,0
forecast_backtest,split,str,0
forecast_backtest,actual,float64,1800
forecast_backtest,forecast,float64,0
forecast_backtest,baseline_forecast,float64,0
forecast_backtest,model,str,0
forecast_backtest,baseline_model,str,0
forecast_backtest,lower90,float64,0
forecast_backtest,upper90,float64,0
forecast_backtest,lag_fallback,bool,0
forecast_backtest,weekly_naive_fallback,bool,0
forecast_backtest,error,float64,1800
forecast_backtest,absolute_error,float64,1800
forecast_backtest,target_hour,int64,0
forecast_backtest,target_weekday,int64,0
forecast_backtest,demand_group,str,0
model_metrics,horizon_hours,int64,0
model_metrics,split,str,0
model_metrics,model,str,0
model_metrics,n,int64,0
model_metrics,mae,float64,0
model_metrics,rmse,float64,0
model_metrics,bias,float64,0
selected_models,horizon_hours,int64,0
selected_models,model,str,0
selected_models,best_baseline,str,0
selected_models,selection_baseline_mae,float64,0
selected_models,selection_advanced_mae,float64,0
selected_models,calibration_absolute_error_q90,float64,0
selected_models,selection_rule,str,0
forecast_errors,horizon_hours,int64,0
forecast_errors,dimension,str,0
forecast_errors,value,str,0
forecast_errors,n,int64,0
forecast_errors,mae,float64,0
forecast_errors,rmse,float64,0
forecast_errors,bias,float64,0
forecast_intervals,horizon_hours,int64,0
forecast_intervals,n,int64,0
forecast_intervals,empirical_coverage,float64,0
forecast_intervals,mean_width,float64,0
patient_flow,dimension,str,0
patient_flow,group,str,0
patient_flow,stays,int64,0
patient_flow,patients,int64,0
patient_flow,mean_los_hours,float64,0
patient_flow,median_los_hours,float64,0
patient_flow,p90_los_hours,float64,0
patient_flow,admitted_disposition_rate,float64,0
patient_flow,mean_los_lower95,float64,7
patient_flow,mean_los_upper95,float64,7
patient_flow,admitted_rate_lower95,float64,7
patient_flow,admitted_rate_upper95,float64,7
patient_flow,interval_status,str,0
patient_flow,resamples,int64,0
los_histogram,los_band_hours,str,0
los_histogram,stays,int64,0
acuity_disposition,acuity,str,0
acuity_disposition,disposition,str,0
acuity_disposition,stays,int64,0
acuity_disposition,patients,int64,0
acuity_disposition,joint_probability,float64,0
acuity_disposition,probability_within_acuity,float64,0
acuity_disposition,record_type,str,0
simulation_scenarios,scenario,str,0
simulation_scenarios,metric,str,0
simulation_scenarios,mean,float64,0
simulation_scenarios,mean_lower95,float64,0
simulation_scenarios,mean_upper95,float64,0
simulation_scenarios,run_p05,float64,0
simulation_scenarios,run_p95,float64,0
simulation_scenarios,change_vs_baseline,float64,0
simulation_scenarios,change_lower95,float64,0
simulation_scenarios,change_upper95,float64,0
simulation_scenarios,replications,int64,0
simulation_scenarios,comparison,str,0
simulation_scenarios,record_type,str,0
simulation_timeline,scenario,str,0
simulation_timeline,hour,int64,0
simulation_timeline,mean_occupancy,float64,0
simulation_timeline,mean_queue,float64,0
simulation_timeline,triage_queue,float64,0
simulation_timeline,treatment_queue,float64,0
simulation_timeline,treatment_in_service,float64,0
simulation_timeline,boarding_in_resource,float64,0
simulation_load,scenario,str,0
simulation_load,mean_hourly_arrival_rate,float64,0
simulation_load,expected_treatment_resource_hours_per_arrival,float64,0
simulation_load,treatment_capacity,int64,0
simulation_load,average_offered_load_ratio,float64,0
simulation_load,interpretation,str,0
simulation_load,record_type,str,0
table_inventory,table,str,0
table_inventory,rows,int64,0
table_inventory,columns,int64,0
table_inventory,exact_duplicate_rows,int64,0
column_quality,table,str,0
column_quality,column,str,0
column_quality,dtype,str,0
column_quality,missing,int64,0
column_quality,missing_pct,float64,0
column_quality,distinct_nonmissing,int64,0
hourly_demand,timestamp,str,0
hourly_demand,arrivals_observed,float64,3067
hourly_demand,status,str,0
hourly_demand,excel_row,float64,768
hourly_demand,excel_column,float64,768
demand_heatmap,weekday,int64,0
demand_heatmap,hour,int64,0
demand_heatmap,calendar_hours,int64,0
demand_heatmap,observed_hours,int64,0
demand_heatmap,mean_arrivals,float64,0
demand_heatmap,coverage_fraction,float64,0
demand_hour,hour,int64,0
demand_hour,calendar_hours,int64,0
demand_hour,observed_hours,int64,0
demand_hour,observed_arrivals,float64,0
demand_hour,mean_arrivals,float64,0
demand_hour,coverage_fraction,float64,0
demand_month,month,str,0
demand_month,calendar_hours,int64,0
demand_month,observed_hours,int64,0
demand_month,observed_arrivals,float64,0
demand_month,mean_arrivals,float64,0
demand_month,coverage_fraction,float64,0
demand_week,week_start,str,0
demand_week,calendar_hours,int64,0
demand_week,observed_hours,int64,0
demand_week,mean_arrivals,float64,0
demand_week,complete_week_total,object,209
demand_week,coverage_fraction,float64,0
