horizon_hours,split,model,n,mae,rmse,bias
1,selection,historical_mean,3982,2.0140329929492427,2.487727297291507,-0.2451808520819343
1,selection,hour_mean,3982,1.5639336201012868,2.0367166244016675,-0.258802772125363
1,selection,weekday_hour_mean,3982,1.5635195543784586,2.033033289706588,-0.2570475626708884
1,selection,weekly_naive,3982,2.0829484090284023,2.769296333927601,-0.0233074528043671
1,selection,calendar_linear,3982,1.581194419451151,2.012120486527301,0.0799877251021513
1,selection,calendar_ridge,3982,1.581270383809027,2.012160879593223,0.0796800865787915
1,selection,lag_ridge,3982,1.5802572785159374,2.011441293892558,0.0754983997915013
1,calibration,historical_mean,4038,2.1919732592389867,2.746161549294236,-0.5921355576145102
1,calibration,hour_mean,4038,1.6760879234612391,2.212797550787808,-0.6146562055382383
1,calibration,weekday_hour_mean,4038,1.6676987861227053,2.2007577348607903,-0.6147462661667045
1,calibration,weekly_naive,4038,2.1874601404910474,2.8883637711432817,-0.0633223589159969
1,calibration,calendar_linear,4038,1.6508804286919951,2.1371773546711164,-0.2478833835869957
1,calibration,calendar_ridge,4038,1.6510205177390522,2.1373122858638185,-0.2480627103271941
1,calibration,lag_ridge,4038,1.648015590906138,2.1306980329989105,-0.2223825202653701
1,test,historical_mean,5414,2.2997665896467785,2.909939453583844,-0.821211094722
1,test,hour_mean,5414,1.783045904401603,2.383777707119325,-0.8605383721857068
1,test,weekday_hour_mean,5414,1.7768817248042243,2.3789741430738824,-0.85973976100028
1,test,weekly_naive,5414,2.3024596876261403,3.0282867479053333,-0.0422110333301222
1,test,calendar_linear,5414,1.7230851991701337,2.246965979346458,-0.3321309510615963
1,test,calendar_ridge,5414,1.723214108127613,2.2471245354094944,-0.3323852989750788
1,test,lag_ridge,5414,1.7209208201506052,2.241183753776909,-0.3008527519800829
1,coverage_supplement,historical_mean,2717,2.3617844070399627,2.998262679638971,-0.8396966823946855
1,coverage_supplement,hour_mean,2717,1.818354901180984,2.446158392061468,-0.8756589656308965
1,coverage_supplement,weekday_hour_mean,2717,1.8208609286672028,2.443180998283524,-0.8727570739255399
1,coverage_supplement,weekly_naive,2717,2.3617234571870123,3.135625904643205,-0.0150692721481695
1,coverage_supplement,calendar_linear,2717,1.7618140452102966,2.305356497785667,-0.3256075115525451
1,coverage_supplement,calendar_ridge,2717,1.761976529033231,2.305543804206732,-0.3258789258455437
1,coverage_supplement,lag_ridge,2717,1.7635747014325776,2.2999897019838884,-0.279464739692906
2,selection,historical_mean,3981,2.01375847133792,2.487552402840264,-0.2460228727751542
2,selection,hour_mean,3981,1.5639923826283155,2.03686334241822,-0.2592018685262988
2,selection,weekday_hour_mean,3981,1.5635870368601237,2.0331850434617844,-0.2574373942100852
2,selection,weekly_naive,3981,2.0832204382695547,2.769598778322972,-0.0235645006448103
2,selection,calendar_linear,3981,1.581231607219687,2.012243531183649,0.0796906675737559
2,selection,calendar_ridge,3981,1.581307205485029,2.012283686008546,0.0793822065401612
2,selection,lag_ridge,3981,1.580478614975756,2.0129943594818176,0.0680986078460597
2,calibration,historical_mean,4037,2.191982107028096,2.7462919765807774,-0.5928163577859801
2,calibration,hour_mean,4037,1.6764156391394662,2.2130646207310085,-0.6148959270978113
2,calibration,weekday_hour_mean,4037,1.6680360604197435,2.20102501817326,-0.6149743733540085
2,calibration,weekly_naive,4037,2.1879261641946672,2.88871746752867,-0.0634138736070783
2,calibration,calendar_linear,4037,1.65106756362145,2.1373930741005425,-0.2481457661870255
2,calibration,calendar_ridge,4037,1.6512075031629267,2.137527961050973,-0.2483254851411754
2,calibration,lag_ridge,4037,1.6502332579368326,2.1333274470525376,-0.2254254968207216
2,test,historical_mean,5414,2.2997665896467785,2.9099394535838443,-0.821211094722
2,test,hour_mean,5414,1.783045904401603,2.383777707119325,-0.8605383721857068
2,test,weekday_hour_mean,5414,1.7768817248042243,2.3789741430738824,-0.85973976100028
2,test,weekly_naive,5414,2.3024596876261403,3.0282867479053333,-0.0422110333301222
2,test,calendar_linear,5414,1.7230832569735977,2.246959225214367,-0.3320953690823199
2,test,calendar_ridge,5414,1.723212162542851,2.247117827766807,-0.3323499972545742
2,test,lag_ridge,5414,1.7217221615710578,2.241986096698543,-0.3062196476185321
2,coverage_supplement,historical_mean,2717,2.3617844070399627,2.998262679638971,-0.8396966823946855
2,coverage_supplement,hour_mean,2717,1.818354901180984,2.446158392061468,-0.8756589656308967
2,coverage_supplement,weekday_hour_mean,2717,1.8208609286672028,2.443180998283524,-0.8727570739255399
2,coverage_supplement,weekly_naive,2717,2.3617234571870123,3.135625904643205,-0.0150692721481695
2,coverage_supplement,calendar_linear,2717,1.7618117400788311,2.305349920578877,-0.3255735240386844
2,coverage_supplement,calendar_ridge,2717,1.7619742422175806,2.305537270582439,-0.3258452022789668
2,coverage_supplement,lag_ridge,2717,1.7651589433637702,2.304942081395866,-0.2880221395518023
3,selection,historical_mean,3980,2.0139863243388523,2.487803019088381,-0.2463628040315366
3,selection,hour_mean,3980,1.5641777285059928,2.037077105462536,-0.2590593775913874
3,selection,weekday_hour_mean,3980,1.5637404654682614,2.0333843486988306,-0.2572626445160499
3,selection,weekly_naive,3980,2.0832413479274114,2.769765274105385,-0.0230679088108014
3,selection,calendar_linear,3980,1.5814379938729006,2.01245954064396,0.0803337606144713
3,selection,calendar_ridge,3980,1.5815135553146236,2.012499684172271,0.0800239026837183
3,selection,lag_ridge,3980,1.5822582202748867,2.0157164441873103,0.0622761471559254
3,calibration,historical_mean,4036,2.191743189132262,2.746182816308858,-0.593745265390637
3,calibration,hour_mean,4036,1.6765371703947145,2.213260049142366,-0.6153421142682909
3,calibration,weekday_hour_mean,4036,1.668182335483546,2.2012323144453734,-0.6153937599437673
3,calibration,weekly_naive,4036,2.1882204967427827,2.8890324333954798,-0.0636773557363169
3,calibration,calendar_linear,4036,1.6510844574838024,2.137493899425224,-0.248401336388735
3,calibration,calendar_ridge,4036,1.651224196672411,2.1376286117361603,-0.2485816570865723
3,calibration,lag_ridge,4036,1.64967307831498,2.1309213798471527,-0.2096595146960147
3,test,historical_mean,5413,2.29997784252966,2.91016579851192,-0.8215764126287673
3,test,hour_mean,5413,1.783224910756186,2.3839722086529744,-0.8605469540931784
3,test,weekday_hour_mean,5413,1.777111791346488,2.3791829104375566,-0.8598003943328993
3,test,weekly_naive,5413,2.302885045041183,3.0285664585001117,-0.042218831414979
3,test,calendar_linear,5413,1.723291596767958,2.247092038313748,-0.3317386175753994
3,test,calendar_ridge,5413,1.723420270277087,2.247250713458886,-0.3319939975627464
3,test,lag_ridge,5413,1.7204494584035912,2.2378203674666186,-0.2828257703053577
3,coverage_supplement,historical_mean,2716,2.3623433316134714,2.998770888252953,-0.8396951917529344
3,coverage_supplement,hour_mean,2716,1.8179882849785312,2.4460127338383253,-0.8749452596141767
3,coverage_supplement,weekday_hour_mean,2716,1.8204553803724972,2.442987274212057,-0.8720024446828443
3,coverage_supplement,weekly_naive,2716,2.36151704826216,3.135701765750164,-0.0139988521095321
3,coverage_supplement,calendar_linear,2716,1.7616007669286442,2.3053014297486927,-0.3245405380271379
3,coverage_supplement,calendar_ridge,2716,1.7617637062224467,2.305489201001778,-0.3248131479579674
3,coverage_supplement,lag_ridge,2716,1.7690532242339974,2.302814582149553,-0.2534230823149078
4,selection,historical_mean,3979,2.014268025734169,2.4880753326959866,-0.2462002672965927
4,selection,hour_mean,3979,1.563817332940969,2.036778554658133,-0.2583709804302553
4,selection,weekday_hour_mean,3979,1.563351232109495,2.033041153460608,-0.2565450678999444
4,selection,weekly_naive,3979,2.0835135875222663,2.7700679371176395,-0.022822386797434
4,selection,calendar_linear,3979,1.581043694220126,2.012098223208724,0.0810807736656864
4,selection,calendar_ridge,3979,1.5811196693716834,2.012139062673495,0.0807699478560906
4,selection,lag_ridge,3979,1.5803338797290762,2.014724312166962,0.0588910415823097
4,calibration,historical_mean,4035,2.1917519842882784,2.7463133125016927,-0.5944268019457795
4,calibration,hour_mean,4035,1.6769473431825828,2.213534264049813,-0.615489289520564
4,calibration,weekday_hour_mean,4035,1.668569036647915,2.20150441024868,-0.615519546963021
4,calibration,weekly_naive,4035,2.188514975180637,2.8893475210194457,-0.0639409684638848
4,calibration,calendar_linear,4035,1.6514244958034288,2.137758579328996,-0.2485633272482053
4,calibration,calendar_ridge,4035,1.6515639887987974,2.1378933077478703,-0.2487441657710762
4,calibration,lag_ridge,4035,1.652434195338324,2.131898216563214,-0.2120554215798458
4,test,historical_mean,5412,2.3000043989058465,2.910287055503259,-0.822126640113475
4,test,hour_mean,5412,1.783550434580911,2.3841924293102297,-0.8607019904905815
4,test,weekday_hour_mean,5412,1.7774122659206046,2.379401821888188,-0.8599871540872526
4,test,weekly_naive,5412,2.303310559646697,3.028846246616418,-0.0422266323816115
4,test,calendar_linear,5412,1.7235606746680183,2.247306569951863,-0.3319043008384715
4,test,calendar_ridge,5412,1.7236892849620884,2.247465311410271,-0.3321602722634226
4,test,lag_ridge,5412,1.7209363546348264,2.23990628081232,-0.2981882329854424
4,coverage_supplement,historical_mean,2715,2.3620509148904527,2.998711359460422,-0.8411669965140255
4,coverage_supplement,hour_mean,2715,1.8182974850729416,2.446391077826932,-0.8756279319118813
4,coverage_supplement,weekday_hour_mean,2715,1.820797295111955,2.443377147274576,-0.8726522271165192
4,coverage_supplement,weekly_naive,2715,2.3623868519631768,3.1362791898901747,-0.0140040082244896
4,coverage_supplement,calendar_linear,2715,1.7617065598387809,2.30555927614582,-0.3252559387560884
4,coverage_supplement,calendar_ridge,2715,1.761869181795463,2.305746909421928,-0.3255293565249738
4,coverage_supplement,lag_ridge,2715,1.768207454976552,2.3048162516854416,-0.2611178428150043
5,selection,historical_mean,3978,2.0139933561761265,2.4879004183185645,-0.2470431792611285
5,selection,hour_mean,3978,1.5639844356971613,2.0369846656589856,-0.2586619441178465
5,selection,weekday_hour_mean,3978,1.5635186316405842,2.0332468859119364,-0.2568351586403505
5,selection,weekly_naive,3978,2.0832831987810705,2.770007736633134,-0.0235822717614353
5,selection,calendar_linear,3978,1.5812391946322608,2.012310911868147,0.0808625034351648
5,selection,calendar_ridge,3978,1.581314724628203,2.012351585252657,0.0805506565456778
5,selection,lag_ridge,3978,1.5787994919913642,2.012659701865592,0.0717353796550013
5,calibration,historical_mean,4034,2.1915128908945447,2.746204104246309,-0.5953565693073449
5,calibration,hour_mean,4034,1.6771399429206053,2.2137632561253406,-0.6158649685710154
5,calibration,weekday_hour_mean,4034,1.6687625948865386,2.2017328958870186,-0.6158921980906868
5,calibration,weekly_naive,4034,2.189057492526989,2.8897056232109453,-0.0639568189766423
5,calibration,calendar_linear,4034,1.6515358604592725,2.13794191281044,-0.2489442678707746
5,calibration,calendar_ridge,4034,1.6516751017831517,2.1380765303603195,-0.2491256492439855
5,calibration,lag_ridge,4034,1.650661374115249,2.1300419499170813,-0.2037835024381251
5,test,historical_mean,5411,2.300400582543676,2.910555191151682,-0.8223074535259169
5,test,hour_mean,5411,1.7834919519408403,2.3842418198091244,-0.8604729574080628
5,test,weekday_hour_mean,5411,1.7773675412468275,2.3794633167466364,-0.8597728812501354
5,test,weekly_naive,5411,2.303181805360917,3.0288515522637947,-0.0416800100627022
5,test,calendar_linear,5411,1.723551021400063,2.247389471364626,-0.3316689466355573
5,test,calendar_ridge,5411,1.723679979478387,2.247548500842061,-0.3319255414269041
5,test,lag_ridge,5411,1.718930419639655,2.236154876391274,-0.2821435037042831
5,coverage_supplement,historical_mean,2715,2.3620509148904527,2.998711359460422,-0.8411669965140255
5,coverage_supplement,hour_mean,2715,1.8182974850729416,2.446391077826932,-0.8756279319118813
5,coverage_supplement,weekday_hour_mean,2715,1.820797295111955,2.443377147274576,-0.8726522271165192
5,coverage_supplement,weekly_naive,2715,2.3623868519631768,3.1362791898901747,-0.0140040082244896
5,coverage_supplement,calendar_linear,2715,1.761709802354349,2.3055659980021512,-0.325288189110766
5,coverage_supplement,calendar_ridge,2715,1.7618724590595234,2.3057537096478726,-0.3255619293903646
5,coverage_supplement,lag_ridge,2715,1.7661435487839172,2.3000146694844266,-0.246032531026495
6,selection,historical_mean,3977,2.014221440115918,2.488151276018556,-0.247383623492179
6,selection,hour_mean,3977,1.5640854465809315,2.037157378875589,-0.2584347371259366
6,selection,weekday_hour_mean,3977,1.563622948960924,2.033420921352909,-0.2566109158719301
6,selection,weekly_naive,3977,2.08355558580616,2.770310586297692,-0.0233367556115136
6,selection,calendar_linear,3977,1.5813849500642163,2.012498505610853,0.0813293476782316
6,selection,calendar_ridge,3977,1.5814608240816863,2.0125393055110155,0.0810162941595721
6,selection,lag_ridge,3977,1.5785372267741746,2.012606883866114,0.0721792487642035
6,calibration,historical_mean,4033,2.191521633308699,2.7463346694179456,-0.5960388433722884
6,calibration,hour_mean,4033,1.6775248947834371,2.214036825505728,-0.6159867726593993
6,calibration,weekday_hour_mean,4033,1.669163590721682,2.202005694026053,-0.6160321301031684
6,calibration,weekly_naive,4033,2.18960027891244,2.8900638585836984,-0.0639726773498079
6,calibration,calendar_linear,4033,1.651845525727622,2.1381833664731564,-0.2490091881582694
6,calibration,calendar_ridge,4033,1.651984550988196,2.1383179719522345,-0.24919114448503
6,calibration,lag_ridge,4033,1.6512089604130913,2.132378399239715,-0.2145025861474506
6,test,historical_mean,5410,2.30042722687786,2.9106765487098603,-0.8228580195496018
6,test,hour_mean,5410,1.7837985809374808,2.3844615626596606,-0.8606089729121827
6,test,weekday_hour_mean,5410,1.77767795313695,2.379682846719648,-0.8599136822973744
6,test,weekly_naive,5410,2.30323784636006,3.0290094242109387,-0.0420574000830465
6,test,calendar_linear,5410,1.723793934316136,2.24756116832749,-0.3316420870925304
6,test,calendar_ridge,5410,1.7239223563823345,2.247720226554478,-0.3318993769669729
6,test,lag_ridge,5410,1.7197545484405177,2.2368699487438377,-0.2860183935025958
6,coverage_supplement,historical_mean,2714,2.361758282679797,2.998651785616889,-0.8426398858770039
6,coverage_supplement,hour_mean,2714,1.818644915642283,2.446784039023868,-0.8762731046649368
6,coverage_supplement,weekday_hour_mean,2714,1.8211187187253908,2.443759433662541,-0.8733232314773757
6,coverage_supplement,weekly_naive,2714,2.3632572966396554,3.136856933137204,-0.0140091681390896
6,coverage_supplement,calendar_linear,2714,1.7617713143312366,2.3057673293123915,-0.3258355185104024
6,coverage_supplement,calendar_ridge,2714,1.761933694987276,2.3059548856925938,-0.3261101500153737
6,coverage_supplement,lag_ridge,2714,1.765052865832475,2.303297999318074,-0.2730324793096838
7,selection,historical_mean,3977,2.014221440115918,2.488151276018556,-0.247383623492179
7,selection,hour_mean,3977,1.5640854465809315,2.037157378875589,-0.2584347371259366
7,selection,weekday_hour_mean,3977,1.563622948960924,2.033420921352909,-0.2566109158719301
7,selection,weekly_naive,3977,2.08355558580616,2.770310586297692,-0.0233367556115136
7,selection,calendar_linear,3977,1.5813922739363602,2.012500820015429,0.08140446237635
7,selection,calendar_ridge,3977,1.5814680969906176,2.0125415755292058,0.0810909035838911
7,selection,lag_ridge,3977,1.5789569577834568,2.0114417062093954,0.0824523147726213
7,calibration,historical_mean,4033,2.191521633308699,2.7463346694179456,-0.5960388433722884
7,calibration,hour_mean,4033,1.6775248947834371,2.214036825505728,-0.6159867726593993
7,calibration,weekday_hour_mean,4033,1.669163590721682,2.202005694026053,-0.6160321301031684
7,calibration,weekly_naive,4033,2.18960027891244,2.8900638585836984,-0.0639726773498079
7,calibration,calendar_linear,4033,1.6518417175685487,2.138177286888886,-0.2489733424689114
7,calibration,calendar_ridge,4033,1.6519807622629528,2.138311913962693,-0.2491554777807567
7,calibration,lag_ridge,4033,1.6484704685264633,2.132435673220201,-0.2256216615050208
7,test,historical_mean,5409,2.3002690040071387,2.910629231244919,-0.8235936662040959
7,test,hour_mean,5409,1.783898144836235,2.384621858646352,-0.8609982992988507
7,test,weekday_hour_mean,5409,1.777754176715754,2.3798303989546623,-0.860325088897057
7,test,weekly_naive,5409,2.303478785137349,3.0292588933693363,-0.0422500525881459
7,test,calendar_linear,5409,1.7237838694524534,2.247628925665408,-0.3319647972628056
7,test,calendar_ridge,5409,1.723911991263228,2.2477879289627167,-0.3322226169936952
7,test,lag_ridge,5409,1.7193395835228895,2.2370169164516387,-0.2920562949167133
7,coverage_supplement,historical_mean,2713,2.362571221694936,2.999202879394811,-0.8430080740894944
7,coverage_supplement,hour_mean,2713,1.8186684697772688,2.447003039160552,-0.8759493046491756
7,coverage_supplement,weekday_hour_mean,2713,1.8210941568443308,2.443941053621175,-0.8729493163020849
7,coverage_supplement,weekly_naive,2713,2.363022596048664,3.1369062771978085,-0.0129085449058198
7,coverage_supplement,calendar_linear,2713,1.7620323404009512,2.306094082179261,-0.32551188564536
7,coverage_supplement,calendar_ridge,2713,1.7621950887437166,2.306281853302334,-0.325787197895941
7,coverage_supplement,lag_ridge,2713,1.765268878242107,2.305021778132214,-0.2853089027588891
8,selection,historical_mean,3976,2.014449638786061,2.488402234596274,-0.2477242389728427
8,selection,hour_mean,3976,1.5644115734378958,2.037409131022058,-0.2584324810076858
8,selection,weekday_hour_mean,3976,1.563910021578313,2.033665593521361,-0.2565692631288843
8,selection,weekly_naive,3976,2.083828109846856,2.7706135551723023,-0.0230911159625225
8,selection,calendar_linear,3976,1.5818576087619245,2.01277710802186,0.0821069896211226
8,selection,calendar_ridge,3976,1.5819335245110075,2.0128176181179014,0.0817920657476025
8,selection,lag_ridge,3976,1.5810667054535903,2.013696559939945,0.0826961801959063
8,calibration,historical_mean,4032,2.191282364186353,2.746225413137481,-0.5969694717398434
8,calibration,hour_mean,4032,1.6775067636256646,2.2141397275258976,-0.6165737311156446
8,calibration,weekday_hour_mean,4032,1.6691634911118929,2.2021217794996537,-0.61659899452467
8,calibration,weekly_naive,4032,2.1898953186641545,2.8903793238493827,-0.0642365594622458
8,calibration,calendar_linear,4032,1.6516368029685655,2.1380669001767947,-0.2493050197612543
8,calibration,calendar_ridge,4032,1.651775783162239,2.1382014041679493,-0.2494876494682277
8,calibration,lag_ridge,4032,1.6493497012462244,2.132621020714657,-0.2171368078928934
8,test,historical_mean,5408,2.3001685091363204,2.910641456717661,-0.8232201174616428
8,test,hour_mean,5408,1.7834422513206576,2.3841421774621567,-0.8603717512260366
8,test,weekday_hour_mean,5408,1.7773318038004549,2.3794093937076304,-0.8597330730291284
8,test,weekly_naive,5408,2.3029801680488027,3.028775905091837,-0.0413333088848523
8,test,calendar_linear,5408,1.7234268808148616,2.247206237606563,-0.3307725287724486
8,test,calendar_ridge,5408,1.723554778280025,2.247365406598309,-0.3310310371805622
8,test,lag_ridge,5408,1.7188361233957798,2.236086799302946,-0.2861688883644735
8,coverage_supplement,historical_mean,2712,2.362647297095778,2.999470009733223,-0.8441139969540586
8,coverage_supplement,hour_mean,2712,1.819062289374192,2.447411696746317,-0.8765490756770409
8,coverage_supplement,weekday_hour_mean,2712,1.8215187619105009,2.4443577770586646,-0.8735180900976947
8,coverage_supplement,weekly_naive,2712,2.3638939170649063,3.137484562072699,-0.0129133046937645
8,coverage_supplement,calendar_linear,2712,1.7620628064049493,2.3062239811571703,-0.3256688861565819
8,coverage_supplement,calendar_ridge,2712,1.7622255100584765,2.3064116942534176,-0.3259449556741619
8,coverage_supplement,lag_ridge,2712,1.7650921392448111,2.3038643079935213,-0.2772741499859371
9,selection,historical_mean,3975,2.014929524600189,2.4887146438637657,-0.2478134535053207
9,selection,hour_mean,3975,1.5647406867098743,2.037661341317196,-0.2584330460803112
9,selection,weekday_hour_mean,3975,1.5642038773489408,2.033911694412316,-0.2565342281426693
9,selection,weekly_naive,3975,2.0835976263524776,2.770553458369355,-0.0223422080671672
9,selection,calendar_linear,3975,1.5822465502486447,2.0130459349408865,0.0826826093794669
9,selection,calendar_ridge,3975,1.582322457222284,2.013086308026441,0.0823668170385332
9,selection,lag_ridge,3975,1.5807645270413264,2.0161024565341283,0.0675680706156802
9,calibration,historical_mean,4031,2.1915391311497805,2.746505652208077,-0.5974044070428325
9,calibration,hour_mean,4031,1.677728780153596,2.21438004628706,-0.616920824112581
9,calibration,weekday_hour_mean,4031,1.6694156049618378,2.202370903335407,-0.6169139266895195
9,calibration,weekly_naive,4031,2.190190504801258,2.890694911181916,-0.0640044177007629
9,calibration,calendar_linear,4031,1.651758085808931,2.1382379893728234,-0.2494244866608326
9,calibration,calendar_ridge,4031,1.6518970913173034,2.138372493515221,-0.2496073831306409
9,calibration,lag_ridge,4031,1.647389156752224,2.1325012291045327,-0.2302899118299503
9,test,historical_mean,5407,2.300437867975556,2.910887983554064,-0.8232163214291055
9,test,hour_mean,5407,1.7835469305126046,2.3843051519065925,-0.8603057127371815
9,test,weekday_hour_mean,5407,1.777434298956351,2.3795712756986904,-0.8596658624830144
9,test,weekly_naive,5407,2.3028512574085305,3.02878120177807,-0.0418957896151806
9,test,calendar_linear,5407,1.7235941516708957,2.24732683817878,-0.3302610936732408
9,test,calendar_ridge,5407,1.72372229030889,2.2474860108572976,-0.3305200091530271
9,test,lag_ridge,5407,1.7175832738794472,2.2377257126136345,-0.3005557351578496
9,coverage_supplement,historical_mean,2711,2.362838703230675,2.999814168814004,-0.843745265390637
9,coverage_supplement,hour_mean,2711,1.8189153400672604,2.447492538397142,-0.8760544638051162
9,coverage_supplement,weekday_hour_mean,2711,1.8213248892892888,2.444392935697564,-0.8729745307661125
9,coverage_supplement,weekly_naive,2711,2.363290410579132,3.137122655894854,-0.0114425976870119
9,coverage_supplement,calendar_linear,2711,1.7621060453096988,2.3063864645057115,-0.3247916862208463
9,coverage_supplement,calendar_ridge,2711,1.7622686247861743,2.30657419632351,-0.3250681626552873
9,coverage_supplement,lag_ridge,2711,1.762326079110584,2.30444407377861,-0.3005474348384359
10,selection,historical_mean,3974,2.0152118177688423,2.4889874295377936,-0.2476510773053035
10,selection,hour_mean,3974,1.5650560646956024,2.037911711410909,-0.258419710517818
10,selection,weekday_hour_mean,3974,1.5644602309805198,2.034149178240971,-0.2564615254961389
10,selection,weekly_naive,3974,2.0836186624939854,2.770720388243055,-0.0218445588995948
10,selection,calendar_linear,3974,1.5825816960435437,2.0133098323184533,0.0834042304333751
10,selection,calendar_ridge,3974,1.5826575787736112,2.0133500572405043,0.0830877223236067
10,selection,lag_ridge,3974,1.5795270402655934,2.0132453746060373,0.0727873299103244
10,calibration,historical_mean,4030,2.1917960255409814,2.7467860017426373,-0.5978395581946072
10,calibration,hour_mean,4030,1.6777152474821146,2.214486652065601,-0.6175037487454188
10,calibration,weekday_hour_mean,4030,1.6694288594543842,2.202497031647985,-0.617467999624182
10,calibration,weekly_naive,4030,2.188997003685824,2.8889499370499734,-0.0657572723949814
10,calibration,calendar_linear,4030,1.6517115258780872,2.1382903057607066,-0.2496951736016145
10,calibration,calendar_ridge,4030,1.6518506841093017,2.1384249043467,-0.2498782151093262
10,calibration,lag_ridge,4030,1.6517214871443051,2.1332005047519518,-0.2140772304595217
10,test,historical_mean,5406,2.3004645389214247,2.9110094785747163,-0.8237674629489055
10,test,hour_mean,5406,1.783371436891496,2.384236088646352,-0.8609702653008073
10,test,weekday_hour_mean,5406,1.7772859580794722,2.379532766071983,-0.860302013230674
10,test,weekly_naive,5406,2.302167360119853,3.027961891187413,-0.0430134173972034
10,test,calendar_linear,5406,1.7233893207777262,2.2471338940900347,-0.3303838514370952
10,test,calendar_ridge,5406,1.723517668709638,2.247293171237001,-0.3306430506064533
10,test,lag_ridge,5406,1.7193330681750496,2.2355676670599185,-0.2738435303400613
10,coverage_supplement,historical_mean,2710,2.363399254314749,3.000323811397384,-0.843745265390637
10,coverage_supplement,hour_mean,2710,1.8194877315013165,2.447938660964984,-0.8762789360966399
10,coverage_supplement,weekday_hour_mean,2710,1.8218552674772184,2.444832761212166,-0.8731549641722994
10,coverage_supplement,weekly_naive,2710,2.364162473461264,3.1377014074274774,-0.011446820047782
10,coverage_supplement,calendar_linear,2710,1.7627341847476643,2.3067722944224136,-0.3245004771071481
10,coverage_supplement,calendar_ridge,2710,1.762896624769284,2.3069600473433023,-0.3247771700546744
10,coverage_supplement,lag_ridge,2710,1.769028025329407,2.307646087201924,-0.2666178203140019
11,selection,historical_mean,3973,2.0154942530432938,2.489260322615764,-0.2474886193654425
11,selection,hour_mean,3973,1.5654392313258465,2.0381680526455748,-0.2584739981261196
11,selection,weekday_hour_mean,3973,1.564816249160983,2.034403766895436,-0.2564883217522415
11,selection,weekly_naive,3973,2.083639709225044,2.7708873920847585,-0.0223534550885954
11,selection,calendar_linear,3973,1.5830019672435731,2.013574438926556,0.0835974840996757
11,selection,calendar_ridge,3973,1.5830778517184978,2.013614635816866,0.0832808832634953
11,selection,lag_ridge,3973,1.5824097653461158,2.015950657795828,0.0675983995350428
11,calibration,historical_mean,4029,2.192053047454839,2.747066461810872,-0.5982749253558889
11,calibration,hour_mean,4029,1.677638365804598,2.214540108618323,-0.618150305031083
11,calibration,weekday_hour_mean,4029,1.6693586305904164,2.2025555849672003,-0.6181058375373131
11,calibration,weekly_naive,4029,2.189043912845339,2.889136622977827,-0.0662699944779784
11,calibration,calendar_linear,4029,1.6515161062379586,2.138204118018039,-0.2502967977286463
11,calibration,calendar_ridge,4029,1.6516554921371354,2.1383389303029445,-0.2504797529435083
11,calibration,lag_ridge,4029,1.6520852816685918,2.1345230545704137,-0.2196478909550903
11,test,historical_mean,5405,2.3001790105724016,2.9108092556286227,-0.8232087251501188
11,test,hour_mean,5405,1.783144025783834,2.384104526091273,-0.860572197177125
11,test,weekday_hour_mean,5405,1.777083232840816,2.379431995392775,-0.8599296332381143
11,test,weekly_naive,5405,2.302038251398321,3.027967040634159,-0.0424663338481557
11,test,calendar_linear,5405,1.7232447950883831,2.247064873000292,-0.3298449705977694
11,test,calendar_ridge,5405,1.723373048957029,2.247224043740996,-0.3301041372023701
11,test,lag_ridge,5405,1.7187917754827502,2.237178736420083,-0.291149738406829
11,coverage_supplement,historical_mean,2709,2.363960219242369,3.0008337435892503,-0.843745265390637
11,coverage_supplement,hour_mean,2709,1.8201547522682775,2.4483904233655345,-0.8765977808593909
11,coverage_supplement,weekday_hour_mean,2709,1.822510208865132,2.445283791085953,-0.873459702421304
11,coverage_supplement,weekly_naive,2709,2.36466604026579,3.138221666393619,-0.0118201854298594
11,coverage_supplement,calendar_linear,2709,1.7631474106913214,2.3071548757261,-0.3247415873793439
11,coverage_supplement,calendar_ridge,2709,1.7633100595228517,2.3073427338713874,-0.325018143773367
11,coverage_supplement,lag_ridge,2709,1.7677191836016255,2.307061501640086,-0.274556578642526
12,selection,historical_mean,3972,2.01552506819452,2.489392437666039,-0.2470743172876459
12,selection,hour_mean,3972,1.5656161782037497,2.038378652345128,-0.2583219003833784
12,selection,weekday_hour_mean,3972,1.564900543282121,2.0345662410319174,-0.2562432281776575
12,selection,weekly_naive,3972,2.0836607665536504,2.7710544699445507,-0.0228626075193831
12,selection,calendar_linear,3972,1.583190798947344,2.0137819527428973,0.0836396578007198
12,selection,calendar_ridge,3972,1.5832664243530112,2.013822132467048,0.083323425923354
12,selection,lag_ridge,3972,1.5798341719420566,2.0148000948714047,0.0571496773280677
12,calibration,historical_mean,4028,2.192139519098846,2.7472538439736938,-0.5979657221930202
12,calibration,hour_mean,4028,1.6778586847030983,2.2147799891908675,-0.6181075931299873
12,calibration,weekday_hour_mean,4028,1.6694691962881796,2.202744548638047,-0.6179554169408724
12,calibration,weekly_naive,4028,2.188842583131547,2.889108571593102,-0.0670312333048101
12,calibration,calendar_linear,4028,1.6518607055922827,2.1384641291792352,-0.2503893574259414
12,calibration,calendar_ridge,4028,1.6519998874094948,2.13859893609879,-0.2505720694987335
12,calibration,lag_ridge,4028,1.6505999323451006,2.1402859043585734,-0.2642391501982686
12,test,historical_mean,5404,2.299338232212887,2.9095895466022577,-0.8220946362270544
12,test,hour_mean,5404,1.7824025287784937,2.383023753458613,-0.8596599799962462
12,test,weekday_hour_mean,5404,1.7763536035352725,2.3783796645632043,-0.8590302863900828
12,test,weekly_naive,5404,2.3017240467816293,3.027758289329596,-0.0417339997130425
12,test,calendar_linear,5404,1.7225881554052342,2.246160224294868,-0.3290945799224019
12,test,calendar_ridge,5404,1.7227163001305876,2.246319161066176,-0.3293534897348743
12,test,lag_ridge,5404,1.7211442642881372,2.243726032686528,-0.3214362032947884
12,coverage_supplement,historical_mean,2708,2.363783046034781,3.000890233760111,-0.8430067129534139
12,coverage_supplement,hour_mean,2708,1.8201658161196892,2.448600800462444,-0.8762604115603562
12,coverage_supplement,weekday_hour_mean,2708,1.8223619482332507,2.445361807326908,-0.8729609800071316
12,coverage_supplement,weekly_naive,2708,2.364800702762196,3.1385657417788657,-0.0110859979060152
12,coverage_supplement,calendar_linear,2708,1.763408072584875,2.30750473967841,-0.3246284466330875
12,coverage_supplement,calendar_ridge,2708,1.7635706411990926,2.307692493712496,-0.3249046280047174
12,coverage_supplement,lag_ridge,2708,1.7649931433039645,2.3140770587019284,-0.3553096835723969
13,selection,historical_mean,3971,2.015555898865842,2.489524612239824,-0.2466598065459976
13,selection,hour_mean,3971,1.5658258638327471,2.038602113388911,-0.2582023756679235
13,selection,weekday_hour_mean,3971,1.5651712309031944,2.0348075457639423,-0.2561843622064104
13,selection,weekly_naive,3971,2.083178183014631,2.770676337772948,-0.0218610619660009
13,selection,calendar_linear,3971,1.5836139035604624,2.014103881749035,0.0849441837699232
13,selection,calendar_ridge,3971,1.5836894627722586,2.014143787109238,0.0846268299153643
13,selection,lag_ridge,3971,1.5821249070814385,2.0148860799092336,0.067050875706906
13,calibration,historical_mean,4027,2.191729386060284,2.746927202072075,-0.5971597178366265
13,calibration,hour_mean,4027,1.677626308820572,2.2146720225427137,-0.617612055814242
13,calibration,weekday_hour_mean,4027,1.6692629557111467,2.202665750995576,-0.6174880604514115
13,calibration,weekly_naive,4027,2.1893861248705915,2.889467266556504,-0.0670478787563385
13,calibration,calendar_linear,4027,1.651784644084365,2.1384628184047325,-0.2493986767363455
13,calibration,calendar_ridge,4027,1.6519239915470108,2.138597479134961,-0.2495815563433907
13,calibration,lag_ridge,4027,1.6497575784218912,2.138073964961265,-0.2608524693376924
13,test,historical_mean,5403,2.2984971426268834,2.908368874278194,-0.8209801349075719
13,test,hour_mean,5403,1.7816934349723008,2.382020312942446,-0.8587801028199293
13,test,weekday_hour_mean,5403,1.775689393696008,2.377479622929824,-0.8581962961848841
13,test,weekly_naive,5403,2.301157073744742,3.027158658381432,-0.0407487423809369
13,test,calendar_linear,5403,1.7219989292613955,2.245185493241168,-0.3272685182206671
13,test,calendar_ridge,5403,1.722126710803221,2.2453441745191367,-0.3275278210027124
13,test,lag_ridge,5403,1.7204203946218646,2.24366538212729,-0.3324478053533208
13,coverage_supplement,historical_mean,2707,2.3621280913915026,2.998560781176196,-0.8407899643193403
13,coverage_supplement,hour_mean,2707,1.818764460173063,2.44667518871751,-0.874510365032068
13,coverage_supplement,weekday_hour_mean,2707,1.821003382273972,2.4435279102447933,-0.8712516933355421
13,coverage_supplement,weekly_naive,2707,2.362718988947184,3.135377400108458,-0.0081347921424046
13,coverage_supplement,calendar_linear,2707,1.762276702876709,2.3058962904106037,-0.3220374413609851
13,coverage_supplement,calendar_ridge,2707,1.7624388194199807,2.306083530691173,-0.3223138648781584
13,coverage_supplement,lag_ridge,2707,1.759343928252379,2.307955103867047,-0.3516349470649274
14,selection,historical_mean,3970,2.0160366677250963,2.48983755655437,-0.2467488653203484
14,selection,hour_mean,3970,1.5659372166109715,2.0387808392142923,-0.2585504758467521
14,selection,weekday_hour_mean,3970,1.5652884024978806,2.034988917619448,-0.2565259703580997
14,selection,weekly_naive,3970,2.08319913469801,2.770843459371976,-0.0223703468682594
14,selection,calendar_linear,3970,1.5836229347763584,2.0142234805423715,0.0842373780882035
14,selection,calendar_ridge,3970,1.5836987651775765,2.014263589037341,0.0839206653762147
14,selection,lag_ridge,3970,1.5820686194631974,2.0158761062122843,0.0715404568778902
14,calibration,historical_mean,4026,2.191986582943407,2.7472078917581406,-0.5975952405520875
14,calibration,hour_mean,4026,1.6774862612423431,2.2146653290850558,-0.6183222073081774
14,calibration,weekday_hour_mean,4026,1.669161092292455,2.202695519699876,-0.6181579196515646
14,calibration,weekly_naive,4026,2.188936394648254,2.8891383996482083,-0.0680580744539928
14,calibration,calendar_linear,4026,1.6514898031216496,2.138288001480288,-0.2503556882551247
14,calibration,calendar_ridge,4026,1.651629298167576,2.1384229294566706,-0.2505382503475348
14,calibration,lag_ridge,4026,1.651104696297826,2.1380253324553986,-0.2476891398637271
14,test,historical_mean,5402,2.297655741641551,2.907147237192004,-0.8198652209626472
14,test,hour_mean,5402,1.7809572541677363,2.3809520175980023,-0.8578730754155588
14,test,weekday_hour_mean,5402,1.775010246148665,2.376545495040874,-0.8573473054132699
14,test,weekly_naive,5402,2.300287239808005,3.0259403794077406,-0.0394604692862277
14,test,calendar_linear,5402,1.7213304878512168,2.244300104625525,-0.3267354975088193
14,test,calendar_ridge,5402,1.7214583972037414,2.24445856535154,-0.3269944210607685
14,test,lag_ridge,5402,1.718664148574863,2.2380498190206244,-0.3093300640032514
14,coverage_supplement,historical_mean,2706,2.361950110174208,2.998616515675898,-0.8400497738902674
14,coverage_supplement,hour_mean,2706,1.8187867152798416,2.4468937168531397,-0.8741836718405686
14,coverage_supplement,weekday_hour_mean,2706,1.820966563523654,2.4437004635727213,-0.8708638946558305
14,coverage_supplement,weekly_naive,2706,2.3628530314412517,3.1357209906530503,-0.0073987000478526
14,coverage_supplement,calendar_linear,2706,1.76252889649701,2.306265508052845,-0.3221263137760421
14,coverage_supplement,calendar_ridge,2706,1.7626907745910902,2.306452647613032,-0.3224022510023339
14,coverage_supplement,lag_ridge,2706,1.7623464703993912,2.306009027187073,-0.3212329869041246
15,selection,historical_mean,3969,2.0160137735805,2.4899266168491323,-0.2473418742376946
15,selection,hour_mean,3969,1.5655204711377064,2.038396977495593,-0.2594269057978347
15,selection,weekday_hour_mean,3969,1.564748036764068,2.034393121984353,-0.2575253470198175
15,selection,weekly_naive,3969,2.0817083811416226,2.7682815775658063,-0.0243916041992919
15,selection,calendar_linear,3969,1.5833809248204531,2.0139161814875504,0.0843468695918142
15,selection,calendar_ridge,3969,1.5834567776290935,2.013956366126082,0.08402925058896
15,selection,lag_ridge,3969,1.5819381006695743,2.015100693154522,0.0679094234300548
15,calibration,historical_mean,4025,2.192492354831192,2.74754803473684,-0.5977825324713822
15,calibration,hour_mean,4025,1.677582542465534,2.214847100297531,-0.6187963132821421
15,calibration,weekday_hour_mean,4025,1.6691518530094591,2.2028049390936992,-0.6187354369499499
15,calibration,weekly_naive,4025,2.1882379937525145,2.8884222909753228,-0.0693172193172112
15,calibration,calendar_linear,4025,1.6515183944715004,2.138374615136467,-0.2504208767126577
15,calibration,calendar_ridge,4025,1.651658159069062,2.1385097164432056,-0.2506035644988293
15,calibration,lag_ridge,4025,1.6493415166930885,2.136423932796158,-0.2462039681674128
15,test,historical_mean,5401,2.297369481777869,2.906945884114836,-0.8193053468570319
15,test,hour_mean,5401,1.780785232614703,2.380886873733369,-0.8575301439979166
15,test,weekday_hour_mean,5401,1.7748877692572818,2.376534252856276,-0.8570549224043652
15,test,weekly_naive,5401,2.300713140056072,3.0262204942317066,-0.0394677754275508
15,test,calendar_linear,5401,1.7212500650747726,2.2442027589592404,-0.325616297716426
15,test,calendar_ridge,5401,1.7213774498690897,2.244361101358673,-0.3258755361909631
15,test,lag_ridge,5401,1.716584792980029,2.235666673308415,-0.3024913750788086
15,coverage_supplement,historical_mean,2705,2.361032625828472,2.997724402480549,-0.8385696646512654
15,coverage_supplement,hour_mean,2705,1.8180875437653057,2.446306145994211,-0.8731352940253153
15,coverage_supplement,weekday_hour_mean,2705,1.8204221331243464,2.443331577269189,-0.8699682248225606
15,coverage_supplement,weekly_naive,2705,2.362617487275425,3.135770078563552,-0.0062923779406614
15,coverage_supplement,calendar_linear,2705,1.7620520447556045,2.305848219034481,-0.3203870379411915
15,coverage_supplement,calendar_ridge,2705,1.7622136789116032,2.3060350448283637,-0.3206631558112964
15,coverage_supplement,lag_ridge,2705,1.758764056880803,2.302935927245926,-0.3205214655996106
16,selection,historical_mean,3968,2.016044750722941,2.490058997574662,-0.2469271175345354
16,selection,hour_mean,3968,1.5657090086281678,2.0386125174451704,-0.2592862866438052
16,selection,weekday_hour_mean,3968,1.5649234554052165,2.034602720990478,-0.2573713244589135
16,selection,weekly_naive,3968,2.081728972971548,2.768448324290343,-0.0238937190188986
16,selection,calendar_linear,3968,1.5836439978232846,2.0141565523516567,0.0849406242137943
16,selection,calendar_ridge,3968,1.5837196533774234,2.014196607769136,0.0846227209628752
16,selection,lag_ridge,3968,1.5832808579371125,2.015831566435864,0.0683631309573367
16,calibration,historical_mean,4024,2.192749869150332,2.747828954723502,-0.5982184264244341
16,calibration,hour_mean,4024,1.6774429127097874,2.2148409516171115,-0.6195066137276867
16,calibration,weekday_hour_mean,4024,1.669000051780088,2.202785419207972,-0.6194557986390529
16,calibration,weekly_naive,4024,2.1885332815243217,2.8887381549828257,-0.0695829542126678
16,calibration,calendar_linear,4024,1.651278081330996,2.13821476443385,-0.2509814192670123
16,calibration,calendar_ridge,4024,1.6514180494870945,2.138350132087517,-0.25116405806906
16,calibration,lag_ridge,4024,1.6502383237294629,2.136997200766904,-0.2478733748870182
16,test,historical_mean,5400,2.296712745521644,2.906127198625033,-0.8183748950202665
16,test,hour_mean,5400,1.7802334248206668,2.380225878687632,-0.8568073630393219
16,test,weekday_hour_mean,5400,1.774390467462641,2.3759791268335677,-0.8563876515640109
16,test,weekly_naive,5400,2.3009540128597856,3.0264700927630885,-0.039289899089667
16,test,calendar_linear,5400,1.720780284504863,2.243606864409412,-0.3245709330905829
16,test,calendar_ridge,5400,1.720907558310438,2.2437650134871983,-0.3248302130169973
16,test,lag_ridge,5400,1.7192077430074346,2.240923141714942,-0.3179220933991087
16,coverage_supplement,historical_mean,2704,2.361848002267532,2.9982771584178245,-0.8389375730829446
16,coverage_supplement,hour_mean,2704,1.8183015359488024,2.4466423509606945,-0.8739165765599362
16,coverage_supplement,weekday_hour_mean,2704,1.8206219933806795,2.4436593607095864,-0.870763331414581
16,coverage_supplement,weekly_naive,2704,2.360902478949713,3.1334596165103923,-0.008883462399959
16,coverage_supplement,calendar_linear,2704,1.7620179156745632,2.305965297478189,-0.3209143153267846
16,coverage_supplement,calendar_ridge,2704,1.7621796787231574,2.306152416240186,-0.3211903510453062
16,coverage_supplement,lag_ridge,2704,1.7607307347932992,2.3053973122941724,-0.3187068991412005
17,selection,historical_mean,3967,2.0155715841684545,2.4896056384119785,-0.2460079924135779
17,selection,hour_mean,3967,1.565459408195379,2.0384655788710524,-0.2587073636191372
17,selection,weekday_hour_mean,3967,1.5646776584441389,2.034459492388497,-0.2567959202049329
17,selection,weekly_naive,3967,2.080489176897176,2.766565783914212,-0.0221351845391958
17,selection,calendar_linear,3967,1.5834256250628604,2.0139831803267128,0.0859788008489158
17,selection,calendar_ridge,3967,1.583501073032142,2.01402295052418,0.0856606867392851
17,selection,lag_ridge,3967,1.584396549796494,2.0149000099264414,0.0847335672262267
17,calibration,historical_mean,4023,2.1930075114905114,2.7481099856292355,-0.5986545370784321
17,calibration,hour_mean,4023,1.6772535226140817,2.2147823135002613,-0.6202669582172374
17,calibration,weekday_hour_mean,4023,1.6687994078764312,2.202713239977925,-0.6202252856574046
17,calibration,weekly_naive,4023,2.1883315746591774,2.8887099658046846,-0.0703459626526908
17,calibration,calendar_linear,4023,1.6510128131610615,2.1380233305990606,-0.2515817571739908
17,calibration,calendar_ridge,4023,1.6511529984249154,2.138158993934948,-0.2517643180787578
17,calibration,lag_ridge,4023,1.6504293496873892,2.1366535776824374,-0.2445400065942768
17,test,historical_mean,5399,2.2971092000522817,2.9063955438758504,-0.8185554154184197
17,test,hour_mean,5399,1.7802965613565227,2.380365698914078,-0.8572326578403541
17,test,weekday_hour_mean,5399,1.7743648501362403,2.376056568482754,-0.8569005402590029
17,test,weekly_naive,5399,2.300268877466724,3.0256486647875467,-0.0404084932550847
17,test,calendar_linear,5399,1.72077652314802,2.2436508780543982,-0.3246797189891268
17,test,calendar_ridge,5399,1.7209038302716588,2.243809153068124,-0.3249390043618734
17,test,lag_ridge,5399,1.7189140745435436,2.236836481888949,-0.2930255836929534
17,coverage_supplement,historical_mean,2703,2.3605598419778087,2.9967245212461457,-0.8370859979100598
17,coverage_supplement,hour_mean,2703,1.8172869820470947,2.4455221209115408,-0.8725526386554946
17,coverage_supplement,weekday_hour_mean,2703,1.8196219240020524,2.4425619971314583,-0.8694118529860217
17,coverage_supplement,weekly_naive,2703,2.3602960795708565,3.133094682650093,-0.0074069117016238
17,coverage_supplement,calendar_linear,2703,1.7611996934361036,2.3050827551029265,-0.31928355907893
17,coverage_supplement,calendar_ridge,2703,1.7613608534192875,2.3052694500981774,-0.3195594681963954
17,coverage_supplement,lag_ridge,2703,1.7613319994672847,2.304201323450799,-0.3088839511858096
18,selection,historical_mean,3966,2.015602465437188,2.4897380220352927,-0.2455926902249849
18,selection,hour_mean,3966,1.5657150891930511,2.0387037517646243,-0.2586335559520143
18,selection,weekday_hour_mean,3966,1.5649637597195911,2.0347045073121577,-0.2567522479709957
18,selection,weekly_naive,3966,2.080509471697201,2.7667322854509084,-0.022645052210537
18,selection,calendar_linear,3966,1.5836560936250366,2.0142067300598177,0.0859241488882794
18,selection,calendar_ridge,3966,1.58373141409132,2.014246496178958,0.0856065125271462
18,selection,lag_ridge,3966,1.5853820732515376,2.0155824216483857,0.0923578546208537
18,calibration,historical_mean,4022,2.192597084401028,2.7477832523913803,-0.5978477019893441
18,calibration,hour_mean,4022,1.6770739378661004,2.214734459275356,-0.6198245722349454
18,calibration,weekday_hour_mean,4022,1.6686322098571886,2.2026777065254364,-0.6197973780105592
18,calibration,weekly_naive,4022,2.1881297674922604,2.888681762333761,-0.0696175553833354
18,calibration,calendar_linear,4022,1.6508958383170689,2.138042119832408,-0.2512366097324935
18,calibration,calendar_ridge,4022,1.6510358676234242,2.1381776148788743,-0.2514188891769744
18,calibration,lag_ridge,4022,1.650961896240977,2.1368167622493632,-0.2376803138490226
18,test,historical_mean,5398,2.297505801472334,2.9066639637630303,-0.8187360027007516
18,test,hour_mean,5398,1.7803298773884515,2.380486507886197,-0.8576879541128338
18,test,weekday_hour_mean,5398,1.7743260383323118,2.376123225391926,-0.8574268039692662
18,test,weekly_naive,5398,2.300139249618904,3.0256533961569305,-0.0409717404750282
18,test,calendar_linear,5398,1.7207312834207742,2.2437243515652567,-0.325289175429734
18,test,calendar_ridge,5398,1.7208588992900815,2.24388277371586,-0.3255481550892419
18,test,lag_ridge,5398,1.7178992524947998,2.2357283916481903,-0.281445323126739
18,coverage_supplement,historical_mean,2702,2.358530535751527,2.9934781654252016,-0.8344928597651743
18,coverage_supplement,hour_mean,2702,1.8155911062525167,2.4428743019317936,-0.8705071202467826
18,coverage_supplement,weekday_hour_mean,2702,1.8179484791770089,2.4399661769652883,-0.8673867390007207
18,coverage_supplement,weekly_naive,2702,2.3600593275647763,3.1331428938758177,-0.0062993642966281
18,coverage_supplement,calendar_linear,2702,1.759669281733577,2.3027551752009887,-0.3174100796996814
18,coverage_supplement,calendar_ridge,2702,1.7598304191182108,2.302941256415884,-0.3176855543288157
18,coverage_supplement,lag_ridge,2702,1.76096797040582,2.299944368911507,-0.2839129751226364
19,selection,historical_mean,3965,2.015633362282853,2.489870465390694,-0.245177178552312
19,selection,hour_mean,3965,1.5659606638908885,2.038939146978682,-0.2585494757864869
19,selection,weekday_hour_mean,3965,1.565149997587807,2.034918739931426,-0.2566085459875722
19,selection,weekly_naive,3965,2.0800253631150314,2.76635189825708,-0.0236595906852433
19,selection,calendar_linear,3965,1.5838559305392124,2.01441546517496,0.0855820107332651
19,selection,calendar_ridge,3965,1.583931167501819,2.0144552811173635,0.0852651824795375
19,selection,lag_ridge,3965,1.5838425389321,2.0154027625155373,0.0808645428906612
19,calibration,historical_mean,4021,2.1926838418790218,2.7479710900130825,-0.5975378542988687
19,calibration,hour_mean,4021,1.6773367524576557,2.214988237773022,-0.6198244548778234
19,calibration,weekday_hour_mean,4021,1.6688345957065247,2.202910338205437,-0.6197389245582671
19,calibration,weekly_naive,4021,2.1884252486580134,2.8889978981182063,-0.0698835632309811
19,calibration,calendar_linear,4021,1.6512766874946765,2.1383114744684697,-0.2515339170523564
19,calibration,calendar_ridge,4021,1.651416563450951,2.1384469728073667,-0.2517158191017804
19,calibration,lag_ridge,4021,1.6496636677213905,2.1372256878527742,-0.2607800525418391
19,test,historical_mean,5397,2.296663437295214,2.905440161019218,-0.8176196400432217
19,test,hour_mean,5397,1.779618377186889,2.3794774967969343,-0.8568054993210774
19,test,weekday_hour_mean,5397,1.7737004189859231,2.375308799473139,-0.8566312940847333
19,test,weekly_naive,5397,2.299268421241957,3.0244331023036306,-0.0396823151906989
19,test,calendar_linear,5397,1.7201074766007205,2.242937070421393,-0.3248488590182899
19,test,calendar_ridge,5397,1.7202349883762442,2.243095228578861,-0.3251073836060507
19,test,lag_ridge,5397,1.7173168318639471,2.2391852976535183,-0.3162516321967649
19,coverage_supplement,historical_mean,2701,2.3593458914720538,2.994030747137076,-0.834859667463943
19,coverage_supplement,hour_mean,2701,1.815752486323408,2.4431822491539243,-0.8713402230439039
19,coverage_supplement,weekday_hour_mean,2701,1.8181975673624415,2.44031833630062,-0.8681318511922509
19,coverage_supplement,weekly_naive,2701,2.358341467263985,3.130826949906063,-0.0088933292593444
19,coverage_supplement,calendar_linear,2701,1.759487948494504,2.3028241619810728,-0.3187410351694145
19,coverage_supplement,calendar_ridge,2701,1.7596498240259757,2.303010633293566,-0.3190159303753259
19,coverage_supplement,lag_ridge,2701,1.7570993686956038,2.302401328319524,-0.3338956878347578
20,selection,historical_mean,3964,2.014907463415524,2.48897145739322,-0.2440046459353037
20,selection,hour_mean,3964,1.565386157286596,2.0382824430180637,-0.2576451479944793
20,selection,weekday_hour_mean,3964,1.564528112362601,2.034168426717857,-0.2556565544425885
20,selection,weekly_naive,3964,2.079793280714203,2.76629046590332,-0.022908747998736
20,selection,calendar_linear,3964,1.583184356466926,2.013785266922252,0.0855434349498417
20,selection,calendar_ridge,3964,1.5832596142010116,2.013824973274443,0.0852279432935846
20,selection,lag_ridge,3964,1.584293776889132,2.015255125546352,0.0897808576215866
20,calibration,historical_mean,4020,2.192521886301033,2.747946850311885,-0.5969790962364081
20,calibration,hour_mean,4020,1.6773270350052416,2.21509830271439,-0.6195516746648174
20,calibration,weekday_hour_mean,4020,1.6687940072974965,2.202994835271213,-0.6194373670768138
20,calibration,weekly_naive,4020,2.18822336439151,2.888969755050048,-0.0691546785452177
20,calibration,calendar_linear,4020,1.651366413326543,2.138523283572255,-0.2517850485690391
20,calibration,calendar_ridge,4020,1.6515059866633774,2.1386586766000777,-0.251966435978554
20,calibration,lag_ridge,4020,1.649691760314681,2.1355714633755625,-0.2492893450589652
20,test,historical_mean,5396,2.2958207609000887,2.9042153886961244,-0.8165028636115413
20,test,hour_mean,5396,1.778888802958947,2.3784252376354176,-0.8559049071394909
20,test,weekday_hour_mean,5396,1.773040739053687,2.3744191089108933,-0.8558016606452875
20,test,weekly_naive,5396,2.299138559941224,3.02443761201302,-0.0391337018317647
20,test,calendar_linear,5396,1.7194465146690168,2.242140573326423,-0.32480680476082
20,test,calendar_ridge,5396,1.719574311771758,2.242298497819448,-0.3250646446714576
20,test,lag_ridge,5396,1.7167512026574188,2.237305653909671,-0.3029733844614794
20,coverage_supplement,historical_mean,2700,2.35942111041904,2.9942976110526542,-0.8359674876128591
20,coverage_supplement,hour_mean,2700,1.815208839433587,2.44281742116478,-0.872879089455712
20,coverage_supplement,weekday_hour_mean,2700,1.8176976405355387,2.440008621895214,-0.8696267148408408
20,coverage_supplement,weekly_naive,2700,2.3577334455851946,3.130460327709905,-0.0103781045664775
20,coverage_supplement,calendar_linear,2700,1.758603378611552,2.301988138551091,-0.3211636801386113
20,coverage_supplement,calendar_ridge,2700,1.75876565015673,2.3021753161405027,-0.3214377906456591
20,coverage_supplement,lag_ridge,2700,1.755502401079896,2.2968877134137333,-0.3080881911588957
21,selection,historical_mean,3963,2.015388917853018,2.489284884524386,-0.2440931920300708
21,selection,hour_mean,3963,1.5655173374414972,2.0384719361635164,-0.2579739807856497
21,selection,weekday_hour_mean,3963,1.564650375323076,2.034352718720386,-0.2559935861242546
21,selection,weekly_naive,3963,2.0800657493694423,2.7665938552124154,-0.0231668627471586
21,selection,calendar_linear,3963,1.583299100519526,2.013960803727334,0.0851920849571844
21,selection,calendar_ridge,3963,1.5833745330981903,2.0140006113942106,0.0848768134280655
21,selection,lag_ridge,3963,1.5823212716037067,2.0148911695539646,0.0720335703624499
21,calibration,historical_mean,4019,2.192779728339275,2.748228178168672,-0.5974153325715277
21,calibration,hour_mean,4019,1.6772178421498736,2.215122367327991,-0.6202323725487173
21,calibration,weekday_hour_mean,4019,1.6686997487654434,2.203032131922707,-0.62010097902374
21,calibration,weekly_naive,4019,2.188519015888,2.889286088266032,-0.0694207035958634
21,calibration,calendar_linear,4019,1.6511373196161665,2.1384128972568397,-0.252545143364933
21,calibration,calendar_ridge,4019,1.6512770107575907,2.1385485108624818,-0.2527263520632704
21,calibration,lag_ridge,4019,1.6492795409481849,2.1372650569944778,-0.2578275241641997
21,test,historical_mean,5395,2.296217344037492,2.904483755208429,-0.8166831708586629
21,test,hour_mean,5395,1.7790116418249766,2.3785971142279645,-0.8562704452354812
21,test,weekday_hour_mean,5395,1.7730707538132682,2.374537848690085,-0.8562589197318041
21,test,weekly_naive,5395,2.2993793641228626,3.0246872585798927,-0.0393263123418354
21,test,calendar_linear,5395,1.7194727357184847,2.242259209144944,-0.3252656896726664
21,test,calendar_ridge,5395,1.7196006742407166,2.2424172325393266,-0.3255233510724106
21,test,lag_ridge,5395,1.7177903480428105,2.2377054603004805,-0.3062989315489521
21,coverage_supplement,historical_mean,2699,2.359241664640984,2.9943519890262014,-0.8352235906963056
21,coverage_supplement,hour_mean,2699,1.8151834159286453,2.443000827976166,-0.8725045256210268
21,coverage_supplement,weekday_hour_mean,2699,1.8176477393455257,2.440171233104858,-0.8692255461718743
21,coverage_supplement,weekly_naive,2699,2.358607003734726,3.131040203667034,-0.0103819497330453
21,coverage_supplement,calendar_linear,2699,1.7587940153745671,2.3023035602742743,-0.3209247504361721
21,coverage_supplement,calendar_ridge,2699,1.7589560782435918,2.3024906313045106,-0.3211985849724536
21,coverage_supplement,lag_ridge,2699,1.7575912849345865,2.301833457729668,-0.3266429913652341
22,selection,historical_mean,3962,2.0153658197687747,2.4893739824704197,-0.2446865783803122
22,selection,hour_mean,3962,1.5652243430714627,2.0382690097782565,-0.2587272203142474
22,selection,weekday_hour_mean,3962,1.5644420589109922,2.0342551054340143,-0.2566614290283748
22,selection,weekly_naive,3962,2.0793287644500507,2.765802501682989,-0.0244346989063578
22,selection,calendar_linear,3962,1.5830147150049103,2.013786868011246,0.0843348811133584
22,selection,calendar_ridge,3962,1.5830901988329262,2.013826822580194,0.0840198363714272
22,selection,lag_ridge,3962,1.5820990772914096,2.0135629391538683,0.0842360653351246
22,calibration,historical_mean,4018,2.192788818681169,2.7483596377808936,-0.5981006660875011
22,calibration,hour_mean,4018,1.6769370926863187,2.2149559201916738,-0.6210849115131926
22,calibration,weekday_hour_mean,4018,1.6684908794874016,2.2029509945186403,-0.6208794851180556
22,calibration,weekly_naive,4018,2.187570414348898,2.8880948846151973,-0.0709312612622636
22,calibration,calendar_linear,4018,1.65078519158692,2.1381481410826693,-0.2534918127335158
22,calibration,calendar_ridge,4018,1.650924898240363,2.1382839437355234,-0.2536728828311293
22,calibration,lag_ridge,4018,1.6496532661914434,2.1361062104122333,-0.2457600494426512
22,test,historical_mean,5394,2.296614074220923,2.904752196418454,-0.8168635449605294
22,test,hour_mean,5394,1.7791921650832474,2.378792320796891,-0.8565784800207885
22,test,weekday_hour_mean,5394,1.7732511525440458,2.3747329659718672,-0.8565659755196667
22,test,weekly_naive,5394,2.299620257590442,3.024936977096637,-0.0395189942684839
22,test,calendar_linear,5394,1.7195889491725362,2.242446488920333,-0.3257439838988767
22,test,calendar_ridge,5394,1.7197169870136046,2.2426045729344657,-0.3260014899265273
22,test,lag_ridge,5394,1.7162282005588547,2.23582004502534,-0.293027878736246
22,coverage_supplement,historical_mean,2698,2.359687545638031,2.9948241292940647,-0.8359617220251809
22,coverage_supplement,hour_mean,2698,1.8151870905873613,2.443206339536008,-0.8734970288502091
22,coverage_supplement,weekday_hour_mean,2698,1.8177625322407849,2.4404507429794893,-0.8701066292163918
22,coverage_supplement,weekly_naive,2698,2.3587399195997127,3.1313836817689555,-0.0111270875943251
22,coverage_supplement,calendar_linear,2698,1.758615672269613,2.302354534917309,-0.3220876097003578
22,coverage_supplement,calendar_ridge,2698,1.7587779781248791,2.3025418559588284,-0.322361233178148
22,coverage_supplement,lag_ridge,2698,1.7570650587104095,2.298710113475107,-0.3072366779805283
23,selection,historical_mean,3961,2.015649149571197,2.4896477573154536,-0.2445228798461055
23,selection,hour_mean,3961,1.5653824299821129,2.0384716817261217,-0.2585554670020356
23,selection,weekday_hour_mean,3961,1.5646754449394975,2.034486461094091,-0.2565646507978846
23,selection,weekly_naive,3961,2.079096330409265,2.765740871870072,-0.0236834832282226
23,selection,calendar_linear,3961,1.5831408078726543,2.013967754682602,0.0845319162603379
23,selection,calendar_ridge,3961,1.583216260220674,2.014007744064652,0.0842167494572631
23,selection,lag_ridge,3961,1.5818339770209568,2.013931154779803,0.0819681045632542
23,calibration,historical_mean,4017,2.192797913548999,2.748491156552376,-0.598786340820062
23,calibration,hour_mean,4017,1.676822801070949,2.214975214059883,-0.621771277314323
23,calibration,weekday_hour_mean,4017,1.6682928438586957,2.202882156968561,-0.6216474411760884
23,calibration,weekly_naive,4017,2.1868702825127886,2.887376830401388,-0.0721936290146316
23,calibration,calendar_linear,4017,1.6505818830393588,2.1380661192517816,-0.2542200315968546
23,calibration,calendar_ridge,4017,1.6507216556633195,2.138202001621267,-0.2544011145783671
23,calibration,lag_ridge,4017,1.6482311269433532,2.1346687427826305,-0.2419703833489185
23,test,historical_mean,5393,2.296883473221263,2.904998771244924,-0.8168585604026896
23,test,hour_mean,5393,1.7793618737197596,2.3789837661885893,-0.8565771125057966
23,test,weekday_hour_mean,5393,1.7734188511706963,2.3749236539080574,-0.8565636972916867
23,test,weekly_naive,5393,2.299490389290347,3.0249415819863943,-0.0400825987547195
23,test,calendar_linear,5393,1.7198078498818603,2.24265506606278,-0.3257965395833557
23,test,calendar_ridge,5393,1.7199358867530965,2.2428131734812125,-0.326054081080411
23,test,lag_ridge,5393,1.7158204166812714,2.233498040012428,-0.2856859186290189
23,coverage_supplement,historical_mean,2697,2.3602496302803173,2.995335229912614,-0.8359588360246748
23,coverage_supplement,hour_mean,2697,1.815539791218513,2.443602618068329,-0.8735005674265821
23,coverage_supplement,weekday_hour_mean,2697,1.8182377871656048,2.440881318311916,-0.8702305100577774
23,coverage_supplement,weekly_naive,2697,2.3588729340304138,3.131727376868592,-0.0118727780235407
23,coverage_supplement,calendar_linear,2697,1.759148918158031,2.3027886151594608,-0.3221686168083838
23,coverage_supplement,calendar_ridge,2697,1.7593112004085578,2.3029759713887143,-0.3224422624537832
23,coverage_supplement,lag_ridge,2697,1.757552752909372,2.2978640009066003,-0.29382796070331
24,selection,historical_mean,3960,2.01593262246948,2.4899216403053845,-0.2443590986358714
24,selection,hour_mean,3960,1.5653518277765075,2.038552874454393,-0.2581948579875969
24,selection,weekday_hour_mean,3960,1.564683885708422,2.0345978211576536,-0.2562427605581871
24,selection,weekly_naive,3960,2.079368829482601,2.766044412549049,-0.0234369386532802
24,selection,calendar_linear,3960,1.5831076103369932,2.0140472011522306,0.0847624153244988
24,selection,calendar_ridge,3960,1.58318310486132,2.014087342407337,0.0844470727848084
24,selection,lag_ridge,3960,1.583325718741556,2.0149333896617314,0.0790306509808783
24,calibration,historical_mean,4016,2.1928848290490377,2.748679355827285,-0.5984763410878482
24,calibration,hour_mean,4016,1.6765886627063635,2.214865984808631,-0.6212744269169297
24,calibration,weekday_hour_mean,4016,1.6680753702972395,2.202791309578478,-0.6211693487394622
24,calibration,weekly_naive,4016,2.1864188059895096,2.887046385062749,-0.0712155895796253
24,calibration,calendar_linear,4016,1.650467710842802,2.1380858246592096,-0.2538554542941155
24,calibration,calendar_ridge,4016,1.6506075643039693,2.138221801155736,-0.2540366260554673
24,calibration,lag_ridge,4016,1.6485744117253698,2.136037008885687,-0.260171400828789
24,test,historical_mean,5392,2.29690955421878,2.90511973537122,-0.8174099538179367
24,test,hour_mean,5392,1.7794354056832176,2.379129823650496,-0.8569924416302885
24,test,weekday_hour_mean,5392,1.7734875071508,2.375066994019182,-0.8569827977189389
24,test,weekly_naive,5392,2.299731392700824,3.025191419284546,-0.0402754924117585
24,test,calendar_linear,5392,1.719779632118693,2.2427458392645456,-0.3263862725174157
24,test,calendar_ridge,5392,1.7199076616121076,2.242903979801167,-0.3266439157554486
24,test,lag_ridge,5392,1.7183480273867475,2.239005382908824,-0.3109454531540335
24,coverage_supplement,historical_mean,2696,2.3606962159241123,2.9958079299174605,-0.8366977876458298
24,coverage_supplement,hour_mean,2696,1.816071194135599,2.444044642479939,-0.8739665830401505
24,coverage_supplement,weekday_hour_mean,2696,1.8187422027642075,2.4413180037243736,-0.8707233008008748
24,coverage_supplement,weekly_naive,2696,2.35715144772998,3.129405561098386,-0.0144736210420954
24,coverage_supplement,calendar_linear,2696,1.7594136180706532,2.3031567009911385,-0.3228574792069799
24,coverage_supplement,calendar_ridge,2696,1.7595759376080111,2.303344117507251,-0.3231312673563049
24,coverage_supplement,lag_ridge,2696,1.7578565771901504,2.303149822096024,-0.3327537484705108
