scenario,hour,mean_occupancy,mean_queue,triage_queue,treatment_queue,treatment_in_service,boarding_in_resource
arrival_multiplier_0.8,1,9.6039083243795,0.0242740066909945,0.000101738984426,0.0241722677065684,4.955428735277034,4.367105910671572
arrival_multiplier_0.8,2,8.293076454201593,0.0060048750791843,0.00304145650326,0.0029634185759242,4.154724430543354,3.931360508642389
arrival_multiplier_0.8,3,7.386999303260637,0.0,0.0,0.0,3.808767984834221,3.3840409544786496
arrival_multiplier_0.8,4,7.037842150531574,0.0068071873092673,0.0068071873092673,0.0,3.5703448274712053,3.1818712595372216
arrival_multiplier_0.8,5,6.732336016407383,0.0015172986451336,0.0015172986451336,0.0,3.671151630082984,2.879304068674677
arrival_multiplier_0.8,6,6.273521294694196,0.003579970923386,0.003579970923386,0.0,3.1975884865255577,2.859837085236242
arrival_multiplier_0.8,7,6.275573184870938,0.0015287963374753,0.0015287963374753,0.0,3.3495027384333667,2.6677956255915896
arrival_multiplier_0.8,8,6.892822535497254,0.0104107643080602,0.0104107643080602,0.0,3.956754659543437,2.5548096888226444
arrival_multiplier_0.8,9,8.69718139642319,0.0477826977152936,0.0428637180198631,0.0049189796954305,5.430722585777753,2.62470910407125
arrival_multiplier_0.8,10,10.765225182762968,0.1208302885782011,0.0337568770405162,0.0870734115376848,6.951595542843171,3.165783099871658
arrival_multiplier_0.8,11,12.199125108079636,0.3037245518421304,0.0379445583262054,0.265779993515925,7.309318441630936,4.038320024140762
arrival_multiplier_0.8,12,13.18184091436603,0.5444977061708354,0.0288542318627577,0.5156434743080777,7.753033804145484,4.241889648655215
arrival_multiplier_0.8,13,14.460946039308364,1.0221222506654484,0.0357766838341582,0.9863455668312902,8.097776637423681,4.757952200220155
arrival_multiplier_0.8,14,14.871399121229516,1.3163195472784903,0.0099566208200315,1.3063629264584589,7.907697288821248,5.122489543939487
arrival_multiplier_0.8,15,14.72139249784433,1.2766302089797703,0.0109685528683574,1.2656616561114131,7.883247753678932,5.032040541235217
arrival_multiplier_0.8,16,14.938711424426383,1.4734442979812077,0.0180845370222723,1.4553597609589353,7.723496940491823,5.244246554888786
arrival_multiplier_0.8,17,15.12493208192151,1.488141273767405,0.0347214292155872,1.4534198445518176,7.633234533724808,5.406169182017727
arrival_multiplier_0.8,18,15.53672390133996,1.5764240109339531,0.0181397500392993,1.558284260894654,8.21656118910211,5.202595142573136
arrival_multiplier_0.8,19,15.594523763098923,1.557200935396995,0.0236707297301229,1.533530205666872,8.275454486935583,5.258044708354403
arrival_multiplier_0.8,20,15.212417985670704,1.5532335529270938,0.0084515726751732,1.5447819802519205,7.836067866458238,5.355031609455692
arrival_multiplier_0.8,21,15.227657152692116,1.5245600830135817,0.0206058601348896,1.5039542228786915,7.820554243173864,5.377398338927279
arrival_multiplier_0.8,22,14.533056570966089,1.348595268809587,0.0180745924450018,1.3305206763645852,7.557514243670366,5.222098653400073
arrival_multiplier_0.8,23,13.868007344750945,0.970035091475808,0.015832722810051,0.9542023686657568,7.380865452179468,5.145667319791306
arrival_multiplier_0.8,24,12.492029694753937,0.6093542245992782,0.0081723351382198,0.6011818894610584,6.440898452186266,5.1330163661105965
arrival_multiplier_1.2,1,46.780419831730136,30.447409852988947,0.0097043957241684,30.43770545726478,9.507904673286069,6.449896512523296
arrival_multiplier_1.2,2,44.80969960451809,28.592622651482003,0.0046275571267191,28.58799509435528,9.212291447613016,6.680708780558665
arrival_multiplier_1.2,3,42.36008746778839,26.290786433908863,0.0034087797697253,26.28737765413913,9.22850925494512,6.57003302468747
arrival_multiplier_1.2,4,39.77689299617233,23.978838082873896,0.0063174784067005,23.9725206044672,9.038809710228495,6.481092133685794
arrival_multiplier_1.2,5,37.45351550426478,21.979483302433053,0.0010900781116102,21.978393224321444,8.698284213822891,6.50090489884434
arrival_multiplier_1.2,6,35.235983232304235,19.83802825227166,0.0089781101713292,19.82905014210033,8.770313633069895,6.269374994437598
arrival_multiplier_1.2,7,33.669747321011656,18.293964675210848,0.0080504243754315,18.28591425083541,8.887697357700317,6.088659657705327
arrival_multiplier_1.2,8,33.088953241718684,17.6332555500514,0.0256485695398076,17.607606980511594,8.621846182097752,6.246028848705482
arrival_multiplier_1.2,9,34.27538236942904,18.20386987027312,0.0884008388771494,18.115469031395968,8.862190833226999,6.37394220244703
arrival_multiplier_1.2,10,35.96943829728373,19.47427620750266,0.0789253554162137,19.395350852086445,9.489029202010634,6.225838544093331
arrival_multiplier_1.2,11,37.01940184031237,20.389108628804877,0.0773340018912168,20.311774626913657,9.6704140074054,6.151499443597688
arrival_multiplier_1.2,12,38.95546460801699,22.156283772597757,0.1059439332588297,22.050339839338925,9.662954426183571,6.290940488348464
arrival_multiplier_1.2,13,40.09501118536379,23.27823734478384,0.0984574083574891,23.17977993642635,9.591109210279324,6.382543463759974
arrival_multiplier_1.2,14,42.01347143298975,25.20802391037864,0.0960600395168665,25.11196387086177,9.51711762504316,6.435039529962694
arrival_multiplier_1.2,15,43.49339811626345,26.70158680334014,0.0943628044601752,26.60722399887996,9.581676551536743,6.363061245497514
arrival_multiplier_1.2,16,44.63765442893591,27.86330803553547,0.1042462188667268,27.75906181666874,9.742357672185674,6.233496270730278
arrival_multiplier_1.2,17,45.8822006363077,29.065579249140647,0.102880189415567,28.96269905972508,9.612879232459314,6.350237666254074
arrival_multiplier_1.2,18,47.61443951221771,30.82099029516014,0.1000808853308473,30.72090940982929,9.47321584222858,6.471992601895829
arrival_multiplier_1.2,19,48.983768097153416,32.23443055335951,0.0599577013126559,32.174472852046854,9.804432187575095,6.174802200951167
arrival_multiplier_1.2,20,50.38878004011828,33.61713194274641,0.0837351360221472,33.53339680672426,9.468991106605628,6.529274970591219
arrival_multiplier_1.2,21,51.40120953944135,34.65767320463668,0.0748769886647508,34.58279621597193,9.316655696767866,6.656557052244634
arrival_multiplier_1.2,22,51.94474397859691,35.35613498807031,0.0358489865927413,35.32028600147756,9.33560389767958,6.604310495863044
arrival_multiplier_1.2,23,51.67243129438788,35.2202566605278,0.0195389460500447,35.20071771447776,9.493942768931678,6.413513495237936
arrival_multiplier_1.2,24,50.31597314729281,34.030348136840175,0.0065792719546305,34.02376886488555,9.54210667433614,6.33324456878621
baseline,1,17.444989582252475,3.310515692935246,0.0033428489418898,3.3071728439933565,8.239262745304488,5.587815935760171
baseline,2,14.897039234692542,1.906727382233403,0.0013498861739737,1.9053774960594287,7.542707257293115,5.194375773736091
baseline,3,12.721730309208263,1.0743308220806216,0.0005461136180169,1.0737847084626049,6.380859634044105,5.055355502407064
baseline,4,11.041907481558637,0.8002229191977094,0.0057069420646957,0.7945159771330136,5.276924262796795,4.735546284280558
baseline,5,9.60815045914464,0.4831544448214025,0.002146242545222,0.4810082022761804,4.703733478635727,4.184077648223236
baseline,6,8.791778579920601,0.2875529324384785,0.0028922845209184,0.2846606479175602,4.349691294939143,3.858681251100271
baseline,7,9.013949146453497,0.2022419359565454,0.0104599126604647,0.1917820232960806,4.796541854223292,3.682007024017969
baseline,8,9.46467423107906,0.1432405645906499,0.0253800703436201,0.1178604942470297,5.461262584865901,3.3696884822026845
baseline,9,11.140111646764923,0.1509242154861368,0.0344626256058106,0.1164615898803262,6.968713453939735,3.3746120771354
baseline,10,12.93121004477366,0.3094788094699573,0.0396771355344373,0.26980167393552,8.064419990723719,3.8891453518225054
baseline,11,15.028959104560158,0.8648713569011015,0.0713014366460978,0.7935699202550037,8.816759597670725,4.6207137871128925
baseline,12,16.347028117411945,1.506745769487689,0.0846647739171153,1.422080995570573,9.1530497056313,4.962890451332733
baseline,13,17.36049214956519,1.8895449013941048,0.0635359618726411,1.826008939521464,9.434117649554668,5.344930322183293
baseline,14,17.98482830828379,2.400053468339274,0.0426169785837924,2.3574364897554814,9.1383204893196,5.781693057684718
baseline,15,19.039775482335493,3.192223590715168,0.0736389012593967,3.118584689455771,8.792638314322224,6.296263066463225
baseline,16,19.90787060986576,3.809081844259058,0.0570769795719151,3.752004864687143,9.250832596445855,6.15970983100509
baseline,17,20.564838267474546,4.424044673514547,0.0757000500643268,4.34834462345022,9.235855308639902,6.1109472739689945
baseline,18,21.18271083497692,5.050936952905248,0.0427329822057682,5.00820397069948,9.353406639842396,6.1248932134247935
baseline,19,21.02648276484236,5.135308362364786,0.035782285907182,5.099526076457605,9.210575593433347,6.0355197240206495
baseline,20,21.2218043035029,5.344515846045495,0.0375642052007574,5.306951640844737,9.303076298822075,5.904415750169944
baseline,21,21.342142613662556,5.5471616280732094,0.0453254579986168,5.501836170074593,9.26962269392534,5.9118670874638655
baseline,22,21.566071231179663,5.601383308512202,0.0273587644460143,5.574024544066187,9.336008764188945,6.038361672115228
baseline,23,20.81377212691983,5.244489334898793,0.0106461915374861,5.233843143361307,9.165735089917977,5.939728433416119
baseline,24,19.03485042625605,4.246304532221884,0.0050032708626009,4.241301261359283,8.520231482840696,5.935760017895326
boarding_duration_half,1,9.495827952448597,0.0686016900277937,0.0033428489418898,0.0652588410859039,6.570093722081163,2.5497373320870698
boarding_duration_half,2,8.020052035546888,0.0086483910059492,0.0013498861739737,0.0072985048319754,5.644725700461936,2.1134491226490715
boarding_duration_half,3,6.760180854952037,0.0005461136180169,0.0005461136180169,0.0,4.678471609499807,1.8699787811577424
boarding_duration_half,4,5.935942777883647,0.0057069420646957,0.0057069420646957,0.0,4.026398003091705,1.6746238174436718
boarding_duration_half,5,5.521345450895654,0.002146242545222,0.002146242545222,0.0,3.7946654520866354,1.487348868799523
boarding_duration_half,6,5.485823115232772,0.0028922845209184,0.0028922845209184,0.0,3.7135567192348775,1.4735210100342653
boarding_duration_half,7,6.018489294187232,0.0128078707317882,0.0104599126604647,0.0023479580713235,4.336787404185505,1.3357356870142478
boarding_duration_half,8,6.972571888430435,0.0253800703436201,0.0253800703436201,0.0,5.142847779832923,1.3138614388340693
boarding_duration_half,9,9.076586729607076,0.036616628013045,0.0344626256058106,0.0021540024072344,6.81815242658269,1.5759557748076904
boarding_duration_half,10,10.934815743911802,0.0686776714789477,0.0396771355344373,0.0290005359445103,8.1149837216869,2.0829884579884785
boarding_duration_half,11,12.836009856897624,0.2523067861453558,0.0713014366460978,0.181005349499258,9.222902649417655,2.6341860584591728
boarding_duration_half,12,13.606700415468532,0.4647505319469029,0.0846647739171153,0.3800857580297876,9.68365080749222,2.733956885069184
boarding_duration_half,13,14.34687913813379,0.6143972485444131,0.0635359618726411,0.5508612866717719,9.979470572459547,3.0611120406967065
boarding_duration_half,14,14.690181709769732,0.8490385739097157,0.0426169785837924,0.8064215953259233,9.720007331657742,3.456374511262072
boarding_duration_half,15,14.927228511163928,0.9997783258002582,0.0736389012593967,0.9261394245408614,9.738342289983756,3.4304573845450377
boarding_duration_half,16,15.27669957651275,1.1279275898428036,0.0570769795719151,1.0708506102708886,10.173406145751096,3.2871195027630957
boarding_duration_half,17,15.549043256441788,1.3140200401614763,0.0757000500643268,1.238319990097149,10.063046217764567,3.377985987164644
boarding_duration_half,18,15.501559906462075,1.4637298060843338,0.0427329822057682,1.4209968238785655,10.118347002455716,3.26600906911755
boarding_duration_half,19,15.207327830608312,1.331319257650358,0.035782285907182,1.2955369717431762,10.00187751654831,3.2290519713860704
boarding_duration_half,20,15.08193551472064,1.1810601285221871,0.0375642052007574,1.1434959233214297,10.035411068625828,3.195667909107238
boarding_duration_half,21,14.9303502203766,1.157001050925544,0.0453254579986168,1.111675592926927,9.884642530102116,3.2752154351488043
boarding_duration_half,22,14.737056897738295,0.9698459517706606,0.0273587644460143,0.9424871873246464,10.06522666561204,3.111666793992303
boarding_duration_half,23,13.828050261553605,0.8001460161405618,0.0106461915374861,0.7894998246030756,9.379355800618518,3.184729176107578
boarding_duration_half,24,12.083816128040288,0.3967562077585349,0.0050032708626009,0.3917529368959339,8.110644892563494,3.24386063442012
boarding_duration_plus50pct,1,41.216856088984585,25.020768911361507,0.0033428489418898,25.017426062419617,8.21043649473439,7.67825547463612
boarding_duration_plus50pct,2,39.33744697172976,23.335850019862505,0.0013498861739737,23.33450013368853,7.982591003107738,7.765777127329587
boarding_duration_plus50pct,3,37.09937481294694,21.31294647933501,0.0005461136180169,21.312400365717,7.779861888076505,7.795382094858948
boarding_duration_plus50pct,4,34.8579385672824,19.377461972932142,0.0057069420646957,19.37175503086745,7.294572700111026,7.9566898789556575
boarding_duration_plus50pct,5,32.893970211118464,17.6221169103684,0.002146242545222,17.61997066782318,7.417577319409126,7.617091093876665
boarding_duration_plus50pct,6,30.81755404362999,15.730996936297927,0.0028922845209184,15.728104651777011,7.401480175934862,7.389223829954494
boarding_duration_plus50pct,7,29.52977545139308,14.484801224808342,0.0104599126604647,14.474341312147876,7.560437077936046,7.151378816393001
boarding_duration_plus50pct,8,28.760388016867687,13.605137964541791,0.0253800703436201,13.57975789419817,7.554851674656321,7.109915778249753
boarding_duration_plus50pct,9,29.698589751644494,14.051269001724403,0.0344626256058106,14.016806376118591,7.757336184483333,7.244122665233109
boarding_duration_plus50pct,10,30.830745956618188,14.925326848271547,0.0396771355344373,14.885649712737113,7.877185032386438,7.360068183202722
boarding_duration_plus50pct,11,32.376397525914285,16.11254023237249,0.0713014366460978,16.041238795726393,8.097258817820926,7.439984112845432
boarding_duration_plus50pct,12,33.78943727390781,17.314244239048204,0.0846647739171153,17.22957946513109,8.31710996413781,7.43374087976157
boarding_duration_plus50pct,13,35.35390762391192,18.79889979209612,0.0635359618726411,18.73536383022348,8.05565702675882,7.807451528623862
boarding_duration_plus50pct,14,36.33612702154204,19.846760699337903,0.0426169785837924,19.804143720754112,7.912080357908804,7.912524671355131
boarding_duration_plus50pct,15,37.83715544782332,21.196551434787345,0.0736389012593967,21.12291253352795,7.785929937594074,8.096023564607028
boarding_duration_plus50pct,16,39.29599127667775,22.61842983782456,0.0570769795719151,22.56135285825264,8.122190120224541,7.867124980472906
boarding_duration_plus50pct,17,40.46660006666363,23.67260905531253,0.0757000500643268,23.596909005248204,7.966308413727255,8.033691586272745
boarding_duration_plus50pct,18,41.65810267563528,25.02235205909782,0.0427329822057682,24.97961907689205,7.906379222224809,8.075897365508172
boarding_duration_plus50pct,19,42.52699456175636,25.94056773829147,0.035782285907182,25.90478545238429,7.929529302214119,8.011818436227198
boarding_duration_plus50pct,20,43.2815881119243,26.697762842559804,0.0375642052007574,26.66019863735905,7.917333855391311,7.996695005507798
boarding_duration_plus50pct,21,44.09126603812488,27.541889653652863,0.0453254579986168,27.49656419565425,7.745900943678177,8.189984236593697
boarding_duration_plus50pct,22,44.382123132857984,27.81387881482589,0.0273587644460143,27.786520050379877,7.900834630991689,8.077092200677109
boarding_duration_plus50pct,23,44.08902035686809,27.642418695946457,0.0106461915374861,27.63177250440897,8.095697319323325,7.887085072911359
boarding_duration_plus50pct,24,42.69048604046092,26.42267850231147,0.0050032708626009,26.417675231448868,8.452243321506847,7.483009823344463
capacity_12_sensitivity,1,88.14489744877787,75.83750224052531,0.0033428489418898,75.83415939158343,7.219163325345805,4.780836674654195
capacity_12_sensitivity,2,86.62546700083973,74.3722381794098,0.0013498861739737,74.37088829323584,7.131075949899073,4.868924050100927
capacity_12_sensitivity,3,84.46954874933634,72.25836439865986,0.0005461136180169,72.25781828504185,7.432495648901747,4.567504351098253
capacity_12_sensitivity,4,82.44991116582682,70.22069715054324,0.0057069420646957,70.21499020847855,7.143088470817295,4.856911529182705
capacity_12_sensitivity,5,80.70259879669194,68.46541390922766,0.002146242545222,68.46326766668244,7.102822111788487,4.8971778882115125
capacity_12_sensitivity,6,78.98293688170524,66.68708378026254,0.0028922845209184,66.68419149574162,7.004938791570018,4.995061208429982
capacity_12_sensitivity,7,77.55330737151293,65.22014903925722,0.0104599126604647,65.20968912659677,7.671418943283226,4.328581056716775
capacity_12_sensitivity,8,76.98231847287458,64.49183587345476,0.0253800703436201,64.46645580311113,7.694973516169701,4.305026483830299
capacity_12_sensitivity,9,78.16004971499093,65.51418781478728,0.0344626256058106,65.47972518918148,7.309326569612784,4.690673430387216
capacity_12_sensitivity,10,79.33392628571336,66.66576039295589,0.0396771355344373,66.62608325742144,7.296406062171009,4.703593937828991
capacity_12_sensitivity,11,81.12934885115287,68.40273448827743,0.0713014366460978,68.33143305163134,7.0516226329831015,4.9483773670168985
capacity_12_sensitivity,12,82.57195238738944,69.84761019642922,0.0846647739171153,69.7629454225121,7.379219855301244,4.620780144698756
capacity_12_sensitivity,13,84.10038047983221,71.40848120339909,0.0635359618726411,71.34494524152646,7.517798833005119,4.48220116699488
capacity_12_sensitivity,14,85.21572661523423,72.55096532229403,0.0426169785837924,72.50834834371024,7.582780665032942,4.417219334967058
capacity_12_sensitivity,15,87.03839984041907,74.27974932958419,0.0736389012593967,74.20611042832479,7.410327842618756,4.589672157381244
capacity_12_sensitivity,16,88.99572445075837,76.30747811260261,0.0570769795719151,76.25040113303069,7.462824731220581,4.537175268779419
capacity_12_sensitivity,17,90.818254613219,78.02426360186789,0.0757000500643268,77.94856355180357,7.301803354998418,4.698196645001582
capacity_12_sensitivity,18,92.95959460701984,80.30612057821538,0.0427329822057682,80.26338759600961,7.071582156132791,4.928417843867209
capacity_12_sensitivity,19,94.2215238389356,81.57644475391203,0.035782285907182,81.54066246800485,7.076991281937827,4.923008718062173
capacity_12_sensitivity,20,95.53277337484154,82.86297696637615,0.0375642052007574,82.82541276117539,6.984147665516441,5.015852334483559
capacity_12_sensitivity,21,96.73663983317682,84.12314862897668,0.0453254579986168,84.07782317097806,7.026722502989363,4.973277497010637
capacity_12_sensitivity,22,97.5582555889517,84.9679381025884,0.0273587644460143,84.94057933814238,7.223655343744281,4.776344656255718
capacity_12_sensitivity,23,97.76154010638464,85.2977208376977,0.0106461915374861,85.2870746461602,7.535186850414509,4.464813149585491
capacity_12_sensitivity,24,96.80114542485325,84.46859103155512,0.0050032708626009,84.4635877606925,7.4034535087979325,4.596546491202068
treatment_capacity_20,1,12.217712417716402,0.0527225669195974,0.0033428489418898,0.0493797179777075,6.423055844579308,5.434538797964926
treatment_capacity_20,2,10.622971326244992,0.0013498861739737,0.0013498861739737,0.0,5.504131169234606,4.864261449406481
treatment_capacity_20,3,9.010470807072595,0.0005461136180169,0.0005461136180169,0.0,4.646495127226012,4.152245215552095
treatment_capacity_20,4,7.876371169324139,0.0057069420646957,0.0057069420646957,0.0,4.005833309776788,3.635616902199081
treatment_capacity_20,5,7.265584675660987,0.002146242545222,0.002146242545222,0.0,3.776717609774862,3.2495359358766294
treatment_capacity_20,6,7.039950980741016,0.0028922845209184,0.0028922845209184,0.0,3.697211785510176,3.0439938092672114
treatment_capacity_20,7,7.683936926898253,0.0104599126604647,0.0104599126604647,0.0,4.337129514325012,3.0031891676570863
treatment_capacity_20,8,8.501409086126236,0.0253800703436201,0.0253800703436201,0.0,5.142847779832923,2.842698636529869
treatment_capacity_20,9,10.525549792745045,0.0344626256058106,0.0344626256058106,0.0,6.819746094131503,3.0254791728040806
treatment_capacity_20,10,12.467885112448176,0.0397529694167932,0.0396771355344373,7.583388235588018e-05,8.143346242361746,3.616620007912161
treatment_capacity_20,11,14.660947738257551,0.1486993570998127,0.0713014366460978,0.0773979204537148,9.31484905353545,4.47078496474685
treatment_capacity_20,12,15.95931375862761,0.3361746220128811,0.0846647739171153,0.2515098480957657,9.78390149296732,5.114895452687187
treatment_capacity_20,13,16.81308596929178,0.3958694767269435,0.0635359618726411,0.3323335148543023,10.088667691023645,5.636649525108069
treatment_capacity_20,14,17.225415580993126,0.5109964395471781,0.0426169785837924,0.4683794609633857,9.88282035479894,6.166837493706807
treatment_capacity_20,15,17.966745112742956,0.8230173124680743,0.0736389012593967,0.7493784112086775,9.670094949849496,6.714982339590511
treatment_capacity_20,16,18.355843885227507,0.9077453175536976,0.0570769795719151,0.8506683379817825,10.190015529192175,6.56983670032588
treatment_capacity_20,17,18.61306936385671,0.9720606300029304,0.0757000500643268,0.8963605799386034,10.166258320000916,6.680759402501762
treatment_capacity_20,18,18.606701908369388,1.1099593510739432,0.0427329822057682,1.067226368868175,10.13991827386201,6.703350254628958
treatment_capacity_20,19,18.207356917853875,1.0451756635622078,0.035782285907182,1.009393377655026,10.014286696749512,6.50281547251858
treatment_capacity_20,20,17.944720041042967,0.9567961144061868,0.0375642052007574,0.9192319092054294,9.942575046853625,6.375552471317773
treatment_capacity_20,21,17.773875966591145,0.9935359826602732,0.0453254579986168,0.9482105246616562,9.816203727314209,6.350645052416533
treatment_capacity_20,22,17.944668809389995,0.9497512405972636,0.0273587644460143,0.9223924761512492,9.895179671408176,6.509420411021265
treatment_capacity_20,23,16.780307696235077,0.5856803457185162,0.0106461915374861,0.57503415418103,9.450492928330304,6.280315153499314
treatment_capacity_20,24,14.820860925652784,0.2419131914353652,0.0050032708626009,0.2369099205727643,8.067399070662528,6.178994270256752
treatment_duration_minus20pct,1,11.708449839491731,0.4630404434759118,0.0033428489418898,0.4596975945340219,5.406336212850219,5.531677974913032
treatment_duration_minus20pct,2,10.037279227137969,0.2103368341459766,0.0013498861739737,0.2089869479720029,4.61436218238748,4.95935138917458
treatment_duration_minus20pct,3,8.462017894769387,0.0558119658685054,0.0005461136180169,0.0552658522504884,3.7372969518056,4.457724626418811
treatment_duration_minus20pct,4,7.230255753345173,0.026739754687005,0.0057069420646957,0.0210328126223092,3.106037477752813,3.868264505621781
treatment_duration_minus20pct,5,6.512548222140671,0.0145356986223163,0.002146242545222,0.0123894560770942,2.961034773284491,3.2997928627695914
treatment_duration_minus20pct,6,6.291872302178933,0.0103405611357189,0.0028922845209184,0.0074482766148005,2.950355156226343,3.035323483374161
treatment_duration_minus20pct,7,6.78909054191177,0.0154719625480606,0.0104599126604647,0.0050120498875958,3.6644368304542665,2.7760234166537523
treatment_duration_minus20pct,8,7.651583977778247,0.0281856254837741,0.0253800703436201,0.0028055551401539,4.269407199917777,2.8635085529568736
treatment_duration_minus20pct,9,9.487593979960252,0.0454567813986475,0.0344626256058106,0.0109941557928369,5.633605760114534,3.16266953824342
treatment_duration_minus20pct,10,11.485417048531094,0.1193657840887564,0.0396771355344373,0.079688648554319,6.726964041723488,3.970921329961373
treatment_duration_minus20pct,11,13.323388417415122,0.3618672980004586,0.0713014366460978,0.2905658613543608,7.579996782138832,4.654909974400392
treatment_duration_minus20pct,12,14.420150199138115,0.6704579265316888,0.0846647739171153,0.5857931526145734,7.756096168141584,5.269253913504619
treatment_duration_minus20pct,13,15.337077046233969,0.9220579402958844,0.0635359618726411,0.8585219784232432,7.98958423142354,5.7335355980814215
treatment_duration_minus20pct,14,15.816763596909436,1.278683828074863,0.0426169785837924,1.2360668494910705,7.55511904581073,6.318199430083643
treatment_duration_minus20pct,15,16.3213655252788,1.5662691785858278,0.0736389012593967,1.492630277326431,7.560427743140352,6.436018092717748
treatment_duration_minus20pct,16,16.985596362335116,1.828892333708048,0.0570769795719151,1.7718153541361328,7.997963349852254,6.4704943406190605
treatment_duration_minus20pct,17,17.31507368436024,2.094918140226564,0.0757000500643268,2.019218090162237,7.930954966624737,6.495209566157838
treatment_duration_minus20pct,18,17.44083475423377,2.306159611082743,0.0427329822057682,2.263426628876975,7.947114149023728,6.5340869653228255
treatment_duration_minus20pct,19,17.24343740631578,2.38766315308155,0.035782285907182,2.3518808671743683,7.865948711267862,6.344746456942798
treatment_duration_minus20pct,20,17.068196824220227,2.4285002249930376,0.0375642052007574,2.39093601979228,7.77880794569456,6.191092245067243
treatment_duration_minus20pct,21,17.162677450299874,2.4091099107983056,0.0453254579986168,2.3637844527996887,7.915471588909099,6.224604746392335
treatment_duration_minus20pct,22,17.20259448720619,2.4940501124469705,0.0273587644460143,2.466691348000956,7.700393999357551,6.417832889038377
treatment_duration_minus20pct,23,16.138083250269254,1.9155098646546544,0.0106461915374861,1.9048636731171684,7.57807900694314,6.180675109984513
treatment_duration_minus20pct,24,14.229363051520597,1.2635747048697592,0.0050032708626009,1.2585714340071583,6.478941820200339,6.154292133152356
treatment_duration_plus25pct,1,29.443829861122104,13.480535754390734,0.0033428489418898,13.477192905448842,10.27877412502166,5.377124773457145
treatment_duration_plus25pct,2,27.39639469289371,11.793348798534865,0.0013498861739737,11.791998912360892,10.098260456663544,5.251556616265367
treatment_duration_plus25pct,3,24.991520119055508,9.878521838353276,0.0005461136180169,9.87797572473526,9.78484332377681,5.11697060624895
treatment_duration_plus25pct,4,22.363996450529733,7.848923914189181,0.0057069420646957,7.843216972124486,9.466283766190887,4.819574754866088
treatment_duration_plus25pct,5,20.33184749231725,6.283505735108812,0.002146242545222,6.28135949256359,9.189158364439644,4.621998505304524
treatment_duration_plus25pct,6,18.480129677837503,4.989285248285917,0.0028922845209184,4.986392963764999,8.500402642371682,4.694588685737193
treatment_duration_plus25pct,7,17.742558526661792,4.4287907241656885,0.0104599126604647,4.418330811505224,8.254579719327007,4.726029750913406
treatment_duration_plus25pct,8,17.35729261618142,4.01480524960485,0.0253800703436201,3.9894251792612287,8.317925061284843,4.534079705871908
treatment_duration_plus25pct,9,18.496929302451505,4.410405577594032,0.0344626256058106,4.375942951988222,9.002539212246006,4.438122612407814
treatment_duration_plus25pct,10,19.87752144447816,5.106346797499558,0.0396771355344373,5.06666966196512,9.583890470832191,4.5191182833889325
treatment_duration_plus25pct,11,21.82261543899161,6.251288920415954,0.0713014366460978,6.179987483769857,10.024220944495903,4.820491211204315
treatment_duration_plus25pct,12,23.436898732416356,7.356711623912315,0.0846647739171153,7.272046849995199,10.368628652578986,4.987216264964827
treatment_duration_plus25pct,13,24.77603854481845,8.4995247979254,0.0635359618726411,8.435988836052758,10.294995033406556,5.289619437053374
treatment_duration_plus25pct,14,25.80116804001606,9.450126031733578,0.0426169785837924,9.407509053149786,10.142144616046272,5.5441360992960025
treatment_duration_plus25pct,15,26.86914524106565,10.298170885430311,0.0736389012593967,10.224531984170916,10.33671721283156,5.475606631968904
treatment_duration_plus25pct,16,28.15239225305888,11.525494245119082,0.0570769795719151,11.468417265547169,10.549409709132457,5.389241960651587
treatment_duration_plus25pct,17,29.32999966419144,12.580796971916843,0.0757000500643268,12.505096921852516,10.252631036548994,5.7025806443745015
treatment_duration_plus25pct,18,30.465129877550737,13.90678960049433,0.0427329822057682,13.86405661828856,10.199020280497546,5.705845967754383
treatment_duration_plus25pct,19,31.1106562216042,14.647201549108903,0.035782285907182,14.611419263201723,10.174774606035612,5.643600981436109
treatment_duration_plus25pct,20,31.655867553262546,15.16672083905192,0.0375642052007574,15.129156633851162,10.439175451073854,5.3801748546713855
treatment_duration_plus25pct,21,32.14679831435644,15.674029023866265,0.0453254579986168,15.628703565867648,10.757893990887869,5.101384095402167
treatment_duration_plus25pct,22,32.47569072976776,15.94769550677252,0.0273587644460143,15.920336742326503,10.554265576043807,5.383412160588145
treatment_duration_plus25pct,23,32.04661804056202,15.667938050666107,0.0106461915374861,15.657291859128623,10.53044949003444,5.3844112311745205
treatment_duration_plus25pct,24,30.788138599673918,14.573438539696102,0.0050032708626009,14.5684352688335,10.51928370160302,5.362861965076651
triage_capacity_3,1,17.43757793055712,3.3079720146411105,0.0003618821331937,3.3076101325079166,8.222279637315784,5.599890428609861
triage_capacity_3,2,14.916599683274136,1.932132480346747,0.0,1.932132480346747,7.489985189772585,5.241115108879876
triage_capacity_3,3,12.6954379545754,1.0764790621221727,0.0,1.0764790621221727,6.381934441637791,5.026190730612623
triage_capacity_3,4,11.039284897777607,0.7927409691613828,0.0001547489745949,0.7925862201867879,5.292874896166063,4.7235180937184085
triage_capacity_3,5,9.612006427081589,0.4848622891511521,0.0,0.4848622891511521,4.706063615806983,4.184968002052217
triage_capacity_3,6,8.783245081762916,0.2900817216219629,0.0,0.2900817216219629,4.336695789130623,3.86019260226373
triage_capacity_3,7,9.001997348647683,0.184317398366149,0.0004455505178889,0.1838718478482601,4.804300813093647,3.679483434703535
triage_capacity_3,8,9.449793762949351,0.1172958349533065,0.0014327394615715,0.1158630954917349,5.482725037501863,3.360412364153624
triage_capacity_3,9,11.127760086330396,0.1198466430691016,0.004685953762409,0.1151606893066926,6.970210213504387,3.3867055881183568
triage_capacity_3,10,12.915152355209262,0.270262869145457,0.0062753512511879,0.2639875178942691,8.081660278985263,3.891963343973503
triage_capacity_3,11,15.00258780108069,0.8172861270599331,0.0113757006154191,0.8059104264445139,8.837049566590448,4.621684008497075
triage_capacity_3,12,16.301907375964337,1.4585002492825627,0.0165801938032089,1.4419200554793536,9.16010281022182,4.959244889760512
triage_capacity_3,13,17.337868750262817,1.8600415719515384,0.0113182941581161,1.8487232777934224,9.425914005491528,5.35889411118004
triage_capacity_3,14,17.95493745929206,2.3862382655772287,0.0043032955882225,2.3819349699890062,9.119613479021847,5.7915687624758405
triage_capacity_3,15,19.018928016570065,3.155499266180647,0.0132509593104607,3.1422483068701865,8.810786918998152,6.28656876236243
triage_capacity_3,16,19.89158961934748,3.801483302747471,0.0062834160250556,3.795199886722416,9.251594838168174,6.154055180354351
triage_capacity_3,17,20.547069487451743,4.399145522118054,0.0068518034125101,4.392293718705544,9.222250531653778,6.12884976400006
triage_capacity_3,18,21.14686355211665,5.018473446772204,0.007822165556902,5.010651281215303,9.355308683407827,6.123531071093612
triage_capacity_3,19,21.00654622180915,5.119197201141327,0.0052478479761663,5.11394935316516,9.215175708382954,6.025474429263242
triage_capacity_3,20,21.185531330330413,5.315321516151203,0.0027402666304084,5.312581249520794,9.297988250568173,5.905257581672455
triage_capacity_3,21,21.274981710477263,5.476817437640426,0.0069910397105633,5.469826397929863,9.296243197358342,5.882285323598575
triage_capacity_3,22,21.53424959293537,5.577649380095861,0.0008894901996271,5.576759889896233,9.337960271302164,6.034962115170655
triage_capacity_3,23,20.81621700976693,5.253886945152597,0.0010043200982966,5.2528826250543,9.141526390646362,5.959637455434729
triage_capacity_3,24,18.97747576104802,4.198830748907301,0.0,4.198830748907301,8.525780864340675,5.920186332129262
