origin,target_time,horizon_hours,forecast,lower90,upper90,model,actual,record_type
2017-08-30,2017-08-30 01:00:00,1,2.3592233009708736,0.0,6.0,weekday_hour_mean,,archival_prediction
2017-08-30,2017-08-30 02:00:00,2,1.8857142857142857,0.0,6.0,weekday_hour_mean,1.0,archival_prediction
2017-08-30,2017-08-30 03:00:00,3,1.75,0.0,6.0,weekday_hour_mean,1.0,archival_prediction
2017-08-30,2017-08-30 04:00:00,4,2.053763440860215,0.0,6.0,weekday_hour_mean,,archival_prediction
2017-08-30,2017-08-30 05:00:00,5,1.8571428571428572,0.0,6.0,weekday_hour_mean,3.0,archival_prediction
2017-08-30,2017-08-30 06:00:00,6,2.234782608695652,0.0,6.0,weekday_hour_mean,3.0,archival_prediction
2017-08-30,2017-08-30 07:00:00,7,2.5892857142857144,0.0,7.0,weekday_hour_mean,5.0,archival_prediction
2017-08-30,2017-08-30 08:00:00,8,3.648,0.0,8.0,weekday_hour_mean,7.0,archival_prediction
2017-08-30,2017-08-30 09:00:00,9,5.064,1.0,9.0,weekday_hour_mean,3.0,archival_prediction
2017-08-30,2017-08-30 10:00:00,10,4.896825396825397,1.0,9.0,weekday_hour_mean,5.0,archival_prediction
2017-08-30,2017-08-30 11:00:00,11,5.1875,1.0,9.0,weekday_hour_mean,11.0,archival_prediction
2017-08-30,2017-08-30 12:00:00,12,5.3515625,1.0,9.0,weekday_hour_mean,6.0,archival_prediction
2017-08-30,2017-08-30 13:00:00,13,5.222222222222222,1.0,9.0,weekday_hour_mean,8.0,archival_prediction
2017-08-30,2017-08-30 14:00:00,14,5.070866141732283,1.0,9.0,weekday_hour_mean,7.0,archival_prediction
2017-08-30,2017-08-30 15:00:00,15,5.15625,1.0,9.0,weekday_hour_mean,5.0,archival_prediction
2017-08-30,2017-08-30 16:00:00,16,5.222222222222222,1.0,9.0,weekday_hour_mean,5.0,archival_prediction
2017-08-30,2017-08-30 17:00:00,17,5.4015748031496065,1.0,9.0,weekday_hour_mean,8.0,archival_prediction
2017-08-30,2017-08-30 18:00:00,18,5.181102362204724,1.0,9.0,weekday_hour_mean,9.0,archival_prediction
2017-08-30,2017-08-30 19:00:00,19,4.6953125,1.0,9.0,weekday_hour_mean,5.0,archival_prediction
2017-08-30,2017-08-30 20:00:00,20,4.828125,1.0,9.0,weekday_hour_mean,5.0,archival_prediction
2017-08-30,2017-08-30 21:00:00,21,4.5,0.0,9.0,weekday_hour_mean,3.0,archival_prediction
2017-08-30,2017-08-30 22:00:00,22,4.090163934426229,0.0,8.0,weekday_hour_mean,5.0,archival_prediction
2017-08-30,2017-08-30 23:00:00,23,3.392,0.0,7.0,weekday_hour_mean,7.0,archival_prediction
2017-08-30,2017-08-31 00:00:00,24,2.582608695652174,0.0,7.0,weekday_hour_mean,,archival_prediction
