horizon_hours,model,feature,coefficient,training_rows,fit_target_cutoff
1,calendar_linear,intercept,3.983950832217623,19800,2016-06-30 23:00:00
1,calendar_linear,trend_years,0.23705823324183234,19800,2016-06-30 23:00:00
1,calendar_linear,hour_sin_1,-1.4334213151607527,19800,2016-06-30 23:00:00
1,calendar_linear,hour_cos_1,-1.1963701297312603,19800,2016-06-30 23:00:00
1,calendar_linear,hour_sin_2,-0.49649730073111387,19800,2016-06-30 23:00:00
1,calendar_linear,hour_cos_2,0.10584578002685555,19800,2016-06-30 23:00:00
1,calendar_linear,hour_sin_3,0.1797753579127795,19800,2016-06-30 23:00:00
1,calendar_linear,hour_cos_3,-0.05027357341179606,19800,2016-06-30 23:00:00
1,calendar_linear,weekday_1,-0.40236177576080023,19800,2016-06-30 23:00:00
1,calendar_linear,weekday_2,-0.36363765393851366,19800,2016-06-30 23:00:00
1,calendar_linear,weekday_3,-0.3943050077778663,19800,2016-06-30 23:00:00
1,calendar_linear,weekday_4,-0.28422375285449186,19800,2016-06-30 23:00:00
1,calendar_linear,weekday_5,-0.19413089501288164,19800,2016-06-30 23:00:00
1,calendar_linear,weekday_6,-0.021020026460581914,19800,2016-06-30 23:00:00
1,calendar_linear,annual_sin,-0.018303448261360777,19800,2016-06-30 23:00:00
1,calendar_linear,annual_cos,-0.19170913558862476,19800,2016-06-30 23:00:00
1,calendar_ridge,intercept,3.9834472095743876,19800,2016-06-30 23:00:00
1,calendar_ridge,trend_years,0.23693469906608935,19800,2016-06-30 23:00:00
1,calendar_ridge,hour_sin_1,-1.432655249857516,19800,2016-06-30 23:00:00
1,calendar_ridge,hour_cos_1,-1.19573092814564,19800,2016-06-30 23:00:00
1,calendar_ridge,hour_sin_2,-0.496185140768318,19800,2016-06-30 23:00:00
1,calendar_ridge,hour_cos_2,0.10576717715928517,19800,2016-06-30 23:00:00
1,calendar_ridge,hour_sin_3,0.17969651642373496,19800,2016-06-30 23:00:00
1,calendar_ridge,hour_cos_3,-0.05029238243894747,19800,2016-06-30 23:00:00
1,calendar_ridge,weekday_1,-0.40145814843858507,19800,2016-06-30 23:00:00
1,calendar_ridge,weekday_2,-0.36275423803520923,19800,2016-06-30 23:00:00
1,calendar_ridge,weekday_3,-0.3934072134316073,19800,2016-06-30 23:00:00
1,calendar_ridge,weekday_4,-0.28337528452869054,19800,2016-06-30 23:00:00
1,calendar_ridge,weekday_5,-0.19333834784859089,19800,2016-06-30 23:00:00
1,calendar_ridge,weekday_6,-0.020305294672596053,19800,2016-06-30 23:00:00
1,calendar_ridge,annual_sin,-0.018292445802864748,19800,2016-06-30 23:00:00
1,calendar_ridge,annual_cos,-0.19161511832538,19800,2016-06-30 23:00:00
1,lag_ridge,intercept,3.303918616993306,3106,2016-06-30 23:00:00
1,lag_ridge,trend_years,0.19867728923539973,3106,2016-06-30 23:00:00
1,lag_ridge,hour_sin_1,-1.365273394206872,3106,2016-06-30 23:00:00
1,lag_ridge,hour_cos_1,-1.1174994099864062,3106,2016-06-30 23:00:00
1,lag_ridge,hour_sin_2,-0.4625284559262059,3106,2016-06-30 23:00:00
1,lag_ridge,hour_cos_2,0.09247589587092347,3106,2016-06-30 23:00:00
1,lag_ridge,hour_sin_3,0.10846258760037629,3106,2016-06-30 23:00:00
1,lag_ridge,hour_cos_3,-0.08134999756179633,3106,2016-06-30 23:00:00
1,lag_ridge,weekday_1,-0.35965057640004744,3106,2016-06-30 23:00:00
1,lag_ridge,weekday_2,-0.27425312615913244,3106,2016-06-30 23:00:00
1,lag_ridge,weekday_3,-0.1834339723765436,3106,2016-06-30 23:00:00
1,lag_ridge,weekday_4,-0.28371206252967024,3106,2016-06-30 23:00:00
1,lag_ridge,weekday_5,-0.2511267361676538,3106,2016-06-30 23:00:00
1,lag_ridge,weekday_6,-0.11026241019007262,3106,2016-06-30 23:00:00
1,lag_ridge,annual_sin,-0.03437957419986217,3106,2016-06-30 23:00:00
1,lag_ridge,annual_cos,-0.12715961459120295,3106,2016-06-30 23:00:00
1,lag_ridge,previous_hour,0.017414885273350736,3106,2016-06-30 23:00:00
1,lag_ridge,previous_day,0.045307821896738106,3106,2016-06-30 23:00:00
1,lag_ridge,previous_week,0.02708607631675303,3106,2016-06-30 23:00:00
1,lag_ridge,trailing_day_mean,0.09293207989684826,3106,2016-06-30 23:00:00
2,calendar_linear,intercept,3.9839249816717417,19799,2016-06-30 23:00:00
2,calendar_linear,trend_years,0.23707773245004543,19799,2016-06-30 23:00:00
2,calendar_linear,hour_sin_1,-1.4334263829711869,19799,2016-06-30 23:00:00
2,calendar_linear,hour_cos_1,-1.1963878397625989,19799,2016-06-30 23:00:00
2,calendar_linear,hour_sin_2,-0.4965070573266681,19799,2016-06-30 23:00:00
2,calendar_linear,hour_cos_2,0.10583057265354973,19799,2016-06-30 23:00:00
2,calendar_linear,hour_sin_3,0.17976232839040873,19799,2016-06-30 23:00:00
2,calendar_linear,hour_cos_3,-0.050284901572151174,19799,2016-06-30 23:00:00
2,calendar_linear,weekday_1,-0.40236154304415794,19799,2016-06-30 23:00:00
2,calendar_linear,weekday_2,-0.3636947274465784,19799,2016-06-30 23:00:00
2,calendar_linear,weekday_3,-0.3943044381336157,19799,2016-06-30 23:00:00
2,calendar_linear,weekday_4,-0.2842238539104628,19799,2016-06-30 23:00:00
2,calendar_linear,weekday_5,-0.19413009483282567,19799,2016-06-30 23:00:00
2,calendar_linear,weekday_6,-0.02101929968627324,19799,2016-06-30 23:00:00
2,calendar_linear,annual_sin,-0.018301737145420386,19799,2016-06-30 23:00:00
2,calendar_linear,annual_cos,-0.19172503688308717,19799,2016-06-30 23:00:00
2,calendar_ridge,intercept,3.9834215560038206,19799,2016-06-30 23:00:00
2,calendar_ridge,trend_years,0.23695404459089897,19799,2016-06-30 23:00:00
2,calendar_ridge,hour_sin_1,-1.4326602453309303,19799,2016-06-30 23:00:00
2,calendar_ridge,hour_cos_1,-1.1957485154342578,19799,2016-06-30 23:00:00
2,calendar_ridge,hour_sin_2,-0.4961948081459317,19799,2016-06-30 23:00:00
2,calendar_ridge,hour_cos_2,0.10575209920215492,19799,2016-06-30 23:00:00
2,calendar_ridge,hour_sin_3,0.17968359764981232,19799,2016-06-30 23:00:00
2,calendar_ridge,hour_cos_3,-0.05030361509622805,19799,2016-06-30 23:00:00
2,calendar_ridge,weekday_1,-0.4014579023264383,19799,2016-06-30 23:00:00
2,calendar_ridge,weekday_2,-0.3628108605901554,19799,2016-06-30 23:00:00
2,calendar_ridge,weekday_3,-0.393406633435971,19799,2016-06-30 23:00:00
2,calendar_ridge,weekday_4,-0.28337537161906745,19799,2016-06-30 23:00:00
2,calendar_ridge,weekday_5,-0.19333754310931442,19799,2016-06-30 23:00:00
2,calendar_ridge,weekday_6,-0.020304565892716425,19799,2016-06-30 23:00:00
2,calendar_ridge,annual_sin,-0.01829074874127649,19799,2016-06-30 23:00:00
2,calendar_ridge,annual_cos,-0.1916308891841162,19799,2016-06-30 23:00:00
2,lag_ridge,intercept,3.4046990080367157,3113,2016-06-30 23:00:00
2,lag_ridge,trend_years,0.19733216642035273,3113,2016-06-30 23:00:00
2,lag_ridge,hour_sin_1,-1.5425568469515265,3113,2016-06-30 23:00:00
2,lag_ridge,hour_cos_1,-1.1629289964185967,3113,2016-06-30 23:00:00
2,lag_ridge,hour_sin_2,-0.47797031935197054,3113,2016-06-30 23:00:00
2,lag_ridge,hour_cos_2,0.10638186877630465,3113,2016-06-30 23:00:00
2,lag_ridge,hour_sin_3,0.10913507042193873,3113,2016-06-30 23:00:00
2,lag_ridge,hour_cos_3,-0.11314116655370418,3113,2016-06-30 23:00:00
2,lag_ridge,weekday_1,-0.3772311358607042,3113,2016-06-30 23:00:00
2,lag_ridge,weekday_2,-0.29931586541831623,3113,2016-06-30 23:00:00
2,lag_ridge,weekday_3,-0.22832268438675188,3113,2016-06-30 23:00:00
2,lag_ridge,weekday_4,-0.24525015989209087,3113,2016-06-30 23:00:00
2,lag_ridge,weekday_5,-0.31473432874160695,3113,2016-06-30 23:00:00
2,lag_ridge,weekday_6,-0.06146504728323045,3113,2016-06-30 23:00:00
2,lag_ridge,annual_sin,-0.02350114029506487,3113,2016-06-30 23:00:00
2,lag_ridge,annual_cos,-0.11628577178778747,3113,2016-06-30 23:00:00
2,lag_ridge,previous_hour,-0.024008449380523895,3113,2016-06-30 23:00:00
2,lag_ridge,previous_day,0.0009420661508366051,3113,2016-06-30 23:00:00
2,lag_ridge,previous_week,0.002204192347328795,3113,2016-06-30 23:00:00
2,lag_ridge,trailing_day_mean,0.18356005341659612,3113,2016-06-30 23:00:00
3,calendar_linear,intercept,3.983678275801348,19798,2016-06-30 23:00:00
3,calendar_linear,trend_years,0.23726014375888657,19798,2016-06-30 23:00:00
3,calendar_linear,hour_sin_1,-1.4335196402062813,19798,2016-06-30 23:00:00
3,calendar_linear,hour_cos_1,-1.1965427057220637,19798,2016-06-30 23:00:00
3,calendar_linear,hour_sin_2,-0.49666188861615285,19798,2016-06-30 23:00:00
3,calendar_linear,hour_cos_2,0.10574950860174327,19798,2016-06-30 23:00:00
3,calendar_linear,hour_sin_3,0.17959749780347717,19798,2016-06-30 23:00:00
3,calendar_linear,hour_cos_3,-0.050276150867595716,19798,2016-06-30 23:00:00
3,calendar_linear,weekday_1,-0.402360810899685,19798,2016-06-30 23:00:00
3,calendar_linear,weekday_2,-0.3642284252816981,19798,2016-06-30 23:00:00
3,calendar_linear,weekday_3,-0.3942999826177511,19798,2016-06-30 23:00:00
3,calendar_linear,weekday_4,-0.2842246595350079,19798,2016-06-30 23:00:00
3,calendar_linear,weekday_5,-0.19412166763423322,19798,2016-06-30 23:00:00
3,calendar_linear,weekday_6,-0.021011895382696367,19798,2016-06-30 23:00:00
3,calendar_linear,annual_sin,-0.018285382227039532,19798,2016-06-30 23:00:00
3,calendar_linear,annual_cos,-0.1918730317108083,19798,2016-06-30 23:00:00
3,calendar_ridge,intercept,3.983175002588007,19798,2016-06-30 23:00:00
3,calendar_ridge,trend_years,0.23713619084840018,19798,2016-06-30 23:00:00
3,calendar_ridge,hour_sin_1,-1.4327533404208233,19798,2016-06-30 23:00:00
3,calendar_ridge,hour_cos_1,-1.1959031528285091,19798,2016-06-30 23:00:00
3,calendar_ridge,hour_sin_2,-0.49634940034669256,19798,2016-06-30 23:00:00
3,calendar_ridge,hour_cos_2,0.10567115971697508,19798,2016-06-30 23:00:00
3,calendar_ridge,hour_sin_3,0.17951902888278254,19798,2016-06-30 23:00:00
3,calendar_ridge,hour_cos_3,-0.05029488063075197,19798,2016-06-30 23:00:00
3,calendar_ridge,weekday_1,-0.4014569562973483,19798,2016-06-30 23:00:00
3,calendar_ridge,weekday_2,-0.36334361050447644,19798,2016-06-30 23:00:00
3,calendar_ridge,weekday_3,-0.3934019713608382,19798,2016-06-30 23:00:00
3,calendar_ridge,weekday_4,-0.28337596288294636,19798,2016-06-30 23:00:00
3,calendar_ridge,weekday_5,-0.19332892113421885,19798,2016-06-30 23:00:00
3,calendar_ridge,weekday_6,-0.020296968063376237,19798,2016-06-30 23:00:00
3,calendar_ridge,annual_sin,-0.01827441786272747,19798,2016-06-30 23:00:00
3,calendar_ridge,annual_cos,-0.1917786651783219,19798,2016-06-30 23:00:00
3,lag_ridge,intercept,3.2184116145518793,3105,2016-06-30 23:00:00
3,lag_ridge,trend_years,0.23433783051094345,3105,2016-06-30 23:00:00
3,lag_ridge,hour_sin_1,-1.5638031470993798,3105,2016-06-30 23:00:00
3,lag_ridge,hour_cos_1,-1.164885651484991,3105,2016-06-30 23:00:00
3,lag_ridge,hour_sin_2,-0.4891083618272256,3105,2016-06-30 23:00:00
3,lag_ridge,hour_cos_2,0.0981993458269634,3105,2016-06-30 23:00:00
3,lag_ridge,hour_sin_3,0.10610840027838304,3105,2016-06-30 23:00:00
3,lag_ridge,hour_cos_3,-0.07930682208198922,3105,2016-06-30 23:00:00
3,lag_ridge,weekday_1,-0.3850129006361928,3105,2016-06-30 23:00:00
3,lag_ridge,weekday_2,-0.2707815118640721,3105,2016-06-30 23:00:00
3,lag_ridge,weekday_3,-0.20372592474695111,3105,2016-06-30 23:00:00
3,lag_ridge,weekday_4,-0.2176558988697943,3105,2016-06-30 23:00:00
3,lag_ridge,weekday_5,-0.29929753953242977,3105,2016-06-30 23:00:00
3,lag_ridge,weekday_6,-0.0165086195932435,3105,2016-06-30 23:00:00
3,lag_ridge,annual_sin,-0.03154066279760949,3105,2016-06-30 23:00:00
3,lag_ridge,annual_cos,-0.1402696923254008,3105,2016-06-30 23:00:00
3,lag_ridge,previous_hour,-0.019960361657403773,3105,2016-06-30 23:00:00
3,lag_ridge,previous_day,-0.016756106233460664,3105,2016-06-30 23:00:00
3,lag_ridge,previous_week,0.012534558967297096,3105,2016-06-30 23:00:00
3,lag_ridge,trailing_day_mean,0.21105900948308248,3105,2016-06-30 23:00:00
4,calendar_linear,intercept,3.9837166975156295,19797,2016-06-30 23:00:00
4,calendar_linear,trend_years,0.23723202588925282,19797,2016-06-30 23:00:00
4,calendar_linear,hour_sin_1,-1.4334990882016283,19797,2016-06-30 23:00:00
4,calendar_linear,hour_cos_1,-1.1965226459345077,19797,2016-06-30 23:00:00
4,calendar_linear,hour_sin_2,-0.4966343588901866,19797,2016-06-30 23:00:00
4,calendar_linear,hour_cos_2,0.10574881227596918,19797,2016-06-30 23:00:00
4,calendar_linear,hour_sin_3,0.1796151838298839,19797,2016-06-30 23:00:00
4,calendar_linear,hour_cos_3,-0.05029494698818514,19797,2016-06-30 23:00:00
4,calendar_linear,weekday_1,-0.40236071493932474,19797,2016-06-30 23:00:00
4,calendar_linear,weekday_2,-0.36414624368315496,19797,2016-06-30 23:00:00
4,calendar_linear,weekday_3,-0.3943004824217043,19797,2016-06-30 23:00:00
4,calendar_linear,weekday_4,-0.284224466018504,19797,2016-06-30 23:00:00
4,calendar_linear,weekday_5,-0.19412282685910373,19797,2016-06-30 23:00:00
4,calendar_linear,weekday_6,-0.021012840766166153,19797,2016-06-30 23:00:00
4,calendar_linear,annual_sin,-0.018287958949402373,19797,2016-06-30 23:00:00
4,calendar_linear,annual_cos,-0.19185028853005917,19797,2016-06-30 23:00:00
4,calendar_ridge,intercept,3.98321372612057,19797,2016-06-30 23:00:00
4,calendar_ridge,trend_years,0.23710788972675248,19797,2016-06-30 23:00:00
4,calendar_ridge,hour_sin_1,-1.432732653104716,19797,2016-06-30 23:00:00
4,calendar_ridge,hour_cos_1,-1.1958829588760373,19797,2016-06-30 23:00:00
4,calendar_ridge,hour_sin_2,-0.4963216959672831,19797,2016-06-30 23:00:00
4,calendar_ridge,hour_cos_2,0.10567045649994129,19797,2016-06-30 23:00:00
4,calendar_ridge,hour_sin_3,0.17953683670068146,19797,2016-06-30 23:00:00
4,calendar_ridge,hour_cos_3,-0.050313805485067406,19797,2016-06-30 23:00:00
4,calendar_ridge,weekday_1,-0.401456903582276,19797,2016-06-30 23:00:00
4,calendar_ridge,weekday_2,-0.36326094277850896,19797,2016-06-30 23:00:00
4,calendar_ridge,weekday_3,-0.39340251822465155,19797,2016-06-30 23:00:00
4,calendar_ridge,weekday_4,-0.28337581419588775,19797,2016-06-30 23:00:00
4,calendar_ridge,weekday_5,-0.19333013510257066,19797,2016-06-30 23:00:00
4,calendar_ridge,weekday_6,-0.02029796999196271,19797,2016-06-30 23:00:00
4,calendar_ridge,annual_sin,-0.01827701212131512,19797,2016-06-30 23:00:00
4,calendar_ridge,annual_cos,-0.19175576815173878,19797,2016-06-30 23:00:00
4,lag_ridge,intercept,3.346761165345735,3114,2016-06-30 23:00:00
4,lag_ridge,trend_years,0.21960266648855367,3114,2016-06-30 23:00:00
4,lag_ridge,hour_sin_1,-1.6525187006905464,3114,2016-06-30 23:00:00
4,lag_ridge,hour_cos_1,-1.1288461427062704,3114,2016-06-30 23:00:00
4,lag_ridge,hour_sin_2,-0.4806516181499962,3114,2016-06-30 23:00:00
4,lag_ridge,hour_cos_2,0.135692208567223,3114,2016-06-30 23:00:00
4,lag_ridge,hour_sin_3,0.1117749419387771,3114,2016-06-30 23:00:00
4,lag_ridge,hour_cos_3,-0.09387315442471236,3114,2016-06-30 23:00:00
4,lag_ridge,weekday_1,-0.38642017596882766,3114,2016-06-30 23:00:00
4,lag_ridge,weekday_2,-0.32734929823757725,3114,2016-06-30 23:00:00
4,lag_ridge,weekday_3,-0.2582534796238016,3114,2016-06-30 23:00:00
4,lag_ridge,weekday_4,-0.30122474376675284,3114,2016-06-30 23:00:00
4,lag_ridge,weekday_5,-0.3935172606216887,3114,2016-06-30 23:00:00
4,lag_ridge,weekday_6,-0.12447776534745147,3114,2016-06-30 23:00:00
4,lag_ridge,annual_sin,-0.06643641884888585,3114,2016-06-30 23:00:00
4,lag_ridge,annual_cos,-0.12289120380788221,3114,2016-06-30 23:00:00
4,lag_ridge,previous_hour,-0.03874914530294491,3114,2016-06-30 23:00:00
4,lag_ridge,previous_day,-0.01601650383600481,3114,2016-06-30 23:00:00
4,lag_ridge,previous_week,-0.02372605898037891,3114,2016-06-30 23:00:00
4,lag_ridge,trailing_day_mean,0.25334726638973953,3114,2016-06-30 23:00:00
5,calendar_linear,intercept,3.9837422550538126,19796,2016-06-30 23:00:00
5,calendar_linear,trend_years,0.23721326620274652,19796,2016-06-30 23:00:00
5,calendar_linear,hour_sin_1,-1.4334824407408622,19796,2016-06-30 23:00:00
5,calendar_linear,hour_cos_1,-1.1965130051206254,19796,2016-06-30 23:00:00
5,calendar_linear,hour_sin_2,-0.4966183308392783,19796,2016-06-30 23:00:00
5,calendar_linear,hour_cos_2,0.10573957633493221,19796,2016-06-30 23:00:00
5,calendar_linear,hour_sin_3,0.1796152102848892,19796,2016-06-30 23:00:00
5,calendar_linear,hour_cos_3,-0.05031234402420606,19796,2016-06-30 23:00:00
5,calendar_linear,weekday_1,-0.4023605697239584,19796,2016-06-30 23:00:00
5,calendar_linear,weekday_2,-0.36409147930437785,19796,2016-06-30 23:00:00
5,calendar_linear,weekday_3,-0.39430069499111986,19796,2016-06-30 23:00:00
5,calendar_linear,weekday_4,-0.2842242270312254,19796,2016-06-30 23:00:00
5,calendar_linear,weekday_5,-0.1941233413320033,19796,2016-06-30 23:00:00
5,calendar_linear,weekday_6,-0.021013186603332523,19796,2016-06-30 23:00:00
5,calendar_linear,annual_sin,-0.018289698123840594,19796,2016-06-30 23:00:00
5,calendar_linear,annual_cos,-0.1918351171261198,19796,2016-06-30 23:00:00
5,calendar_ridge,intercept,3.98323958902822,19796,2016-06-30 23:00:00
5,calendar_ridge,trend_years,0.23708893541971332,19796,2016-06-30 23:00:00
5,calendar_ridge,hour_sin_1,-1.43271584803493,19796,2016-06-30 23:00:00
5,calendar_ridge,hour_cos_1,-1.19587320058028,19796,2016-06-30 23:00:00
5,calendar_ridge,hour_sin_2,-0.49630550079520636,19796,2016-06-30 23:00:00
5,calendar_ridge,hour_cos_2,0.10566111942560104,19796,2016-06-30 23:00:00
5,calendar_ridge,hour_sin_3,0.17953685928763585,19796,2016-06-30 23:00:00
5,calendar_ridge,hour_cos_3,-0.05033139363579436,19796,2016-06-30 23:00:00
5,calendar_ridge,weekday_1,-0.40145678953770114,19796,2016-06-30 23:00:00
5,calendar_ridge,weekday_2,-0.36320565030434504,19796,2016-06-30 23:00:00
5,calendar_ridge,weekday_3,-0.39340276567088195,19796,2016-06-30 23:00:00
5,calendar_ridge,weekday_4,-0.2833756076945979,19796,2016-06-30 23:00:00
5,calendar_ridge,weekday_5,-0.1933306912110833,19796,2016-06-30 23:00:00
5,calendar_ridge,weekday_6,-0.020298358920198784,19796,2016-06-30 23:00:00
5,calendar_ridge,annual_sin,-0.018278770094077572,19796,2016-06-30 23:00:00
5,calendar_ridge,annual_cos,-0.19174043378490485,19796,2016-06-30 23:00:00
5,lag_ridge,intercept,3.0397711801179907,3104,2016-06-30 23:00:00
5,lag_ridge,trend_years,0.22048362833633497,3104,2016-06-30 23:00:00
5,lag_ridge,hour_sin_1,-1.562956311348185,3104,2016-06-30 23:00:00
5,lag_ridge,hour_cos_1,-1.2017046057658405,3104,2016-06-30 23:00:00
5,lag_ridge,hour_sin_2,-0.5149718022974612,3104,2016-06-30 23:00:00
5,lag_ridge,hour_cos_2,0.12417340734668554,3104,2016-06-30 23:00:00
5,lag_ridge,hour_sin_3,0.1531162672658693,3104,2016-06-30 23:00:00
5,lag_ridge,hour_cos_3,-0.08689607130704298,3104,2016-06-30 23:00:00
5,lag_ridge,weekday_1,-0.3439545211934294,3104,2016-06-30 23:00:00
5,lag_ridge,weekday_2,-0.2847682391199407,3104,2016-06-30 23:00:00
5,lag_ridge,weekday_3,-0.23554883439795732,3104,2016-06-30 23:00:00
5,lag_ridge,weekday_4,-0.19320924893569028,3104,2016-06-30 23:00:00
5,lag_ridge,weekday_5,-0.3404133013591284,3104,2016-06-30 23:00:00
5,lag_ridge,weekday_6,-0.0323551235499058,3104,2016-06-30 23:00:00
5,lag_ridge,annual_sin,-0.052031470796350884,3104,2016-06-30 23:00:00
5,lag_ridge,annual_cos,-0.12638871695894327,3104,2016-06-30 23:00:00
5,lag_ridge,previous_hour,-0.010670101838085483,3104,2016-06-30 23:00:00
5,lag_ridge,previous_day,-0.013178657389507608,3104,2016-06-30 23:00:00
5,lag_ridge,previous_week,0.011225019995492254,3104,2016-06-30 23:00:00
5,lag_ridge,trailing_day_mean,0.24791932369101558,3104,2016-06-30 23:00:00
6,calendar_linear,intercept,3.983628803790155,19795,2016-06-30 23:00:00
6,calendar_linear,trend_years,0.23729783197135332,19795,2016-06-30 23:00:00
6,calendar_linear,hour_sin_1,-1.4335637491148459,19795,2016-06-30 23:00:00
6,calendar_linear,hour_cos_1,-1.1965362708777267,19795,2016-06-30 23:00:00
6,calendar_linear,hour_sin_2,-0.49666172464105407,19795,2016-06-30 23:00:00
6,calendar_linear,hour_cos_2,0.10580939791982914,19795,2016-06-30 23:00:00
6,calendar_linear,hour_sin_3,0.17966785775646102,19795,2016-06-30 23:00:00
6,calendar_linear,hour_cos_3,-0.0502546075245699,19795,2016-06-30 23:00:00
6,calendar_linear,weekday_1,-0.40236118060090237,19795,2016-06-30 23:00:00
6,calendar_linear,weekday_2,-0.36433822343031536,19795,2016-06-30 23:00:00
6,calendar_linear,weekday_3,-0.39430003183141465,19795,2016-06-30 23:00:00
6,calendar_linear,weekday_4,-0.28422591417520743,19795,2016-06-30 23:00:00
6,calendar_linear,weekday_5,-0.19412246637760916,19795,2016-06-30 23:00:00
6,calendar_linear,weekday_6,-0.02101312170604993,19795,2016-06-30 23:00:00
6,calendar_linear,annual_sin,-0.01828188101076055,19795,2016-06-30 23:00:00
6,calendar_linear,annual_cos,-0.19190367376422665,19795,2016-06-30 23:00:00
6,calendar_ridge,intercept,3.983126359787729,19795,2016-06-30 23:00:00
6,calendar_ridge,trend_years,0.23717326822439824,19795,2016-06-30 23:00:00
6,calendar_ridge,hour_sin_1,-1.4327969526665574,19795,2016-06-30 23:00:00
6,calendar_ridge,hour_cos_1,-1.1958963727167962,19795,2016-06-30 23:00:00
6,calendar_ridge,hour_sin_2,-0.49634876012948337,19795,2016-06-30 23:00:00
6,calendar_ridge,hour_cos_2,0.10573073724795491,19795,2016-06-30 23:00:00
6,calendar_ridge,hour_sin_3,0.17958935353783276,19795,2016-06-30 23:00:00
6,calendar_ridge,hour_cos_3,-0.050273828062957014,19795,2016-06-30 23:00:00
6,calendar_ridge,weekday_1,-0.4014572996027058,19795,2016-06-30 23:00:00
6,calendar_ridge,weekday_2,-0.3634516421054531,19795,2016-06-30 23:00:00
6,calendar_ridge,weekday_3,-0.39340200589703306,19795,2016-06-30 23:00:00
6,calendar_ridge,weekday_4,-0.28337719298877795,19795,2016-06-30 23:00:00
6,calendar_ridge,weekday_5,-0.1933297243902663,19795,2016-06-30 23:00:00
6,calendar_ridge,weekday_6,-0.020298202751296127,19795,2016-06-30 23:00:00
6,calendar_ridge,annual_sin,-0.01827097522032808,19795,2016-06-30 23:00:00
6,calendar_ridge,annual_cos,-0.191808796902582,19795,2016-06-30 23:00:00
6,lag_ridge,intercept,3.1517172746107747,3097,2016-06-30 23:00:00
6,lag_ridge,trend_years,0.2053423847125808,3097,2016-06-30 23:00:00
6,lag_ridge,hour_sin_1,-1.549384719127818,3097,2016-06-30 23:00:00
6,lag_ridge,hour_cos_1,-1.1833052098083643,3097,2016-06-30 23:00:00
6,lag_ridge,hour_sin_2,-0.5007683088047501,3097,2016-06-30 23:00:00
6,lag_ridge,hour_cos_2,0.1235396666547439,3097,2016-06-30 23:00:00
6,lag_ridge,hour_sin_3,0.15523628801629974,3097,2016-06-30 23:00:00
6,lag_ridge,hour_cos_3,-0.10293303682518125,3097,2016-06-30 23:00:00
6,lag_ridge,weekday_1,-0.4062475610187427,3097,2016-06-30 23:00:00
6,lag_ridge,weekday_2,-0.2224084128037585,3097,2016-06-30 23:00:00
6,lag_ridge,weekday_3,-0.278423484194311,3097,2016-06-30 23:00:00
6,lag_ridge,weekday_4,-0.22589394034408883,3097,2016-06-30 23:00:00
6,lag_ridge,weekday_5,-0.31520786284489893,3097,2016-06-30 23:00:00
6,lag_ridge,weekday_6,-0.020508259129473926,3097,2016-06-30 23:00:00
6,lag_ridge,annual_sin,-0.02103094551436804,3097,2016-06-30 23:00:00
6,lag_ridge,annual_cos,-0.14406691836022228,3097,2016-06-30 23:00:00
6,lag_ridge,previous_hour,-0.015370637467204677,3097,2016-06-30 23:00:00
6,lag_ridge,previous_day,0.005269951800193392,3097,2016-06-30 23:00:00
6,lag_ridge,previous_week,-0.01371740175973122,3097,2016-06-30 23:00:00
6,lag_ridge,trailing_day_mean,0.24102264749388214,3097,2016-06-30 23:00:00
7,calendar_linear,intercept,3.9835824949164507,19794,2016-06-30 23:00:00
7,calendar_linear,trend_years,0.23733314712289683,19794,2016-06-30 23:00:00
7,calendar_linear,hour_sin_1,-1.4335973378913343,19794,2016-06-30 23:00:00
7,calendar_linear,hour_cos_1,-1.1965371963660356,19794,2016-06-30 23:00:00
7,calendar_linear,hour_sin_2,-0.49666361804182163,19794,2016-06-30 23:00:00
7,calendar_linear,hour_cos_2,0.10584240118564366,19794,2016-06-30 23:00:00
7,calendar_linear,hour_sin_3,0.17969940617754562,19794,2016-06-30 23:00:00
7,calendar_linear,hour_cos_3,-0.05025183268994075,19794,2016-06-30 23:00:00
7,calendar_linear,weekday_1,-0.4023612445156054,19794,2016-06-30 23:00:00
7,calendar_linear,weekday_2,-0.3644413601447488,19794,2016-06-30 23:00:00
7,calendar_linear,weekday_3,-0.39429970089920047,19794,2016-06-30 23:00:00
7,calendar_linear,weekday_4,-0.2842268056835113,19794,2016-06-30 23:00:00
7,calendar_linear,weekday_5,-0.19412257285384008,19794,2016-06-30 23:00:00
7,calendar_linear,weekday_6,-0.021013572452862304,19794,2016-06-30 23:00:00
7,calendar_linear,annual_sin,-0.018278662489825938,19794,2016-06-30 23:00:00
7,calendar_linear,annual_cos,-0.1919324136140733,19794,2016-06-30 23:00:00
7,calendar_ridge,intercept,3.9830802517378547,19794,2016-06-30 23:00:00
7,calendar_ridge,trend_years,0.23720840838848614,19794,2016-06-30 23:00:00
7,calendar_ridge,hour_sin_1,-1.4328304044768603,19794,2016-06-30 23:00:00
7,calendar_ridge,hour_cos_1,-1.195897263505357,19794,2016-06-30 23:00:00
7,calendar_ridge,hour_sin_2,-0.49635063084008096,19794,2016-06-30 23:00:00
7,calendar_ridge,hour_cos_2,0.10576356914265476,19794,2016-06-30 23:00:00
7,calendar_ridge,hour_sin_3,0.17962073983460108,19794,2016-06-30 23:00:00
7,calendar_ridge,hour_cos_3,-0.0502710671035711,19794,2016-06-30 23:00:00
7,calendar_ridge,weekday_1,-0.4014573268130177,19794,2016-06-30 23:00:00
7,calendar_ridge,weekday_2,-0.3635542486534177,19794,2016-06-30 23:00:00
7,calendar_ridge,weekday_3,-0.3934016404882398,19794,2016-06-30 23:00:00
7,calendar_ridge,weekday_4,-0.2833780456017975,19794,2016-06-30 23:00:00
7,calendar_ridge,weekday_5,-0.19332979798063277,19794,2016-06-30 23:00:00
7,calendar_ridge,weekday_6,-0.02029862194657541,19794,2016-06-30 23:00:00
7,calendar_ridge,annual_sin,-0.01826777334514741,19794,2016-06-30 23:00:00
7,calendar_ridge,annual_cos,-0.19183738918271862,19794,2016-06-30 23:00:00
7,lag_ridge,intercept,3.0381904094044883,3102,2016-06-30 23:00:00
7,lag_ridge,trend_years,0.18028384060969277,3102,2016-06-30 23:00:00
7,lag_ridge,hour_sin_1,-1.560340081401967,3102,2016-06-30 23:00:00
7,lag_ridge,hour_cos_1,-1.181805557113556,3102,2016-06-30 23:00:00
7,lag_ridge,hour_sin_2,-0.4782173387489291,3102,2016-06-30 23:00:00
7,lag_ridge,hour_cos_2,0.11269617863887146,3102,2016-06-30 23:00:00
7,lag_ridge,hour_sin_3,0.14141388280363454,3102,2016-06-30 23:00:00
7,lag_ridge,hour_cos_3,-0.08829005916716022,3102,2016-06-30 23:00:00
7,lag_ridge,weekday_1,-0.3801203016042425,3102,2016-06-30 23:00:00
7,lag_ridge,weekday_2,-0.17084319327826156,3102,2016-06-30 23:00:00
7,lag_ridge,weekday_3,-0.21306808095779145,3102,2016-06-30 23:00:00
7,lag_ridge,weekday_4,-0.2765749971687045,3102,2016-06-30 23:00:00
7,lag_ridge,weekday_5,-0.3015099763321836,3102,2016-06-30 23:00:00
7,lag_ridge,weekday_6,-0.05342179487401208,3102,2016-06-30 23:00:00
7,lag_ridge,annual_sin,0.0019138912903122192,3102,2016-06-30 23:00:00
7,lag_ridge,annual_cos,-0.0921724133661721,3102,2016-06-30 23:00:00
7,lag_ridge,previous_hour,-0.008988835288479562,3102,2016-06-30 23:00:00
7,lag_ridge,previous_day,-0.006968650792308789,3102,2016-06-30 23:00:00
7,lag_ridge,previous_week,-0.006324958283121389,3102,2016-06-30 23:00:00
7,lag_ridge,trailing_day_mean,0.27209294291299874,3102,2016-06-30 23:00:00
8,calendar_linear,intercept,3.983172582819885,19793,2016-06-30 23:00:00
8,calendar_linear,trend_years,0.23765305969614092,19793,2016-06-30 23:00:00
8,calendar_linear,hour_sin_1,-1.4338754447579436,19793,2016-06-30 23:00:00
8,calendar_linear,hour_cos_1,-1.1964709579582704,19793,2016-06-30 23:00:00
8,calendar_linear,hour_sin_2,-0.4965367418607287,19793,2016-06-30 23:00:00
8,calendar_linear,hour_cos_2,0.10609654236736839,19793,2016-06-30 23:00:00
8,calendar_linear,hour_sin_3,0.1799113884710442,19793,2016-06-30 23:00:00
8,calendar_linear,hour_cos_3,-0.05042482832967357,19793,2016-06-30 23:00:00
8,calendar_linear,weekday_1,-0.4023590762431484,19793,2016-06-30 23:00:00
8,calendar_linear,weekday_2,-0.3653780181605088,19793,2016-06-30 23:00:00
8,calendar_linear,weekday_3,-0.39429452913513396,19793,2016-06-30 23:00:00
8,calendar_linear,weekday_4,-0.2842350557225312,19793,2016-06-30 23:00:00
8,calendar_linear,weekday_5,-0.1941250157004775,19793,2016-06-30 23:00:00
8,calendar_linear,weekday_6,-0.02101923930690221,19793,2016-06-30 23:00:00
8,calendar_linear,annual_sin,-0.018249991647270744,19793,2016-06-30 23:00:00
8,calendar_linear,annual_cos,-0.1921937613865053,19793,2016-06-30 23:00:00
8,calendar_ridge,intercept,3.9826702868784003,19793,2016-06-30 23:00:00
8,calendar_ridge,trend_years,0.23752805333094493,19793,2016-06-30 23:00:00
8,calendar_ridge,hour_sin_1,-1.4331082996541007,19793,2016-06-30 23:00:00
8,calendar_ridge,hour_cos_1,-1.1958310609011489,19793,2016-06-30 23:00:00
8,calendar_ridge,hour_sin_2,-0.4962238610671493,19793,2016-06-30 23:00:00
8,calendar_ridge,hour_cos_2,0.10601747809136175,19793,2016-06-30 23:00:00
8,calendar_ridge,hour_sin_3,0.1798325236336562,19793,2016-06-30 23:00:00
8,calendar_ridge,hour_cos_3,-0.05044391581768238,19793,2016-06-30 23:00:00
8,calendar_ridge,weekday_1,-0.401454758618435,19793,2016-06-30 23:00:00
8,calendar_ridge,weekday_2,-0.36448978721628994,19793,2016-06-30 23:00:00
8,calendar_ridge,weekday_3,-0.39339607262157594,19793,2016-06-30 23:00:00
8,calendar_ridge,weekday_4,-0.2833858845668684,19793,2016-06-30 23:00:00
8,calendar_ridge,weekday_5,-0.19333183860572625,19793,2016-06-30 23:00:00
8,calendar_ridge,weekday_6,-0.02030388565127626,19793,2016-06-30 23:00:00
8,calendar_ridge,annual_sin,-0.0182391265578072,19793,2016-06-30 23:00:00
8,calendar_ridge,annual_cos,-0.19209851440720804,19793,2016-06-30 23:00:00
8,lag_ridge,intercept,3.1373821053847917,3096,2016-06-30 23:00:00
8,lag_ridge,trend_years,0.1883783074869435,3096,2016-06-30 23:00:00
8,lag_ridge,hour_sin_1,-1.5099276404469089,3096,2016-06-30 23:00:00
8,lag_ridge,hour_cos_1,-1.3117308348319936,3096,2016-06-30 23:00:00
8,lag_ridge,hour_sin_2,-0.5250825183636373,3096,2016-06-30 23:00:00
8,lag_ridge,hour_cos_2,0.11313991843789153,3096,2016-06-30 23:00:00
8,lag_ridge,hour_sin_3,0.13811655313689794,3096,2016-06-30 23:00:00
8,lag_ridge,hour_cos_3,-0.05040725344577168,3096,2016-06-30 23:00:00
8,lag_ridge,weekday_1,-0.37990706375149236,3096,2016-06-30 23:00:00
8,lag_ridge,weekday_2,-0.2848557059458631,3096,2016-06-30 23:00:00
8,lag_ridge,weekday_3,-0.18176986205990445,3096,2016-06-30 23:00:00
8,lag_ridge,weekday_4,-0.21953673950949265,3096,2016-06-30 23:00:00
8,lag_ridge,weekday_5,-0.2550345261154877,3096,2016-06-30 23:00:00
8,lag_ridge,weekday_6,-0.0524218228586604,3096,2016-06-30 23:00:00
8,lag_ridge,annual_sin,-0.009229730214821283,3096,2016-06-30 23:00:00
8,lag_ridge,annual_cos,-0.1209814182388788,3096,2016-06-30 23:00:00
8,lag_ridge,previous_hour,-0.0026085173905526326,3096,2016-06-30 23:00:00
8,lag_ridge,previous_day,0.020366070161823815,3096,2016-06-30 23:00:00
8,lag_ridge,previous_week,0.018628574972276622,3096,2016-06-30 23:00:00
8,lag_ridge,trailing_day_mean,0.1917362703969677,3096,2016-06-30 23:00:00
9,calendar_linear,intercept,3.9828869581361457,19792,2016-06-30 23:00:00
9,calendar_linear,trend_years,0.23787977236308722,19792,2016-06-30 23:00:00
9,calendar_linear,hour_sin_1,-1.4340425833703137,19792,2016-06-30 23:00:00
9,calendar_linear,hour_cos_1,-1.1963786518520478,19792,2016-06-30 23:00:00
9,calendar_linear,hour_sin_2,-0.4963744334474631,19792,2016-06-30 23:00:00
9,calendar_linear,hour_cos_2,0.10619864954607464,19792,2016-06-30 23:00:00
9,calendar_linear,hour_sin_3,0.17992633408812592,19792,2016-06-30 23:00:00
9,calendar_linear,hour_cos_3,-0.050611351726840656,19792,2016-06-30 23:00:00
9,calendar_linear,weekday_1,-0.4023555117466429,19792,2016-06-30 23:00:00
9,calendar_linear,weekday_2,-0.3660441630830232,19792,2016-06-30 23:00:00
9,calendar_linear,weekday_3,-0.39428856314991856,19792,2016-06-30 23:00:00
9,calendar_linear,weekday_4,-0.2842397550404112,19792,2016-06-30 23:00:00
9,calendar_linear,weekday_5,-0.194125648298647,19792,2016-06-30 23:00:00
9,calendar_linear,weekday_6,-0.02102234733281599,19792,2016-06-30 23:00:00
9,calendar_linear,annual_sin,-0.01822987094873971,19792,2016-06-30 23:00:00
9,calendar_linear,annual_cos,-0.1923794806476034,19792,2016-06-30 23:00:00
9,calendar_ridge,intercept,3.9823845997055964,19792,2016-06-30 23:00:00
9,calendar_ridge,trend_years,0.23775459789305398,19792,2016-06-30 23:00:00
9,calendar_ridge,hour_sin_1,-1.4332753313125173,19792,2016-06-30 23:00:00
9,calendar_ridge,hour_cos_1,-1.1957388158673763,19792,2016-06-30 23:00:00
9,calendar_ridge,hour_sin_2,-0.4960616914117342,19792,2016-06-30 23:00:00
9,calendar_ridge,hour_cos_2,0.10611949968462243,19792,2016-06-30 23:00:00
9,calendar_ridge,hour_sin_3,0.17984744490674323,19792,2016-06-30 23:00:00
9,calendar_ridge,hour_cos_3,-0.05063028963663801,19792,2016-06-30 23:00:00
9,calendar_ridge,weekday_1,-0.4014509181159399,19792,2016-06-30 23:00:00
9,calendar_ridge,weekday_2,-0.36515520711493943,19792,2016-06-30 23:00:00
9,calendar_ridge,weekday_3,-0.3933898334561345,19792,2016-06-30 23:00:00
9,calendar_ridge,weekday_4,-0.28339030001611787,19792,2016-06-30 23:00:00
9,calendar_ridge,weekday_5,-0.19333219343699956,19792,2016-06-30 23:00:00
9,calendar_ridge,weekday_6,-0.02030671613127824,19792,2016-06-30 23:00:00
9,calendar_ridge,annual_sin,-0.01821902090811759,19792,2016-06-30 23:00:00
9,calendar_ridge,annual_cos,-0.19228409124144646,19792,2016-06-30 23:00:00
9,lag_ridge,intercept,3.5362111686952624,3098,2016-06-30 23:00:00
9,lag_ridge,trend_years,0.18305546927894745,3098,2016-06-30 23:00:00
9,lag_ridge,hour_sin_1,-1.5124214170951515,3098,2016-06-30 23:00:00
9,lag_ridge,hour_cos_1,-1.1494633452778455,3098,2016-06-30 23:00:00
9,lag_ridge,hour_sin_2,-0.5428385671154792,3098,2016-06-30 23:00:00
9,lag_ridge,hour_cos_2,0.08953399979901178,3098,2016-06-30 23:00:00
9,lag_ridge,hour_sin_3,0.1689510548628718,3098,2016-06-30 23:00:00
9,lag_ridge,hour_cos_3,-0.0912524942595945,3098,2016-06-30 23:00:00
9,lag_ridge,weekday_1,-0.5077257243534931,3098,2016-06-30 23:00:00
9,lag_ridge,weekday_2,-0.33656739844830347,3098,2016-06-30 23:00:00
9,lag_ridge,weekday_3,-0.3708308171021095,3098,2016-06-30 23:00:00
9,lag_ridge,weekday_4,-0.36679729515652965,3098,2016-06-30 23:00:00
9,lag_ridge,weekday_5,-0.4657020954163352,3098,2016-06-30 23:00:00
9,lag_ridge,weekday_6,-0.21757119274477696,3098,2016-06-30 23:00:00
9,lag_ridge,annual_sin,0.0034671675290212024,3098,2016-06-30 23:00:00
9,lag_ridge,annual_cos,-0.10092735011417399,3098,2016-06-30 23:00:00
9,lag_ridge,previous_hour,-0.003276061780226084,3098,2016-06-30 23:00:00
9,lag_ridge,previous_day,-0.015288757483464673,3098,2016-06-30 23:00:00
9,lag_ridge,previous_week,-0.027103317839020098,3098,2016-06-30 23:00:00
9,lag_ridge,trailing_day_mean,0.21037330986709615,3098,2016-06-30 23:00:00
10,calendar_linear,intercept,3.982565561633556,19791,2016-06-30 23:00:00
10,calendar_linear,trend_years,0.23813681453450905,19791,2016-06-30 23:00:00
10,calendar_linear,hour_sin_1,-1.4341905707434248,19791,2016-06-30 23:00:00
10,calendar_linear,hour_cos_1,-1.1962332371486097,19791,2016-06-30 23:00:00
10,calendar_linear,hour_sin_2,-0.49616318390924224,19791,2016-06-30 23:00:00
10,calendar_linear,hour_cos_2,0.10619950960604999,19791,2016-06-30 23:00:00
10,calendar_linear,hour_sin_3,0.1797850860784968,19791,2016-06-30 23:00:00
10,calendar_linear,hour_cos_3,-0.050767442095423346,19791,2016-06-30 23:00:00
10,calendar_linear,weekday_1,-0.40234978270165656,19791,2016-06-30 23:00:00
10,calendar_linear,weekday_2,-0.36680202382354,19791,2016-06-30 23:00:00
10,calendar_linear,weekday_3,-0.39427920242996634,19791,2016-06-30 23:00:00
10,calendar_linear,weekday_4,-0.28424279095078525,19791,2016-06-30 23:00:00
10,calendar_linear,weekday_5,-0.1941236540350175,19791,2016-06-30 23:00:00
10,calendar_linear,weekday_6,-0.021023470855978544,19791,2016-06-30 23:00:00
10,calendar_linear,annual_sin,-0.018207004407815707,19791,2016-06-30 23:00:00
10,calendar_linear,annual_cos,-0.1925903154635672,19791,2016-06-30 23:00:00
10,calendar_ridge,intercept,3.982063064113081,19791,2016-06-30 23:00:00
10,calendar_ridge,trend_years,0.2380115039837925,19791,2016-06-30 23:00:00
10,calendar_ridge,hour_sin_1,-1.4334232448213735,19791,2016-06-30 23:00:00
10,calendar_ridge,hour_cos_1,-1.1955934857582244,19791,2016-06-30 23:00:00
10,calendar_ridge,hour_sin_2,-0.49585057939101174,19791,2016-06-30 23:00:00
10,calendar_ridge,hour_cos_2,0.1061203571700826,19791,2016-06-30 23:00:00
10,calendar_ridge,hour_sin_3,0.1797062733048061,19791,2016-06-30 23:00:00
10,calendar_ridge,hour_cos_3,-0.05078628412129861,19791,2016-06-30 23:00:00
10,calendar_ridge,weekday_1,-0.4014448797566929,19791,2016-06-30 23:00:00
10,calendar_ridge,weekday_2,-0.36591240473774367,19791,2016-06-30 23:00:00
10,calendar_ridge,weekday_3,-0.3933801669911655,19791,2016-06-30 23:00:00
10,calendar_ridge,weekday_4,-0.2833930199626966,19791,2016-06-30 23:00:00
10,calendar_ridge,weekday_5,-0.19332988938674867,19791,2016-06-30 23:00:00
10,calendar_ridge,weekday_6,-0.02030752995349467,19791,2016-06-30 23:00:00
10,calendar_ridge,annual_sin,-0.018196166529611892,19791,2016-06-30 23:00:00
10,calendar_ridge,annual_cos,-0.19249480969597882,19791,2016-06-30 23:00:00
10,lag_ridge,intercept,3.1975694756351385,3100,2016-06-30 23:00:00
10,lag_ridge,trend_years,0.20278736256216098,3100,2016-06-30 23:00:00
10,lag_ridge,hour_sin_1,-1.5410105364953903,3100,2016-06-30 23:00:00
10,lag_ridge,hour_cos_1,-1.3284896898531904,3100,2016-06-30 23:00:00
10,lag_ridge,hour_sin_2,-0.5472536474154363,3100,2016-06-30 23:00:00
10,lag_ridge,hour_cos_2,0.1368501338955167,3100,2016-06-30 23:00:00
10,lag_ridge,hour_sin_3,0.17598151577607737,3100,2016-06-30 23:00:00
10,lag_ridge,hour_cos_3,-0.08849159045198689,3100,2016-06-30 23:00:00
10,lag_ridge,weekday_1,-0.5189217215186748,3100,2016-06-30 23:00:00
10,lag_ridge,weekday_2,-0.330450505522,3100,2016-06-30 23:00:00
10,lag_ridge,weekday_3,-0.24462703849460837,3100,2016-06-30 23:00:00
10,lag_ridge,weekday_4,-0.397098420146117,3100,2016-06-30 23:00:00
10,lag_ridge,weekday_5,-0.45873978040851654,3100,2016-06-30 23:00:00
10,lag_ridge,weekday_6,-0.2567724805618608,3100,2016-06-30 23:00:00
10,lag_ridge,annual_sin,-0.001077438469272147,3100,2016-06-30 23:00:00
10,lag_ridge,annual_cos,-0.11027173819495212,3100,2016-06-30 23:00:00
10,lag_ridge,previous_hour,0.006550221347268717,3100,2016-06-30 23:00:00
10,lag_ridge,previous_day,0.03461588504728883,3100,2016-06-30 23:00:00
10,lag_ridge,previous_week,0.010788981177564706,3100,2016-06-30 23:00:00
10,lag_ridge,trailing_day_mean,0.18550981198285632,3100,2016-06-30 23:00:00
11,calendar_linear,intercept,3.9824770357337393,19790,2016-06-30 23:00:00
11,calendar_linear,trend_years,0.23820759200751787,19790,2016-06-30 23:00:00
11,calendar_linear,hour_sin_1,-1.4342188198000605,19790,2016-06-30 23:00:00
11,calendar_linear,hour_cos_1,-1.1961850444308486,19790,2016-06-30 23:00:00
11,calendar_linear,hour_sin_2,-0.4961140451959673,19790,2016-06-30 23:00:00
11,calendar_linear,hour_cos_2,0.10616977045379826,19790,2016-06-30 23:00:00
11,calendar_linear,hour_sin_3,0.1797268657791247,19790,2016-06-30 23:00:00
11,calendar_linear,hour_cos_3,-0.05076927249096439,19790,2016-06-30 23:00:00
11,calendar_linear,weekday_1,-0.4023480135185804,19790,2016-06-30 23:00:00
11,calendar_linear,weekday_2,-0.3670111500899335,19790,2016-06-30 23:00:00
11,calendar_linear,weekday_3,-0.39427615248699244,19790,2016-06-30 23:00:00
11,calendar_linear,weekday_4,-0.2842429787545959,19790,2016-06-30 23:00:00
11,calendar_linear,weekday_5,-0.1941223873390259,19790,2016-06-30 23:00:00
11,calendar_linear,weekday_6,-0.021023134393735727,19790,2016-06-30 23:00:00
11,calendar_linear,annual_sin,-0.018200631418992603,19790,2016-06-30 23:00:00
11,calendar_linear,annual_cos,-0.19264837516087152,19790,2016-06-30 23:00:00
11,calendar_ridge,intercept,3.981974482369977,19790,2016-06-30 23:00:00
11,calendar_ridge,trend_years,0.23808226832716298,19790,2016-06-30 23:00:00
11,calendar_ridge,hour_sin_1,-1.433451471514425,19790,2016-06-30 23:00:00
11,calendar_ridge,hour_cos_1,-1.19554532186038,19790,2016-06-30 23:00:00
11,calendar_ridge,hour_sin_2,-0.49580146366566574,19790,2016-06-30 23:00:00
11,calendar_ridge,hour_cos_2,0.1060906273202818,19790,2016-06-30 23:00:00
11,calendar_ridge,hour_sin_3,0.17964807771135827,19790,2016-06-30 23:00:00
11,calendar_ridge,hour_cos_3,-0.05078811142116549,19790,2016-06-30 23:00:00
11,calendar_ridge,weekday_1,-0.401443032546056,19790,2016-06-30 23:00:00
11,calendar_ridge,weekday_2,-0.36612143511260886,19790,2016-06-30 23:00:00
11,calendar_ridge,weekday_3,-0.3933770400232058,19790,2016-06-30 23:00:00
11,calendar_ridge,weekday_4,-0.2833931305288297,19790,2016-06-30 23:00:00
11,calendar_ridge,weekday_5,-0.1933285479247812,19790,2016-06-30 23:00:00
11,calendar_ridge,weekday_6,-0.020307121211436584,19790,2016-06-30 23:00:00
11,calendar_ridge,annual_sin,-0.018189795264003005,19790,2016-06-30 23:00:00
11,calendar_ridge,annual_cos,-0.19255285344829048,19790,2016-06-30 23:00:00
11,lag_ridge,intercept,3.144168579182144,3099,2016-06-30 23:00:00
11,lag_ridge,trend_years,0.18669013371066767,3099,2016-06-30 23:00:00
11,lag_ridge,hour_sin_1,-1.5058438966123127,3099,2016-06-30 23:00:00
11,lag_ridge,hour_cos_1,-1.2641599450894456,3099,2016-06-30 23:00:00
11,lag_ridge,hour_sin_2,-0.5580882686928386,3099,2016-06-30 23:00:00
11,lag_ridge,hour_cos_2,0.14815509863887,3099,2016-06-30 23:00:00
11,lag_ridge,hour_sin_3,0.1624184389678891,3099,2016-06-30 23:00:00
11,lag_ridge,hour_cos_3,-0.11171120022127669,3099,2016-06-30 23:00:00
11,lag_ridge,weekday_1,-0.419831193915517,3099,2016-06-30 23:00:00
11,lag_ridge,weekday_2,-0.2542344664795509,3099,2016-06-30 23:00:00
11,lag_ridge,weekday_3,-0.3289757648001709,3099,2016-06-30 23:00:00
11,lag_ridge,weekday_4,-0.28558758801574985,3099,2016-06-30 23:00:00
11,lag_ridge,weekday_5,-0.3578978392607233,3099,2016-06-30 23:00:00
11,lag_ridge,weekday_6,-0.189229606910638,3099,2016-06-30 23:00:00
11,lag_ridge,annual_sin,-0.022931283907279682,3099,2016-06-30 23:00:00
11,lag_ridge,annual_cos,-0.09647542440987719,3099,2016-06-30 23:00:00
11,lag_ridge,previous_hour,0.01978232568680556,3099,2016-06-30 23:00:00
11,lag_ridge,previous_day,-0.000830645143954765,3099,2016-06-30 23:00:00
11,lag_ridge,previous_week,0.008459504731174445,3099,2016-06-30 23:00:00
11,lag_ridge,trailing_day_mean,0.21181252911351905,3099,2016-06-30 23:00:00
12,calendar_linear,intercept,3.9825829984805527,19789,2016-06-30 23:00:00
12,calendar_linear,trend_years,0.2381231834433353,19789,2016-06-30 23:00:00
12,calendar_linear,hour_sin_1,-1.4342008101252117,19789,2016-06-30 23:00:00
12,calendar_linear,hour_cos_1,-1.1962485943980206,19789,2016-06-30 23:00:00
12,calendar_linear,hour_sin_2,-0.49614610486577776,19789,2016-06-30 23:00:00
12,calendar_linear,hour_cos_2,0.10622945640154555,19789,2016-06-30 23:00:00
12,calendar_linear,hour_sin_3,0.17977711836446156,19789,2016-06-30 23:00:00
12,calendar_linear,hour_cos_3,-0.050817472553256665,19789,2016-06-30 23:00:00
12,calendar_linear,weekday_1,-0.40235005605931495,19789,2016-06-30 23:00:00
12,calendar_linear,weekday_2,-0.366761692957577,19789,2016-06-30 23:00:00
12,calendar_linear,weekday_3,-0.3942799181009045,19789,2016-06-30 23:00:00
12,calendar_linear,weekday_4,-0.284243241559421,19789,2016-06-30 23:00:00
12,calendar_linear,weekday_5,-0.19412429522849967,19789,2016-06-30 23:00:00
12,calendar_linear,weekday_6,-0.021023915181174413,19789,2016-06-30 23:00:00
12,calendar_linear,annual_sin,-0.018208338553206957,19789,2016-06-30 23:00:00
12,calendar_linear,annual_cos,-0.19257916722169502,19789,2016-06-30 23:00:00
12,calendar_ridge,intercept,3.982080469374883,19789,2016-06-30 23:00:00
12,calendar_ridge,trend_years,0.23799793730429009,19789,2016-06-30 23:00:00
12,calendar_ridge,hour_sin_1,-1.4334334449773822,19789,2016-06-30 23:00:00
12,calendar_ridge,hour_cos_1,-1.19560884393569,19789,2016-06-30 23:00:00
12,calendar_ridge,hour_sin_2,-0.4958334913053667,19789,2016-06-30 23:00:00
12,calendar_ridge,hour_cos_2,0.1061502665599277,19789,2016-06-30 23:00:00
12,calendar_ridge,hour_sin_3,0.17969829030506415,19789,2016-06-30 23:00:00
12,calendar_ridge,hour_cos_3,-0.05083627602100837,19789,2016-06-30 23:00:00
12,calendar_ridge,weekday_1,-0.40144518590536965,19789,2016-06-30 23:00:00
12,calendar_ridge,weekday_2,-0.36587231770835826,19789,2016-06-30 23:00:00
12,calendar_ridge,weekday_3,-0.3933809144078457,19789,2016-06-30 23:00:00
12,calendar_ridge,weekday_4,-0.2833935087554088,19789,2016-06-30 23:00:00
12,calendar_ridge,weekday_5,-0.19333057068438295,19789,2016-06-30 23:00:00
12,calendar_ridge,weekday_6,-0.02030802146480386,19789,2016-06-30 23:00:00
12,calendar_ridge,annual_sin,-0.01819749609563427,19789,2016-06-30 23:00:00
12,calendar_ridge,annual_cos,-0.19248370354627645,19789,2016-06-30 23:00:00
12,lag_ridge,intercept,3.483929157321396,3092,2016-06-30 23:00:00
12,lag_ridge,trend_years,0.1477248501219748,3092,2016-06-30 23:00:00
12,lag_ridge,hour_sin_1,-1.5225863228287493,3092,2016-06-30 23:00:00
12,lag_ridge,hour_cos_1,-1.1959871539199876,3092,2016-06-30 23:00:00
12,lag_ridge,hour_sin_2,-0.5895178984016711,3092,2016-06-30 23:00:00
12,lag_ridge,hour_cos_2,0.06875589886373866,3092,2016-06-30 23:00:00
12,lag_ridge,hour_sin_3,0.23217992748776706,3092,2016-06-30 23:00:00
12,lag_ridge,hour_cos_3,-0.07394699891397394,3092,2016-06-30 23:00:00
12,lag_ridge,weekday_1,-0.5084175312953964,3092,2016-06-30 23:00:00
12,lag_ridge,weekday_2,-0.23194999605779176,3092,2016-06-30 23:00:00
12,lag_ridge,weekday_3,-0.3982136419444665,3092,2016-06-30 23:00:00
12,lag_ridge,weekday_4,-0.29385226784153007,3092,2016-06-30 23:00:00
12,lag_ridge,weekday_5,-0.3837221781646595,3092,2016-06-30 23:00:00
12,lag_ridge,weekday_6,-0.23221857618966743,3092,2016-06-30 23:00:00
12,lag_ridge,annual_sin,0.058058817613438035,3092,2016-06-30 23:00:00
12,lag_ridge,annual_cos,-0.12808569220133526,3092,2016-06-30 23:00:00
12,lag_ridge,previous_hour,-0.00163788365954579,3092,2016-06-30 23:00:00
12,lag_ridge,previous_day,-0.0019510118503868789,3092,2016-06-30 23:00:00
12,lag_ridge,previous_week,0.021731811368273606,3092,2016-06-30 23:00:00
12,lag_ridge,trailing_day_mean,0.15570133916777432,3092,2016-06-30 23:00:00
13,calendar_linear,intercept,3.98194959810082,19788,2016-06-30 23:00:00
13,calendar_linear,trend_years,0.23862647296048992,19788,2016-06-30 23:00:00
13,calendar_linear,hour_sin_1,-1.43421070352632,19788,2016-06-30 23:00:00
13,calendar_linear,hour_cos_1,-1.1958559224595184,19788,2016-06-30 23:00:00
13,calendar_linear,hour_sin_2,-0.4961595112978274,19788,2016-06-30 23:00:00
13,calendar_linear,hour_cos_2,0.10583148561312619,19788,2016-06-30 23:00:00
13,calendar_linear,hour_sin_3,0.17977191393280792,19788,2016-06-30 23:00:00
13,calendar_linear,hour_cos_3,-0.050401706775722054,19788,2016-06-30 23:00:00
13,calendar_linear,weekday_1,-0.4023391454556647,19788,2016-06-30 23:00:00
13,calendar_linear,weekday_2,-0.36824694603391595,19788,2016-06-30 23:00:00
13,calendar_linear,weekday_3,-0.3942589403131667,19788,2016-06-30 23:00:00
13,calendar_linear,weekday_4,-0.28424134127269896,19788,2016-06-30 23:00:00
13,calendar_linear,weekday_5,-0.19411390238579487,19788,2016-06-30 23:00:00
13,calendar_linear,weekday_6,-0.021019846878467866,19788,2016-06-30 23:00:00
13,calendar_linear,annual_sin,-0.018162010573342272,19788,2016-06-30 23:00:00
13,calendar_linear,annual_cos,-0.19299158809485245,19788,2016-06-30 23:00:00
13,calendar_ridge,intercept,3.9814467227237764,19788,2016-06-30 23:00:00
13,calendar_ridge,trend_years,0.2385010187444427,19788,2016-06-30 23:00:00
13,calendar_ridge,hour_sin_1,-1.433443300319713,19788,2016-06-30 23:00:00
13,calendar_ridge,hour_cos_1,-1.1952163667640237,19788,2016-06-30 23:00:00
13,calendar_ridge,hour_sin_2,-0.4958468782381679,19788,2016-06-30 23:00:00
13,calendar_ridge,hour_cos_2,0.10575246298475792,19788,2016-06-30 23:00:00
13,calendar_ridge,hour_sin_3,0.17969308416440846,19788,2016-06-30 23:00:00
13,calendar_ridge,hour_cos_3,-0.05042069441378349,19788,2016-06-30 23:00:00
13,calendar_ridge,weekday_1,-0.4014336683278274,19788,2016-06-30 23:00:00
13,calendar_ridge,weekday_2,-0.36735643513624583,19788,2016-06-30 23:00:00
13,calendar_ridge,weekday_3,-0.3933593384367433,19788,2016-06-30 23:00:00
13,calendar_ridge,weekday_4,-0.2833909961520334,19788,2016-06-30 23:00:00
13,calendar_ridge,weekday_5,-0.19331957436994954,19788,2016-06-30 23:00:00
13,calendar_ridge,weekday_6,-0.020303347424524824,19788,2016-06-30 23:00:00
13,calendar_ridge,annual_sin,-0.018151187540326033,19788,2016-06-30 23:00:00
13,calendar_ridge,annual_cos,-0.19289595047053543,19788,2016-06-30 23:00:00
13,lag_ridge,intercept,3.8206372674749556,3092,2016-06-30 23:00:00
13,lag_ridge,trend_years,0.16601627433412625,3092,2016-06-30 23:00:00
13,lag_ridge,hour_sin_1,-1.369337370938598,3092,2016-06-30 23:00:00
13,lag_ridge,hour_cos_1,-1.15937417803427,3092,2016-06-30 23:00:00
13,lag_ridge,hour_sin_2,-0.611241594754654,3092,2016-06-30 23:00:00
13,lag_ridge,hour_cos_2,0.1326270882180741,3092,2016-06-30 23:00:00
13,lag_ridge,hour_sin_3,0.20016478228553083,3092,2016-06-30 23:00:00
13,lag_ridge,hour_cos_3,-0.06374751227741586,3092,2016-06-30 23:00:00
13,lag_ridge,weekday_1,-0.500779631695493,3092,2016-06-30 23:00:00
13,lag_ridge,weekday_2,-0.26034696912949373,3092,2016-06-30 23:00:00
13,lag_ridge,weekday_3,-0.5563721223069571,3092,2016-06-30 23:00:00
13,lag_ridge,weekday_4,-0.3309327799215461,3092,2016-06-30 23:00:00
13,lag_ridge,weekday_5,-0.2766792460259932,3092,2016-06-30 23:00:00
13,lag_ridge,weekday_6,-0.2550178200360457,3092,2016-06-30 23:00:00
13,lag_ridge,annual_sin,0.027219899165945905,3092,2016-06-30 23:00:00
13,lag_ridge,annual_cos,-0.15158853220037993,3092,2016-06-30 23:00:00
13,lag_ridge,previous_hour,-0.01800811201313437,3092,2016-06-30 23:00:00
13,lag_ridge,previous_day,-0.01938722482326143,3092,2016-06-30 23:00:00
13,lag_ridge,previous_week,-0.02479809271556642,3092,2016-06-30 23:00:00
13,lag_ridge,trailing_day_mean,0.15351287073948458,3092,2016-06-30 23:00:00
14,calendar_linear,intercept,3.9822051134175234,19787,2016-06-30 23:00:00
14,calendar_linear,trend_years,0.23842332335057592,19787,2016-06-30 23:00:00
14,calendar_linear,hour_sin_1,-1.4342471006961168,19787,2016-06-30 23:00:00
14,calendar_linear,hour_cos_1,-1.1960101160524337,19787,2016-06-30 23:00:00
14,calendar_linear,hour_sin_2,-0.496075323539368,19787,2016-06-30 23:00:00
14,calendar_linear,hour_cos_2,0.10596633824805553,19787,2016-06-30 23:00:00
14,calendar_linear,hour_sin_3,0.17965418695856958,19787,2016-06-30 23:00:00
14,calendar_linear,hour_cos_3,-0.05052181488415443,19787,2016-06-30 23:00:00
14,calendar_linear,weekday_1,-0.4023431146819061,19787,2016-06-30 23:00:00
14,calendar_linear,weekday_2,-0.36764872054503894,19787,2016-06-30 23:00:00
14,calendar_linear,weekday_3,-0.3942664307595822,19787,2016-06-30 23:00:00
14,calendar_linear,weekday_4,-0.2842414074604687,19787,2016-06-30 23:00:00
14,calendar_linear,weekday_5,-0.19411692139040773,19787,2016-06-30 23:00:00
14,calendar_linear,weekday_6,-0.021020589445844916,19787,2016-06-30 23:00:00
14,calendar_linear,annual_sin,-0.0181807011888094,19787,2016-06-30 23:00:00
14,calendar_linear,annual_cos,-0.19282520146877366,19787,2016-06-30 23:00:00
14,calendar_ridge,intercept,3.9817023415496684,19787,2016-06-30 23:00:00
14,calendar_ridge,trend_years,0.23829800200980497,19787,2016-06-30 23:00:00
14,calendar_ridge,hour_sin_1,-1.4334796439502857,19787,2016-06-30 23:00:00
14,calendar_ridge,hour_cos_1,-1.195370489680572,19787,2016-06-30 23:00:00
14,calendar_ridge,hour_sin_2,-0.4957627324078695,19787,2016-06-30 23:00:00
14,calendar_ridge,hour_cos_2,0.10588723963794641,19787,2016-06-30 23:00:00
14,calendar_ridge,hour_sin_3,0.17957542693800746,19787,2016-06-30 23:00:00
14,calendar_ridge,hour_cos_3,-0.05054073194559404,19787,2016-06-30 23:00:00
14,calendar_ridge,weekday_1,-0.40143789564456567,19787,2016-06-30 23:00:00
14,calendar_ridge,weekday_2,-0.36675884009150617,19787,2016-06-30 23:00:00
14,calendar_ridge,weekday_3,-0.39336708340094245,19787,2016-06-30 23:00:00
14,calendar_ridge,weekday_4,-0.2833913269001528,19787,2016-06-30 23:00:00
14,calendar_ridge,weekday_5,-0.19332285637677038,19787,2016-06-30 23:00:00
14,calendar_ridge,weekday_6,-0.020304358582427694,19787,2016-06-30 23:00:00
14,calendar_ridge,annual_sin,-0.018169866780760456,19787,2016-06-30 23:00:00
14,calendar_ridge,annual_cos,-0.19272966665164748,19787,2016-06-30 23:00:00
14,lag_ridge,intercept,3.545728687958392,3092,2016-06-30 23:00:00
14,lag_ridge,trend_years,0.19179140268896597,3092,2016-06-30 23:00:00
14,lag_ridge,hour_sin_1,-1.3516488693987374,3092,2016-06-30 23:00:00
14,lag_ridge,hour_cos_1,-1.1958244261041728,3092,2016-06-30 23:00:00
14,lag_ridge,hour_sin_2,-0.6020175253915993,3092,2016-06-30 23:00:00
14,lag_ridge,hour_cos_2,0.14026261164369846,3092,2016-06-30 23:00:00
14,lag_ridge,hour_sin_3,0.23844848934036686,3092,2016-06-30 23:00:00
14,lag_ridge,hour_cos_3,-0.0914980857518529,3092,2016-06-30 23:00:00
14,lag_ridge,weekday_1,-0.39411408833557815,3092,2016-06-30 23:00:00
14,lag_ridge,weekday_2,-0.325056995976564,3092,2016-06-30 23:00:00
14,lag_ridge,weekday_3,-0.3689636997427524,3092,2016-06-30 23:00:00
14,lag_ridge,weekday_4,-0.29060153331265753,3092,2016-06-30 23:00:00
14,lag_ridge,weekday_5,-0.23458792035723727,3092,2016-06-30 23:00:00
14,lag_ridge,weekday_6,-0.14466556183130053,3092,2016-06-30 23:00:00
14,lag_ridge,annual_sin,0.03022809634527082,3092,2016-06-30 23:00:00
14,lag_ridge,annual_cos,-0.1361556679366615,3092,2016-06-30 23:00:00
14,lag_ridge,previous_hour,-0.028762336837424782,3092,2016-06-30 23:00:00
14,lag_ridge,previous_day,-0.026375478740204857,3092,2016-06-30 23:00:00
14,lag_ridge,previous_week,-0.0003895555179388392,3092,2016-06-30 23:00:00
14,lag_ridge,trailing_day_mean,0.18783317150927803,3092,2016-06-30 23:00:00
15,calendar_linear,intercept,3.981696704236937,19786,2016-06-30 23:00:00
15,calendar_linear,trend_years,0.23882863478433833,19786,2016-06-30 23:00:00
15,calendar_linear,hour_sin_1,-1.434095617195016,19786,2016-06-30 23:00:00
15,calendar_linear,hour_cos_1,-1.1957322660217027,19786,2016-06-30 23:00:00
15,calendar_linear,hour_sin_2,-0.49635402729387784,19786,2016-06-30 23:00:00
15,calendar_linear,hour_cos_2,0.10581611345793296,19786,2016-06-30 23:00:00
15,calendar_linear,hour_sin_3,0.17998878857217018,19786,2016-06-30 23:00:00
15,calendar_linear,hour_cos_3,-0.050517756121839584,19786,2016-06-30 23:00:00
15,calendar_linear,weekday_1,-0.402335380366418,19786,2016-06-30 23:00:00
15,calendar_linear,weekday_2,-0.3688402029075004,19786,2016-06-30 23:00:00
15,calendar_linear,weekday_3,-0.39425300850788886,19786,2016-06-30 23:00:00
15,calendar_linear,weekday_4,-0.2842431585911775,19786,2016-06-30 23:00:00
15,calendar_linear,weekday_5,-0.19411289746406607,19786,2016-06-30 23:00:00
15,calendar_linear,weekday_6,-0.02102066300979335,19786,2016-06-30 23:00:00
15,calendar_linear,annual_sin,-0.01814362236607292,19786,2016-06-30 23:00:00
15,calendar_linear,annual_cos,-0.19315697637531828,19786,2016-06-30 23:00:00
15,calendar_ridge,intercept,3.9811936534446297,19786,2016-06-30 23:00:00
15,calendar_ridge,trend_years,0.2387031437738094,19786,2016-06-30 23:00:00
15,calendar_ridge,hour_sin_1,-1.4333282060705892,19786,2016-06-30 23:00:00
15,calendar_ridge,hour_cos_1,-1.195092777723316,19786,2016-06-30 23:00:00
15,calendar_ridge,hour_sin_2,-0.4960413279588146,19786,2016-06-30 23:00:00
15,calendar_ridge,hour_cos_2,0.10573707221173742,19786,2016-06-30 23:00:00
15,calendar_ridge,hour_sin_3,0.1799098798897113,19786,2016-06-30 23:00:00
15,calendar_ridge,hour_cos_3,-0.05053667412598567,19786,2016-06-30 23:00:00
15,calendar_ridge,weekday_1,-0.40142966934233226,19786,2016-06-30 23:00:00
15,calendar_ridge,weekday_2,-0.36794940546131116,19786,2016-06-30 23:00:00
15,calendar_ridge,weekday_3,-0.39335317413822607,19786,2016-06-30 23:00:00
15,calendar_ridge,weekday_4,-0.2833925799527833,19786,2016-06-30 23:00:00
15,calendar_ridge,weekday_5,-0.19331834070339343,19786,2016-06-30 23:00:00
15,calendar_ridge,weekday_6,-0.020303939991829004,19786,2016-06-30 23:00:00
15,calendar_ridge,annual_sin,-0.018132803711790404,19786,2016-06-30 23:00:00
15,calendar_ridge,annual_cos,-0.19306129891847276,19786,2016-06-30 23:00:00
15,lag_ridge,intercept,3.705795887010181,3094,2016-06-30 23:00:00
15,lag_ridge,trend_years,0.1984961743664364,3094,2016-06-30 23:00:00
15,lag_ridge,hour_sin_1,-1.4720798559453703,3094,2016-06-30 23:00:00
15,lag_ridge,hour_cos_1,-1.2264287774371294,3094,2016-06-30 23:00:00
15,lag_ridge,hour_sin_2,-0.5790962100355221,3094,2016-06-30 23:00:00
15,lag_ridge,hour_cos_2,0.10013200148587657,3094,2016-06-30 23:00:00
15,lag_ridge,hour_sin_3,0.23189946267425607,3094,2016-06-30 23:00:00
15,lag_ridge,hour_cos_3,-0.08015747222189282,3094,2016-06-30 23:00:00
15,lag_ridge,weekday_1,-0.3504213911663247,3094,2016-06-30 23:00:00
15,lag_ridge,weekday_2,-0.24845707869168548,3094,2016-06-30 23:00:00
15,lag_ridge,weekday_3,-0.37949275760183643,3094,2016-06-30 23:00:00
15,lag_ridge,weekday_4,-0.2625387202025457,3094,2016-06-30 23:00:00
15,lag_ridge,weekday_5,-0.23235844606794134,3094,2016-06-30 23:00:00
15,lag_ridge,weekday_6,-0.12768757229867533,3094,2016-06-30 23:00:00
15,lag_ridge,annual_sin,0.03363108017747356,3094,2016-06-30 23:00:00
15,lag_ridge,annual_cos,-0.16405854237290948,3094,2016-06-30 23:00:00
15,lag_ridge,previous_hour,-0.002940360807483216,3094,2016-06-30 23:00:00
15,lag_ridge,previous_day,-0.019944136251165055,3094,2016-06-30 23:00:00
15,lag_ridge,previous_week,0.0025346722731821175,3094,2016-06-30 23:00:00
15,lag_ridge,trailing_day_mean,0.11335993025281986,3094,2016-06-30 23:00:00
16,calendar_linear,intercept,3.9814895079172232,19785,2016-06-30 23:00:00
16,calendar_linear,trend_years,0.23899418583639392,19785,2016-06-30 23:00:00
16,calendar_linear,hour_sin_1,-1.434004937106012,19785,2016-06-30 23:00:00
16,calendar_linear,hour_cos_1,-1.1956395307483891,19785,2016-06-30 23:00:00
16,calendar_linear,hour_sin_2,-0.49648383558620823,19785,2016-06-30 23:00:00
16,calendar_linear,hour_cos_2,0.10581796181692973,19785,2016-06-30 23:00:00
16,calendar_linear,hour_sin_3,0.18008574729673546,19785,2016-06-30 23:00:00
16,calendar_linear,hour_cos_3,-0.05061272011550025,19785,2016-06-30 23:00:00
16,calendar_linear,weekday_1,-0.4023320140569993,19785,2016-06-30 23:00:00
16,calendar_linear,weekday_2,-0.36932658573191274,19785,2016-06-30 23:00:00
16,calendar_linear,weekday_3,-0.39424767499801433,19785,2016-06-30 23:00:00
16,calendar_linear,weekday_4,-0.2842443301230576,19785,2016-06-30 23:00:00
16,calendar_linear,weekday_5,-0.19411134650055747,19785,2016-06-30 23:00:00
16,calendar_linear,weekday_6,-0.021020777199083917,19785,2016-06-30 23:00:00
16,calendar_linear,annual_sin,-0.01812853359262494,19785,2016-06-30 23:00:00
16,calendar_linear,annual_cos,-0.19329239329938666,19785,2016-06-30 23:00:00
16,calendar_ridge,intercept,3.9809863286451197,19785,2016-06-30 23:00:00
16,calendar_ridge,trend_years,0.23886864445896466,19785,2016-06-30 23:00:00
16,calendar_ridge,hour_sin_1,-1.4332375566299043,19785,2016-06-30 23:00:00
16,calendar_ridge,hour_cos_1,-1.19500007650208,19785,2016-06-30 23:00:00
16,calendar_ridge,hour_sin_2,-0.496171106211788,19785,2016-06-30 23:00:00
16,calendar_ridge,hour_cos_2,0.1057389165018174,19785,2016-06-30 23:00:00
16,calendar_ridge,hour_sin_3,0.18000680047143466,19785,2016-06-30 23:00:00
16,calendar_ridge,hour_cos_3,-0.05063160127298137,19785,2016-06-30 23:00:00
16,calendar_ridge,weekday_1,-0.4014261075247757,19785,2016-06-30 23:00:00
16,calendar_ridge,weekday_2,-0.36843548170551677,19785,2016-06-30 23:00:00
16,calendar_ridge,weekday_3,-0.39334764665135424,19785,2016-06-30 23:00:00
16,calendar_ridge,weekday_4,-0.2833935545638424,19785,2016-06-30 23:00:00
16,calendar_ridge,weekday_5,-0.1933165962496175,19785,2016-06-30 23:00:00
16,calendar_ridge,weekday_6,-0.020303862577101064,19785,2016-06-30 23:00:00
16,calendar_ridge,annual_sin,-0.01811772001111404,19785,2016-06-30 23:00:00
16,calendar_ridge,annual_cos,-0.19319666989460063,19785,2016-06-30 23:00:00
16,lag_ridge,intercept,3.937592903096679,3090,2016-06-30 23:00:00
16,lag_ridge,trend_years,0.2259268272179808,3090,2016-06-30 23:00:00
16,lag_ridge,hour_sin_1,-1.3391423448435256,3090,2016-06-30 23:00:00
16,lag_ridge,hour_cos_1,-1.2538542448231043,3090,2016-06-30 23:00:00
16,lag_ridge,hour_sin_2,-0.5742532212944838,3090,2016-06-30 23:00:00
16,lag_ridge,hour_cos_2,0.1436386306270972,3090,2016-06-30 23:00:00
16,lag_ridge,hour_sin_3,0.23147279953966984,3090,2016-06-30 23:00:00
16,lag_ridge,hour_cos_3,-0.08364065419953906,3090,2016-06-30 23:00:00
16,lag_ridge,weekday_1,-0.3960745026698119,3090,2016-06-30 23:00:00
16,lag_ridge,weekday_2,-0.3354393831086093,3090,2016-06-30 23:00:00
16,lag_ridge,weekday_3,-0.47400623712067474,3090,2016-06-30 23:00:00
16,lag_ridge,weekday_4,-0.33143567391196455,3090,2016-06-30 23:00:00
16,lag_ridge,weekday_5,-0.18783963968466932,3090,2016-06-30 23:00:00
16,lag_ridge,weekday_6,-0.06305137087474644,3090,2016-06-30 23:00:00
16,lag_ridge,annual_sin,-0.001475704933461539,3090,2016-06-30 23:00:00
16,lag_ridge,annual_cos,-0.17812485857201296,3090,2016-06-30 23:00:00
16,lag_ridge,previous_hour,-0.012215160011985426,3090,2016-06-30 23:00:00
16,lag_ridge,previous_day,-0.031129470080155104,3090,2016-06-30 23:00:00
16,lag_ridge,previous_week,-0.011065869127123436,3090,2016-06-30 23:00:00
16,lag_ridge,trailing_day_mean,0.07885911368075361,3090,2016-06-30 23:00:00
17,calendar_linear,intercept,3.9812981623521027,19784,2016-06-30 23:00:00
17,calendar_linear,trend_years,0.2391470377176989,19784,2016-06-30 23:00:00
17,calendar_linear,hour_sin_1,-1.4339006788445154,19784,2016-06-30 23:00:00
17,calendar_linear,hour_cos_1,-1.1955798031003677,19784,2016-06-30 23:00:00
17,calendar_linear,hour_sin_2,-0.4965882987575248,19784,2016-06-30 23:00:00
17,calendar_linear,hour_cos_2,0.10587746302818286,19784,2016-06-30 23:00:00
17,calendar_linear,hour_sin_3,0.18008610275430822,19784,2016-06-30 23:00:00
17,calendar_linear,hour_cos_3,-0.05073752737815988,19784,2016-06-30 23:00:00
17,calendar_linear,weekday_1,-0.40232860195945186,19784,2016-06-30 23:00:00
17,calendar_linear,weekday_2,-0.36977591333467463,19784,2016-06-30 23:00:00
17,calendar_linear,weekday_3,-0.39424245836878535,19784,2016-06-30 23:00:00
17,calendar_linear,weekday_4,-0.2842453019018786,19784,2016-06-30 23:00:00
17,calendar_linear,weekday_5,-0.19410928706225464,19784,2016-06-30 23:00:00
17,calendar_linear,weekday_6,-0.02102044451185861,19784,2016-06-30 23:00:00
17,calendar_linear,annual_sin,-0.018114541568276587,19784,2016-06-30 23:00:00
17,calendar_linear,annual_cos,-0.19341734047648657,19784,2016-06-30 23:00:00
17,calendar_ridge,intercept,3.98079485551022,19784,2016-06-30 23:00:00
17,calendar_ridge,trend_years,0.23902145864060909,19784,2016-06-30 23:00:00
17,calendar_ridge,hour_sin_1,-1.4331333459633278,19784,2016-06-30 23:00:00
17,calendar_ridge,hour_cos_1,-1.1949403530832536,19784,2016-06-30 23:00:00
17,calendar_ridge,hour_sin_2,-0.49627554689443854,19784,2016-06-30 23:00:00
17,calendar_ridge,hour_cos_2,0.10579839971682665,19784,2016-06-30 23:00:00
17,calendar_ridge,hour_sin_3,0.18000715102871143,19784,2016-06-30 23:00:00
17,calendar_ridge,hour_cos_3,-0.05075636752807044,19784,2016-06-30 23:00:00
17,calendar_ridge,weekday_1,-0.4014225165310491,19784,2016-06-30 23:00:00
17,calendar_ridge,weekday_2,-0.3688845544538169,19784,2016-06-30 23:00:00
17,calendar_ridge,weekday_3,-0.39334225242169363,19784,2016-06-30 23:00:00
17,calendar_ridge,weekday_4,-0.2833943464638648,19784,2016-06-30 23:00:00
17,calendar_ridge,weekday_5,-0.19331436052321663,19784,2016-06-30 23:00:00
17,calendar_ridge,weekday_6,-0.020303355573586535,19784,2016-06-30 23:00:00
17,calendar_ridge,annual_sin,-0.018103731988348203,19784,2016-06-30 23:00:00
17,calendar_ridge,annual_cos,-0.19332158146753994,19784,2016-06-30 23:00:00
17,lag_ridge,intercept,3.5613855555145966,3098,2016-06-30 23:00:00
17,lag_ridge,trend_years,0.22770766685955943,3098,2016-06-30 23:00:00
17,lag_ridge,hour_sin_1,-1.45563319447629,3098,2016-06-30 23:00:00
17,lag_ridge,hour_cos_1,-1.187305156631624,3098,2016-06-30 23:00:00
17,lag_ridge,hour_sin_2,-0.5824647428755845,3098,2016-06-30 23:00:00
17,lag_ridge,hour_cos_2,0.14886547052351218,3098,2016-06-30 23:00:00
17,lag_ridge,hour_sin_3,0.2156905831549418,3098,2016-06-30 23:00:00
17,lag_ridge,hour_cos_3,-0.05862123484655548,3098,2016-06-30 23:00:00
17,lag_ridge,weekday_1,-0.3086061328144303,3098,2016-06-30 23:00:00
17,lag_ridge,weekday_2,-0.2146271162944736,3098,2016-06-30 23:00:00
17,lag_ridge,weekday_3,-0.4028651823293712,3098,2016-06-30 23:00:00
17,lag_ridge,weekday_4,-0.24361204272524575,3098,2016-06-30 23:00:00
17,lag_ridge,weekday_5,-0.09538282025259574,3098,2016-06-30 23:00:00
17,lag_ridge,weekday_6,0.005861590201096707,3098,2016-06-30 23:00:00
17,lag_ridge,annual_sin,0.04170374314060549,3098,2016-06-30 23:00:00
17,lag_ridge,annual_cos,-0.19371305745004572,3098,2016-06-30 23:00:00
17,lag_ridge,previous_hour,0.015073866573233851,3098,2016-06-30 23:00:00
17,lag_ridge,previous_day,0.0024479323352932536,3098,2016-06-30 23:00:00
17,lag_ridge,previous_week,-0.010211896843010498,3098,2016-06-30 23:00:00
17,lag_ridge,trailing_day_mean,0.0898857701457218,3098,2016-06-30 23:00:00
18,calendar_linear,intercept,3.981428096928567,19783,2016-06-30 23:00:00
18,calendar_linear,trend_years,0.23904351306380844,19783,2016-06-30 23:00:00
18,calendar_linear,hour_sin_1,-1.433979531911556,19783,2016-06-30 23:00:00
18,calendar_linear,hour_cos_1,-1.1955997451238543,19783,2016-06-30 23:00:00
18,calendar_linear,hour_sin_2,-0.49654594063537166,19783,2016-06-30 23:00:00
18,calendar_linear,hour_cos_2,0.10580778936810438,19783,2016-06-30 23:00:00
18,calendar_linear,hour_sin_3,0.18014618744359218,19783,2016-06-30 23:00:00
18,calendar_linear,hour_cos_3,-0.050678054035227155,19783,2016-06-30 23:00:00
18,calendar_linear,weekday_1,-0.4023310718765932,19783,2016-06-30 23:00:00
18,calendar_linear,weekday_2,-0.3694712609143615,19783,2016-06-30 23:00:00
18,calendar_linear,weekday_3,-0.39424631659105847,19783,2016-06-30 23:00:00
18,calendar_linear,weekday_4,-0.28424501006336755,19783,2016-06-30 23:00:00
18,calendar_linear,weekday_5,-0.19411128698247795,19783,2016-06-30 23:00:00
18,calendar_linear,weekday_6,-0.02102106576724044,19783,2016-06-30 23:00:00
18,calendar_linear,annual_sin,-0.018124141368517605,19783,2016-06-30 23:00:00
18,calendar_linear,annual_cos,-0.19333271941108335,19783,2016-06-30 23:00:00
18,calendar_ridge,intercept,3.9809248159018376,19783,2016-06-30 23:00:00
18,calendar_ridge,trend_years,0.23891802926741743,19783,2016-06-30 23:00:00
18,calendar_ridge,hour_sin_1,-1.4332121622590328,19783,2016-06-30 23:00:00
18,calendar_ridge,hour_cos_1,-1.1949602517563422,19783,2016-06-30 23:00:00
18,calendar_ridge,hour_sin_2,-0.4962332157844251,19783,2016-06-30 23:00:00
18,calendar_ridge,hour_cos_2,0.10572878289885158,19783,2016-06-30 23:00:00
18,calendar_ridge,hour_sin_3,0.1800671893039704,19783,2016-06-30 23:00:00
18,calendar_ridge,hour_cos_3,-0.05069694154323305,19783,2016-06-30 23:00:00
18,calendar_ridge,weekday_1,-0.40142512129779256,19783,2016-06-30 23:00:00
18,calendar_ridge,weekday_2,-0.368580313924373,19783,2016-06-30 23:00:00
18,calendar_ridge,weekday_3,-0.39334624373602267,19783,2016-06-30 23:00:00
18,calendar_ridge,weekday_4,-0.2833941954059704,19783,2016-06-30 23:00:00
18,calendar_ridge,weekday_5,-0.1933164999121982,19783,2016-06-30 23:00:00
18,calendar_ridge,weekday_6,-0.020304121312420535,19783,2016-06-30 23:00:00
18,calendar_ridge,annual_sin,-0.018113323761497734,19783,2016-06-30 23:00:00
18,calendar_ridge,annual_cos,-0.1932370323703556,19783,2016-06-30 23:00:00
18,lag_ridge,intercept,3.805994018984996,3090,2016-06-30 23:00:00
18,lag_ridge,trend_years,0.2693354631304947,3090,2016-06-30 23:00:00
18,lag_ridge,hour_sin_1,-1.5314944450111876,3090,2016-06-30 23:00:00
18,lag_ridge,hour_cos_1,-1.1044350136863974,3090,2016-06-30 23:00:00
18,lag_ridge,hour_sin_2,-0.5858083736502242,3090,2016-06-30 23:00:00
18,lag_ridge,hour_cos_2,0.12396425737337101,3090,2016-06-30 23:00:00
18,lag_ridge,hour_sin_3,0.24478834119955983,3090,2016-06-30 23:00:00
18,lag_ridge,hour_cos_3,-0.032205823037092796,3090,2016-06-30 23:00:00
18,lag_ridge,weekday_1,-0.3819981486830588,3090,2016-06-30 23:00:00
18,lag_ridge,weekday_2,-0.25626281668791345,3090,2016-06-30 23:00:00
18,lag_ridge,weekday_3,-0.4013813294113036,3090,2016-06-30 23:00:00
18,lag_ridge,weekday_4,-0.268197964584942,3090,2016-06-30 23:00:00
18,lag_ridge,weekday_5,-0.18002132032003523,3090,2016-06-30 23:00:00
18,lag_ridge,weekday_6,-0.049614559768276945,3090,2016-06-30 23:00:00
18,lag_ridge,annual_sin,0.04061814615434866,3090,2016-06-30 23:00:00
18,lag_ridge,annual_cos,-0.19390429285553482,3090,2016-06-30 23:00:00
18,lag_ridge,previous_hour,0.039745812109791855,3090,2016-06-30 23:00:00
18,lag_ridge,previous_day,-0.014534721553181962,3090,2016-06-30 23:00:00
18,lag_ridge,previous_week,0.032523529762434764,3090,2016-06-30 23:00:00
18,lag_ridge,trailing_day_mean,-0.022148028218785393,3090,2016-06-30 23:00:00
19,calendar_linear,intercept,3.9817185675473454,19782,2016-06-30 23:00:00
19,calendar_linear,trend_years,0.238812762590057,19782,2016-06-30 23:00:00
19,calendar_linear,hour_sin_1,-1.4341597519660034,19782,2016-06-30 23:00:00
19,calendar_linear,hour_cos_1,-1.1955962595886316,19782,2016-06-30 23:00:00
19,calendar_linear,hour_sin_2,-0.49653994314093786,19782,2016-06-30 23:00:00
19,calendar_linear,hour_cos_2,0.10562546459395358,19782,2016-06-30 23:00:00
19,calendar_linear,hour_sin_3,0.18033456324252456,19782,2016-06-30 23:00:00
19,calendar_linear,hour_cos_3,-0.05068055457240213,19782,2016-06-30 23:00:00
19,calendar_linear,weekday_1,-0.40233667835792436,19782,2016-06-30 23:00:00
19,calendar_linear,weekday_2,-0.36879170842222114,19782,2016-06-30 23:00:00
19,calendar_linear,weekday_3,-0.3942554540306632,19782,2016-06-30 23:00:00
19,calendar_linear,weekday_4,-0.2842452834325229,19782,2016-06-30 23:00:00
19,calendar_linear,weekday_5,-0.19411654358329664,19782,2016-06-30 23:00:00
19,calendar_linear,weekday_6,-0.021022850202073697,19782,2016-06-30 23:00:00
19,calendar_linear,annual_sin,-0.01814587049517077,19782,2016-06-30 23:00:00
19,calendar_linear,annual_cos,-0.1931438890355989,19782,2016-06-30 23:00:00
19,calendar_ridge,intercept,3.9812153879140286,19782,2016-06-30 23:00:00
19,calendar_ridge,trend_years,0.23868743855908878,19782,2016-06-30 23:00:00
19,calendar_ridge,hour_sin_1,-1.4333922998502493,19782,2016-06-30 23:00:00
19,calendar_ridge,hour_cos_1,-1.1949567368594627,19782,2016-06-30 23:00:00
19,calendar_ridge,hour_sin_2,-0.4962272096380303,19782,2016-06-30 23:00:00
19,calendar_ridge,hour_cos_2,0.10554657566119748,19782,2016-06-30 23:00:00
19,calendar_ridge,hour_sin_3,0.18025545242525806,19782,2016-06-30 23:00:00
19,calendar_ridge,hour_cos_3,-0.050699438589321195,19782,2016-06-30 23:00:00
19,calendar_ridge,weekday_1,-0.4014310165987626,19782,2016-06-30 23:00:00
19,calendar_ridge,weekday_2,-0.3679014986963074,19782,2016-06-30 23:00:00
19,calendar_ridge,weekday_3,-0.3933556661812691,19782,2016-06-30 23:00:00
19,calendar_ridge,weekday_4,-0.2833947658808238,19782,2016-06-30 23:00:00
19,calendar_ridge,weekday_5,-0.1933220498809001,19782,2016-06-30 23:00:00
19,calendar_ridge,weekday_6,-0.020306206156547574,19782,2016-06-30 23:00:00
19,calendar_ridge,annual_sin,-0.018135038569539644,19782,2016-06-30 23:00:00
19,calendar_ridge,annual_cos,-0.19304832634545646,19782,2016-06-30 23:00:00
19,lag_ridge,intercept,3.763942979340352,3090,2016-06-30 23:00:00
19,lag_ridge,trend_years,0.21891598744879984,3090,2016-06-30 23:00:00
19,lag_ridge,hour_sin_1,-1.4383970615664778,3090,2016-06-30 23:00:00
19,lag_ridge,hour_cos_1,-1.1984090845945128,3090,2016-06-30 23:00:00
19,lag_ridge,hour_sin_2,-0.528187447491091,3090,2016-06-30 23:00:00
19,lag_ridge,hour_cos_2,0.14977827343687553,3090,2016-06-30 23:00:00
19,lag_ridge,hour_sin_3,0.2251820434239543,3090,2016-06-30 23:00:00
19,lag_ridge,hour_cos_3,0.0012589196608664508,3090,2016-06-30 23:00:00
19,lag_ridge,weekday_1,-0.367535034146625,3090,2016-06-30 23:00:00
19,lag_ridge,weekday_2,-0.3029861714513198,3090,2016-06-30 23:00:00
19,lag_ridge,weekday_3,-0.3954674072404682,3090,2016-06-30 23:00:00
19,lag_ridge,weekday_4,-0.27480506862506876,3090,2016-06-30 23:00:00
19,lag_ridge,weekday_5,-0.13088876560186896,3090,2016-06-30 23:00:00
19,lag_ridge,weekday_6,-0.014285480088446838,3090,2016-06-30 23:00:00
19,lag_ridge,annual_sin,0.04080349635336439,3090,2016-06-30 23:00:00
19,lag_ridge,annual_cos,-0.1909663409610723,3090,2016-06-30 23:00:00
19,lag_ridge,previous_hour,0.01705048387055989,3090,2016-06-30 23:00:00
19,lag_ridge,previous_day,-0.01752619145832025,3090,2016-06-30 23:00:00
19,lag_ridge,previous_week,0.024533446315408942,3090,2016-06-30 23:00:00
19,lag_ridge,trailing_day_mean,0.028925896768012934,3090,2016-06-30 23:00:00
20,calendar_linear,intercept,3.9822946919463305,19781,2016-06-30 23:00:00
20,calendar_linear,trend_years,0.23835552511784344,19781,2016-06-30 23:00:00
20,calendar_linear,hour_sin_1,-1.4345003832320335,19781,2016-06-30 23:00:00
20,calendar_linear,hour_cos_1,-1.195497710514387,19781,2016-06-30 23:00:00
20,calendar_linear,hour_sin_2,-0.49670963877641416,19781,2016-06-30 23:00:00
20,calendar_linear,hour_cos_2,0.1053034762791365,19781,2016-06-30 23:00:00
20,calendar_linear,hour_sin_3,0.18059235930376738,19781,2016-06-30 23:00:00
20,calendar_linear,hour_cos_3,-0.05095122926691428,19781,2016-06-30 23:00:00
20,calendar_linear,weekday_1,-0.4023475814885599,19781,2016-06-30 23:00:00
20,calendar_linear,weekday_2,-0.36744539319840247,19781,2016-06-30 23:00:00
20,calendar_linear,weekday_3,-0.3942736741083295,19781,2016-06-30 23:00:00
20,calendar_linear,weekday_4,-0.2842467042582601,19781,2016-06-30 23:00:00
20,calendar_linear,weekday_5,-0.19412631479571016,19781,2016-06-30 23:00:00
20,calendar_linear,weekday_6,-0.021025585506919027,19781,2016-06-30 23:00:00
20,calendar_linear,annual_sin,-0.01818930061040943,19781,2016-06-30 23:00:00
20,calendar_linear,annual_cos,-0.19276878538126185,19781,2016-06-30 23:00:00
20,calendar_ridge,intercept,3.9817917621873704,19781,2016-06-30 23:00:00
20,calendar_ridge,trend_years,0.2382304650666848,19781,2016-06-30 23:00:00
20,calendar_ridge,hour_sin_1,-1.4337327760785825,19781,2016-06-30 23:00:00
20,calendar_ridge,hour_cos_1,-1.1948582120605429,19781,2016-06-30 23:00:00
20,calendar_ridge,hour_sin_2,-0.4963968082755041,19781,2016-06-30 23:00:00
20,calendar_ridge,hour_cos_2,0.10522476559405666,19781,2016-06-30 23:00:00
20,calendar_ridge,hour_sin_3,0.180513113246849,19781,2016-06-30 23:00:00
20,calendar_ridge,hour_cos_3,-0.050969962851672136,19781,2016-06-30 23:00:00
20,calendar_ridge,weekday_1,-0.4014424840885268,19781,2016-06-30 23:00:00
20,calendar_ridge,weekday_2,-0.36655646882417653,19781,2016-06-30 23:00:00
20,calendar_ridge,weekday_3,-0.3933744433776273,19781,2016-06-30 23:00:00
20,calendar_ridge,weekday_4,-0.2833967628874184,19781,2016-06-30 23:00:00
20,calendar_ridge,weekday_5,-0.19333239056718557,19781,2016-06-30 23:00:00
20,calendar_ridge,weekday_6,-0.020309521159157403,19781,2016-06-30 23:00:00
20,calendar_ridge,annual_sin,-0.018178444096633904,19781,2016-06-30 23:00:00
20,calendar_ridge,annual_cos,-0.19267343232850292,19781,2016-06-30 23:00:00
20,lag_ridge,intercept,3.9309393761475144,3092,2016-06-30 23:00:00
20,lag_ridge,trend_years,0.2615563075731648,3092,2016-06-30 23:00:00
20,lag_ridge,hour_sin_1,-1.4423306234203783,3092,2016-06-30 23:00:00
20,lag_ridge,hour_cos_1,-1.1193119167538927,3092,2016-06-30 23:00:00
20,lag_ridge,hour_sin_2,-0.5273446650011828,3092,2016-06-30 23:00:00
20,lag_ridge,hour_cos_2,0.16376280384438302,3092,2016-06-30 23:00:00
20,lag_ridge,hour_sin_3,0.2449994394395799,3092,2016-06-30 23:00:00
20,lag_ridge,hour_cos_3,-0.020078209063389765,3092,2016-06-30 23:00:00
20,lag_ridge,weekday_1,-0.3333874028118649,3092,2016-06-30 23:00:00
20,lag_ridge,weekday_2,-0.2666888642508486,3092,2016-06-30 23:00:00
20,lag_ridge,weekday_3,-0.4776593936988335,3092,2016-06-30 23:00:00
20,lag_ridge,weekday_4,-0.2493366346792873,3092,2016-06-30 23:00:00
20,lag_ridge,weekday_5,-0.12916344359097545,3092,2016-06-30 23:00:00
20,lag_ridge,weekday_6,-0.05018199513878627,3092,2016-06-30 23:00:00
20,lag_ridge,annual_sin,0.030225950472969818,3092,2016-06-30 23:00:00
20,lag_ridge,annual_cos,-0.1963987815073045,3092,2016-06-30 23:00:00
20,lag_ridge,previous_hour,0.033767038759794345,3092,2016-06-30 23:00:00
20,lag_ridge,previous_day,0.018509554606056848,3092,2016-06-30 23:00:00
20,lag_ridge,previous_week,0.0059627583778388065,3092,2016-06-30 23:00:00
20,lag_ridge,trailing_day_mean,-0.05725319806889543,3092,2016-06-30 23:00:00
21,calendar_linear,intercept,3.9823694841114987,19780,2016-06-30 23:00:00
21,calendar_linear,trend_years,0.23829607516291518,19780,2016-06-30 23:00:00
21,calendar_linear,hour_sin_1,-1.4345398634344892,19780,2016-06-30 23:00:00
21,calendar_linear,hour_cos_1,-1.1954740192584854,19780,2016-06-30 23:00:00
21,calendar_linear,hour_sin_2,-0.49674993076988944,19780,2016-06-30 23:00:00
21,calendar_linear,hour_cos_2,0.10527805476400805,19780,2016-06-30 23:00:00
21,calendar_linear,hour_sin_3,0.18059071962331308,19780,2016-06-30 23:00:00
21,calendar_linear,hour_cos_3,-0.051000112069374236,19780,2016-06-30 23:00:00
21,calendar_linear,weekday_1,-0.40234896220225463,19780,2016-06-30 23:00:00
21,calendar_linear,weekday_2,-0.3672705309095149,19780,2016-06-30 23:00:00
21,calendar_linear,weekday_3,-0.39427594164709134,19780,2016-06-30 23:00:00
21,calendar_linear,weekday_4,-0.2842468100729866,19780,2016-06-30 23:00:00
21,calendar_linear,weekday_5,-0.19412727014002226,19780,2016-06-30 23:00:00
21,calendar_linear,weekday_6,-0.021025719652265244,19780,2016-06-30 23:00:00
21,calendar_linear,annual_sin,-0.018194918710354138,19780,2016-06-30 23:00:00
21,calendar_linear,annual_cos,-0.19271985438789235,19780,2016-06-30 23:00:00
21,calendar_ridge,intercept,3.98186658040183,19780,2016-06-30 23:00:00
21,calendar_ridge,trend_years,0.23817106595074444,19780,2016-06-30 23:00:00
21,calendar_ridge,hour_sin_1,-1.4337722452065493,19780,2016-06-30 23:00:00
21,calendar_ridge,hour_cos_1,-1.1948345225101342,19780,2016-06-30 23:00:00
21,calendar_ridge,hour_sin_2,-0.49643707971094353,19780,2016-06-30 23:00:00
21,calendar_ridge,hour_cos_2,0.10519936046263231,19780,2016-06-30 23:00:00
21,calendar_ridge,hour_sin_3,0.18051147139750753,19780,2016-06-30 23:00:00
21,calendar_ridge,hour_cos_3,-0.05101881497661656,19780,2016-06-30 23:00:00
21,calendar_ridge,weekday_1,-0.4014439462343878,19780,2016-06-30 23:00:00
21,calendar_ridge,weekday_2,-0.36638183983950556,19780,2016-06-30 23:00:00
21,calendar_ridge,weekday_3,-0.3933767913294425,19780,2016-06-30 23:00:00
21,calendar_ridge,weekday_4,-0.2833969539092492,19780,2016-06-30 23:00:00
21,calendar_ridge,weekday_5,-0.1933334315212475,19780,2016-06-30 23:00:00
21,calendar_ridge,weekday_6,-0.02030974507523972,19780,2016-06-30 23:00:00
21,calendar_ridge,annual_sin,-0.018184058127837407,19780,2016-06-30 23:00:00
21,calendar_ridge,annual_cos,-0.19262453756690812,19780,2016-06-30 23:00:00
21,lag_ridge,intercept,3.923236288087563,3103,2016-06-30 23:00:00
21,lag_ridge,trend_years,0.24279070018887866,3103,2016-06-30 23:00:00
21,lag_ridge,hour_sin_1,-1.4701675497140214,3103,2016-06-30 23:00:00
21,lag_ridge,hour_cos_1,-1.238657995430705,3103,2016-06-30 23:00:00
21,lag_ridge,hour_sin_2,-0.5606158044878241,3103,2016-06-30 23:00:00
21,lag_ridge,hour_cos_2,0.1271694481285284,3103,2016-06-30 23:00:00
21,lag_ridge,hour_sin_3,0.21429439398063074,3103,2016-06-30 23:00:00
21,lag_ridge,hour_cos_3,-0.028832903529350896,3103,2016-06-30 23:00:00
21,lag_ridge,weekday_1,-0.333911557425481,3103,2016-06-30 23:00:00
21,lag_ridge,weekday_2,-0.2192116628726053,3103,2016-06-30 23:00:00
21,lag_ridge,weekday_3,-0.47054934717715896,3103,2016-06-30 23:00:00
21,lag_ridge,weekday_4,-0.2525266968168175,3103,2016-06-30 23:00:00
21,lag_ridge,weekday_5,-0.16649448324624178,3103,2016-06-30 23:00:00
21,lag_ridge,weekday_6,-0.013360350672332764,3103,2016-06-30 23:00:00
21,lag_ridge,annual_sin,0.04971943667677592,3103,2016-06-30 23:00:00
21,lag_ridge,annual_cos,-0.20861743435530922,3103,2016-06-30 23:00:00
21,lag_ridge,previous_hour,-0.014214931056920668,3103,2016-06-30 23:00:00
21,lag_ridge,previous_day,0.004381644428251982,3103,2016-06-30 23:00:00
21,lag_ridge,previous_week,0.00030365811394439043,3103,2016-06-30 23:00:00
21,lag_ridge,trailing_day_mean,0.01836635103827878,3103,2016-06-30 23:00:00
22,calendar_linear,intercept,3.982519998030497,19779,2016-06-30 23:00:00
22,calendar_linear,trend_years,0.23817623105210323,19779,2016-06-30 23:00:00
22,calendar_linear,hour_sin_1,-1.4346054447778331,19779,2016-06-30 23:00:00
22,calendar_linear,hour_cos_1,-1.19540682688235,19779,2016-06-30 23:00:00
22,calendar_linear,hour_sin_2,-0.4968465780282285,19779,2016-06-30 23:00:00
22,calendar_linear,hour_cos_2,0.10527520824051115,19779,2016-06-30 23:00:00
22,calendar_linear,hour_sin_3,0.18051809330653634,19779,2016-06-30 23:00:00
22,calendar_linear,hour_cos_3,-0.05106759033954148,19779,2016-06-30 23:00:00
22,calendar_linear,weekday_1,-0.40235171201401865,19779,2016-06-30 23:00:00
22,calendar_linear,weekday_2,-0.36691852540306363,19779,2016-06-30 23:00:00
22,calendar_linear,weekday_3,-0.39428021729663765,19779,2016-06-30 23:00:00
22,calendar_linear,weekday_4,-0.2842465769276807,19779,2016-06-30 23:00:00
22,calendar_linear,weekday_5,-0.19412857880134776,19779,2016-06-30 23:00:00
22,calendar_linear,weekday_6,-0.021025748320870067,19779,2016-06-30 23:00:00
22,calendar_linear,annual_sin,-0.01820602472941483,19779,2016-06-30 23:00:00
22,calendar_linear,annual_cos,-0.19262093109675704,19779,2016-06-30 23:00:00
22,calendar_ridge,intercept,3.9820171922004293,19779,2016-06-30 23:00:00
22,calendar_ridge,trend_years,0.23805127565586423,19779,2016-06-30 23:00:00
22,calendar_ridge,hour_sin_1,-1.4338378012711466,19779,2016-06-30 23:00:00
22,calendar_ridge,hour_cos_1,-1.194767353802121,19779,2016-06-30 23:00:00
22,calendar_ridge,hour_sin_2,-0.49653370398490554,19779,2016-06-30 23:00:00
22,calendar_ridge,hour_cos_2,0.1051965134867543,19779,2016-06-30 23:00:00
22,calendar_ridge,hour_sin_3,0.1804388715938281,19779,2016-06-30 23:00:00
22,calendar_ridge,hour_cos_3,-0.051086271170288314,19779,2016-06-30 23:00:00
22,calendar_ridge,weekday_1,-0.4014468521693988,19779,2016-06-30 23:00:00
22,calendar_ridge,weekday_2,-0.36603014086669716,19779,2016-06-30 23:00:00
22,calendar_ridge,weekday_3,-0.39338122188109453,19779,2016-06-30 23:00:00
22,calendar_ridge,weekday_4,-0.2833968815660799,19779,2016-06-30 23:00:00
22,calendar_ridge,weekday_5,-0.19333490107922788,19779,2016-06-30 23:00:00
22,calendar_ridge,weekday_6,-0.020309938872368934,19779,2016-06-30 23:00:00
22,calendar_ridge,annual_sin,-0.018195159940431558,19779,2016-06-30 23:00:00
22,calendar_ridge,annual_cos,-0.19252565313851897,19779,2016-06-30 23:00:00
22,lag_ridge,intercept,3.6747931015785746,3100,2016-06-30 23:00:00
22,lag_ridge,trend_years,0.24607733504452695,3100,2016-06-30 23:00:00
22,lag_ridge,hour_sin_1,-1.366684185901048,3100,2016-06-30 23:00:00
22,lag_ridge,hour_cos_1,-1.1277115215576352,3100,2016-06-30 23:00:00
22,lag_ridge,hour_sin_2,-0.5100293749095016,3100,2016-06-30 23:00:00
22,lag_ridge,hour_cos_2,0.12759308503476668,3100,2016-06-30 23:00:00
22,lag_ridge,hour_sin_3,0.20602903623487664,3100,2016-06-30 23:00:00
22,lag_ridge,hour_cos_3,-0.06919889392733213,3100,2016-06-30 23:00:00
22,lag_ridge,weekday_1,-0.33848638091562383,3100,2016-06-30 23:00:00
22,lag_ridge,weekday_2,-0.3198622655908619,3100,2016-06-30 23:00:00
22,lag_ridge,weekday_3,-0.4557055646705044,3100,2016-06-30 23:00:00
22,lag_ridge,weekday_4,-0.22927282048669548,3100,2016-06-30 23:00:00
22,lag_ridge,weekday_5,-0.16792748049309175,3100,2016-06-30 23:00:00
22,lag_ridge,weekday_6,0.011443054649994488,3100,2016-06-30 23:00:00
22,lag_ridge,annual_sin,0.047856229140629654,3100,2016-06-30 23:00:00
22,lag_ridge,annual_cos,-0.1825411330924113,3100,2016-06-30 23:00:00
22,lag_ridge,previous_hour,0.04093241255591346,3100,2016-06-30 23:00:00
22,lag_ridge,previous_day,0.042577854242038055,3100,2016-06-30 23:00:00
22,lag_ridge,previous_week,-0.00680025740436148,3100,2016-06-30 23:00:00
22,lag_ridge,trailing_day_mean,-0.009734421076210718,3100,2016-06-30 23:00:00
23,calendar_linear,intercept,3.9825817973644693,19778,2016-06-30 23:00:00
23,calendar_linear,trend_years,0.23812714245976888,19778,2016-06-30 23:00:00
23,calendar_linear,hour_sin_1,-1.434624929404447,19778,2016-06-30 23:00:00
23,calendar_linear,hour_cos_1,-1.1953724319619272,19778,2016-06-30 23:00:00
23,calendar_linear,hour_sin_2,-0.49688151433146455,19778,2016-06-30 23:00:00
23,calendar_linear,hour_cos_2,0.10529506913714873,19778,2016-06-30 23:00:00
23,calendar_linear,hour_sin_3,0.1804775186316442,19778,2016-06-30 23:00:00
23,calendar_linear,hour_cos_3,-0.05106586589474159,19778,2016-06-30 23:00:00
23,calendar_linear,weekday_1,-0.40235282788825266,19778,2016-06-30 23:00:00
23,calendar_linear,weekday_2,-0.3667744995344859,19778,2016-06-30 23:00:00
23,calendar_linear,weekday_3,-0.39428187270809784,19778,2016-06-30 23:00:00
23,calendar_linear,weekday_4,-0.2842462901625458,19778,2016-06-30 23:00:00
23,calendar_linear,weekday_5,-0.19412909757714217,19778,2016-06-30 23:00:00
23,calendar_linear,weekday_6,-0.021025919993884753,19778,2016-06-30 23:00:00
23,calendar_linear,annual_sin,-0.018210450456820605,19778,2016-06-30 23:00:00
23,calendar_linear,annual_cos,-0.19258036574364382,19778,2016-06-30 23:00:00
23,calendar_ridge,intercept,3.9820790867075924,19778,2016-06-30 23:00:00
23,calendar_ridge,trend_years,0.2380021731306995,19778,2016-06-30 23:00:00
23,calendar_ridge,hour_sin_1,-1.4338572758205055,19778,2016-06-30 23:00:00
23,calendar_ridge,hour_cos_1,-1.1947329576138963,19778,2016-06-30 23:00:00
23,calendar_ridge,hour_sin_2,-0.49656866317825527,19778,2016-06-30 23:00:00
23,calendar_ridge,hour_cos_2,0.10521638273114953,19778,2016-06-30 23:00:00
23,calendar_ridge,hour_sin_3,0.180398279185621,19778,2016-06-30 23:00:00
23,calendar_ridge,hour_cos_3,-0.05108454599378468,19778,2016-06-30 23:00:00
23,calendar_ridge,weekday_1,-0.40144803817138736,19778,2016-06-30 23:00:00
23,calendar_ridge,weekday_2,-0.3658861466808353,19778,2016-06-30 23:00:00
23,calendar_ridge,weekday_3,-0.39338294748226244,19778,2016-06-30 23:00:00
23,calendar_ridge,weekday_4,-0.28339666715463735,19778,2016-06-30 23:00:00
23,calendar_ridge,weekday_5,-0.19333549362386127,19778,2016-06-30 23:00:00
23,calendar_ridge,weekday_6,-0.02031018749070638,19778,2016-06-30 23:00:00
23,calendar_ridge,annual_sin,-0.018199587681999984,19778,2016-06-30 23:00:00
23,calendar_ridge,annual_cos,-0.19248507086096117,19778,2016-06-30 23:00:00
23,lag_ridge,intercept,3.7992987641154037,3099,2016-06-30 23:00:00
23,lag_ridge,trend_years,0.2618628834720375,3099,2016-06-30 23:00:00
23,lag_ridge,hour_sin_1,-1.3410119437165535,3099,2016-06-30 23:00:00
23,lag_ridge,hour_cos_1,-1.1042771723250442,3099,2016-06-30 23:00:00
23,lag_ridge,hour_sin_2,-0.5004233568922053,3099,2016-06-30 23:00:00
23,lag_ridge,hour_cos_2,0.12663804804116363,3099,2016-06-30 23:00:00
23,lag_ridge,hour_sin_3,0.20912489369392712,3099,2016-06-30 23:00:00
23,lag_ridge,hour_cos_3,-0.06108351034737542,3099,2016-06-30 23:00:00
23,lag_ridge,weekday_1,-0.3354318271085343,3099,2016-06-30 23:00:00
23,lag_ridge,weekday_2,-0.23514881745175392,3099,2016-06-30 23:00:00
23,lag_ridge,weekday_3,-0.44936254826028754,3099,2016-06-30 23:00:00
23,lag_ridge,weekday_4,-0.21985616961231164,3099,2016-06-30 23:00:00
23,lag_ridge,weekday_5,-0.22632876562753088,3099,2016-06-30 23:00:00
23,lag_ridge,weekday_6,0.008066900999539465,3099,2016-06-30 23:00:00
23,lag_ridge,annual_sin,0.043293149365147485,3099,2016-06-30 23:00:00
23,lag_ridge,annual_cos,-0.17900229501700657,3099,2016-06-30 23:00:00
23,lag_ridge,previous_hour,0.03728747021969643,3099,2016-06-30 23:00:00
23,lag_ridge,previous_day,0.02480006602858204,3099,2016-06-30 23:00:00
23,lag_ridge,previous_week,0.012779448249584342,3099,2016-06-30 23:00:00
23,lag_ridge,trailing_day_mean,-0.03974848067833783,3099,2016-06-30 23:00:00
24,calendar_linear,intercept,3.982706887684268,19777,2016-06-30 23:00:00
24,calendar_linear,trend_years,0.2380287938194299,19777,2016-06-30 23:00:00
24,calendar_linear,hour_sin_1,-1.4346456783305008,19777,2016-06-30 23:00:00
24,calendar_linear,hour_cos_1,-1.1952924708742902,19777,2016-06-30 23:00:00
24,calendar_linear,hour_sin_2,-0.4969214698969041,19777,2016-06-30 23:00:00
24,calendar_linear,hour_cos_2,0.10536776047948189,19777,2016-06-30 23:00:00
24,calendar_linear,hour_sin_3,0.1804231274070605,19777,2016-06-30 23:00:00
24,calendar_linear,hour_cos_3,-0.05100474805614165,19777,2016-06-30 23:00:00
24,calendar_linear,weekday_1,-0.4023549446571523,19777,2016-06-30 23:00:00
24,calendar_linear,weekday_2,-0.3664860604624814,19777,2016-06-30 23:00:00
24,calendar_linear,weekday_3,-0.3942850843361777,19777,2016-06-30 23:00:00
24,calendar_linear,weekday_4,-0.28424552463312525,19777,2016-06-30 23:00:00
24,calendar_linear,weekday_5,-0.19413079703402197,19777,2016-06-30 23:00:00
24,calendar_linear,weekday_6,-0.02102719957278979,19777,2016-06-30 23:00:00
24,calendar_linear,annual_sin,-0.018219108321246114,19777,2016-06-30 23:00:00
24,calendar_linear,annual_cos,-0.19249921331189235,19777,2016-06-30 23:00:00
24,calendar_ridge,intercept,3.982204348694175,19777,2016-06-30 23:00:00
24,calendar_ridge,trend_years,0.23790379884018029,19777,2016-06-30 23:00:00
24,calendar_ridge,hour_sin_1,-1.433877998718516,19777,2016-06-30 23:00:00
24,calendar_ridge,hour_cos_1,-1.194652994258701,19777,2016-06-30 23:00:00
24,calendar_ridge,hour_sin_2,-0.49660862575586306,19777,2016-06-30 23:00:00
24,calendar_ridge,hour_cos_2,0.10528909959628975,19777,2016-06-30 23:00:00
24,calendar_ridge,hour_sin_3,0.18034386486729173,19777,2016-06-30 23:00:00
24,calendar_ridge,hour_cos_3,-0.05102340838916146,19777,2016-06-30 23:00:00
24,calendar_ridge,weekday_1,-0.4014502853737654,19777,2016-06-30 23:00:00
24,calendar_ridge,weekday_2,-0.36559775697680774,19777,2016-06-30 23:00:00
24,calendar_ridge,weekday_3,-0.3933862895294608,19777,2016-06-30 23:00:00
24,calendar_ridge,weekday_4,-0.2833960346545932,19777,2016-06-30 23:00:00
24,calendar_ridge,weekday_5,-0.19333732737287018,19777,2016-06-30 23:00:00
24,calendar_ridge,weekday_6,-0.020311604594760276,19777,2016-06-30 23:00:00
24,calendar_ridge,annual_sin,-0.018208248725131458,19777,2016-06-30 23:00:00
24,calendar_ridge,annual_cos,-0.19240389190140916,19777,2016-06-30 23:00:00
24,lag_ridge,intercept,4.014299875777667,3075,2016-06-30 23:00:00
24,lag_ridge,trend_years,0.2548992791012915,3075,2016-06-30 23:00:00
24,lag_ridge,hour_sin_1,-1.4463059721627898,3075,2016-06-30 23:00:00
24,lag_ridge,hour_cos_1,-1.2686570153792236,3075,2016-06-30 23:00:00
24,lag_ridge,hour_sin_2,-0.5300023473900355,3075,2016-06-30 23:00:00
24,lag_ridge,hour_cos_2,0.10464238930626886,3075,2016-06-30 23:00:00
24,lag_ridge,hour_sin_3,0.23898390391308297,3075,2016-06-30 23:00:00
24,lag_ridge,hour_cos_3,-0.0661984067169451,3075,2016-06-30 23:00:00
24,lag_ridge,weekday_1,-0.26957581262920216,3075,2016-06-30 23:00:00
24,lag_ridge,weekday_2,-0.2037253087306231,3075,2016-06-30 23:00:00
24,lag_ridge,weekday_3,-0.43052990887579307,3075,2016-06-30 23:00:00
24,lag_ridge,weekday_4,-0.21892206158644506,3075,2016-06-30 23:00:00
24,lag_ridge,weekday_5,-0.10070916742080008,3075,2016-06-30 23:00:00
24,lag_ridge,weekday_6,0.07316875634646006,3075,2016-06-30 23:00:00
24,lag_ridge,annual_sin,0.042459660568779464,3075,2016-06-30 23:00:00
24,lag_ridge,annual_cos,-0.22750882194782576,3075,2016-06-30 23:00:00
24,lag_ridge,previous_hour,0.02358649432866205,3075,2016-06-30 23:00:00
24,lag_ridge,previous_day,-0.011741153891328184,3075,2016-06-30 23:00:00
24,lag_ridge,previous_week,-0.016523771130747895,3075,2016-06-30 23:00:00
24,lag_ridge,trailing_day_mean,-0.025293751413625422,3075,2016-06-30 23:00:00
