horizon_hours,dimension,value,n,mae,rmse,bias
6,target_hour,0,224,1.3139937508812756,1.6350076685821937,-0.385572397378943
6,target_hour,1,209,1.0500286935767522,1.3758656130531772,-0.21087101144234707
6,target_hour,2,206,1.1173247727846958,1.4785922265090305,-0.3304832958894598
6,target_hour,3,205,0.9236943842189365,1.3239201387380517,-0.278949017944008
6,target_hour,4,193,0.8982892965594228,1.1881373055710038,-0.18788837374558115
6,target_hour,5,194,0.9425766662925124,1.2778599079680635,-0.4050799808064341
6,target_hour,6,213,1.0966590408367516,1.4093599944822746,-0.2518292435781414
6,target_hour,7,223,1.3114997844603886,1.6139534054075229,-0.39199217117948637
6,target_hour,8,228,1.8404638327163938,2.3548681894928745,-0.9842023554407922
6,target_hour,9,235,2.0152357159198617,2.5961355473541188,-1.0068657798694862
6,target_hour,10,235,2.108927541915874,2.7952034494592657,-1.2624526238955887
6,target_hour,11,234,2.3340449516632313,3.034711696107166,-1.4903248103947024
6,target_hour,12,235,2.070760069069952,2.6347076528673252,-1.1661220530879932
6,target_hour,13,235,2.1659776928021266,2.7413009247614455,-1.0993544290834614
6,target_hour,14,234,2.223416581991216,2.917555658034561,-1.1364911585872557
6,target_hour,15,234,2.0669240112734735,2.6479508396075717,-1.1732311970188314
6,target_hour,16,235,2.0951230985890006,2.718757934124869,-0.878579589629869
6,target_hour,17,234,2.2647479181589754,2.9421372483251704,-1.2830008138285167
6,target_hour,18,235,2.3253418792108778,2.9537574411858563,-1.3665553811264326
6,target_hour,19,235,2.1315598852283992,2.6786506154770033,-1.1090652882635552
6,target_hour,20,235,2.086412541082858,2.6901483484810647,-0.9995297011556741
6,target_hour,21,235,2.0548412153696987,2.6561516942929004,-1.099083461341526
6,target_hour,22,234,1.9067039076107453,2.567611757405957,-1.0799175805461292
6,target_hour,23,230,1.643714906156057,2.0529863347623265,-0.5517685622097919
12,target_hour,0,224,1.3139937508812756,1.6350076685821937,-0.385572397378943
12,target_hour,1,209,1.0500286935767522,1.3758656130531772,-0.21087101144234707
12,target_hour,2,206,1.1173247727846958,1.4785922265090305,-0.3304832958894598
12,target_hour,3,205,0.9236943842189365,1.3239201387380517,-0.278949017944008
12,target_hour,4,193,0.8982892965594228,1.1881373055710038,-0.18788837374558115
12,target_hour,5,194,0.9425766662925124,1.2778599079680635,-0.4050799808064341
12,target_hour,6,212,1.0953914673719032,1.40956417455508,-0.2594576108373997
12,target_hour,7,222,1.2991103830270798,1.5944458143767297,-0.37546084356022796
12,target_hour,8,227,1.8431833187818063,2.358652720245006,-0.9831497645138011
12,target_hour,9,234,2.012824906674369,2.5962069835559483,-1.022191552772198
12,target_hour,10,234,2.1056622071675832,2.7948662689156096,-1.2555698749677247
12,target_hour,11,233,2.3195129557476224,3.0180421476524733,-1.4721716979929633
12,target_hour,12,235,2.070760069069952,2.6347076528673252,-1.1661220530879932
12,target_hour,13,235,2.1659776928021266,2.7413009247614455,-1.0993544290834614
12,target_hour,14,234,2.223416581991216,2.917555658034561,-1.1364911585872557
12,target_hour,15,234,2.0669240112734735,2.6479508396075717,-1.1732311970188314
12,target_hour,16,235,2.0951230985890006,2.718757934124869,-0.878579589629869
12,target_hour,17,234,2.2647479181589754,2.9421372483251704,-1.2830008138285167
12,target_hour,18,235,2.3253418792108778,2.9537574411858563,-1.3665553811264326
12,target_hour,19,235,2.1315598852283992,2.6786506154770033,-1.1090652882635552
12,target_hour,20,235,2.086412541082858,2.6901483484810647,-0.9995297011556741
12,target_hour,21,235,2.0548412153696987,2.6561516942929004,-1.099083461341526
12,target_hour,22,234,1.9067039076107453,2.567611757405957,-1.0799175805461292
12,target_hour,23,230,1.643714906156057,2.0529863347623265,-0.5517685622097919
24,target_hour,0,224,1.3139937508812756,1.6350076685821937,-0.385572397378943
24,target_hour,1,209,1.0500286935767522,1.3758656130531772,-0.21087101144234707
24,target_hour,2,206,1.1173247727846958,1.4785922265090305,-0.3304832958894598
24,target_hour,3,205,0.9236943842189365,1.3239201387380517,-0.278949017944008
24,target_hour,4,193,0.8982892965594228,1.1881373055710038,-0.18788837374558115
24,target_hour,5,194,0.9425766662925124,1.2778599079680635,-0.4050799808064341
24,target_hour,6,212,1.0953914673719032,1.40956417455508,-0.2594576108373997
24,target_hour,7,222,1.2991103830270798,1.5944458143767297,-0.37546084356022796
24,target_hour,8,227,1.8431833187818063,2.358652720245006,-0.9831497645138011
24,target_hour,9,234,2.012824906674369,2.5962069835559483,-1.022191552772198
24,target_hour,10,234,2.1056622071675832,2.7948662689156096,-1.2555698749677247
24,target_hour,11,233,2.3195129557476224,3.0180421476524733,-1.4721716979929633
24,target_hour,12,234,2.0566817814801683,2.6169334840158722,-1.148177791070936
24,target_hour,13,234,2.1519671511284417,2.7239988777455246,-1.0807856683340553
24,target_hour,14,233,2.222502026821616,2.919449421330723,-1.1309116874373815
24,target_hour,15,233,2.0566519363848728,2.6374898506927096,-1.1591235306527428
24,target_hour,16,234,2.095902691263747,2.721690407914013,-0.8905081281013576
24,target_hour,17,233,2.2659533986328686,2.9455782002489967,-1.2970217227622953
24,target_hour,18,234,2.313267298990438,2.94084835337529,-1.3503834227090517
24,target_hour,19,234,2.1178770927151302,2.66163009841734,-1.0910128607205218
24,target_hour,20,234,2.0884437437750445,2.693832289991004,-1.010686285823481
24,target_hour,21,234,2.0602037846661503,2.661307377792197,-1.10719920262931
24,target_hour,22,233,1.9111582056733816,2.5724861035243882,-1.0808234394368146
24,target_hour,23,229,1.6447650768971243,2.0553733202505655,-0.5603056555227238
6,target_weekday,0,788,1.8133714625143342,2.4181630806168046,-0.9129369968910445
6,target_weekday,1,756,1.8214327062080549,2.4718161306119386,-1.0123729435454316
6,target_weekday,2,783,1.74102992814683,2.320602370087366,-0.8261609987530316
6,target_weekday,3,782,1.71578760388594,2.2962814699245486,-0.7967521178534714
6,target_weekday,4,725,1.7995129908716658,2.46389384073378,-0.855102850447883
6,target_weekday,5,794,1.766936202719451,2.352512650467835,-0.7925565672052851
6,target_weekday,6,782,1.7886589319659065,2.337767403093013,-0.8289015642424005
12,target_weekday,0,788,1.8133714625143342,2.4181630806168046,-0.9129369968910445
12,target_weekday,1,756,1.8214327062080549,2.4718161306119386,-1.0123729435454316
12,target_weekday,2,783,1.74102992814683,2.320602370087366,-0.8261609987530316
12,target_weekday,3,782,1.71578760388594,2.2962814699245486,-0.7967521178534714
12,target_weekday,4,725,1.7995129908716658,2.46389384073378,-0.855102850447883
12,target_weekday,5,794,1.766936202719451,2.352512650467835,-0.7925565672052851
12,target_weekday,6,776,1.779521175040014,2.3281853316085743,-0.8225098835834644
24,target_weekday,0,788,1.8133714625143342,2.4181630806168046,-0.9129369968910445
24,target_weekday,1,756,1.8214327062080549,2.4718161306119386,-1.0123729435454316
24,target_weekday,2,783,1.74102992814683,2.320602370087366,-0.8261609987530316
24,target_weekday,3,782,1.71578760388594,2.2962814699245486,-0.7967521178534714
24,target_weekday,4,725,1.7995129908716658,2.46389384073378,-0.855102850447883
24,target_weekday,5,794,1.766936202719451,2.352512650467835,-0.7925565672052851
24,target_weekday,6,764,1.759343189638161,2.3033895079844857,-0.8074859257974856
6,demand_group,at_or_above_training_p90,1518,3.499372744187897,3.889472487202779,-3.499372744187897
6,demand_group,below_training_p90,3892,1.1061639005122483,1.4039969248541135,0.16955673290041906
12,demand_group,at_or_above_training_p90,1515,3.49794908442347,3.8884466463705993,-3.49794908442347
12,demand_group,below_training_p90,3889,1.1056883544877998,1.4036214404152298,0.1689877077010926
24,demand_group,at_or_above_training_p90,1509,3.4931758692585024,3.884310599363294,-3.4931758692585024
24,demand_group,below_training_p90,3883,1.1051872912299854,1.4034624604668462,0.1674867734768381
