horizon_hours,split,first_origin,last_origin,first_target,last_target,eligible_origins,observed_targets,fit_target_cutoff
1,calibration,2016-07-01 00:00:00,2016-12-30 22:00:00,2016-07-01 01:00:00,2016-12-30 23:00:00,4038,4038,2016-06-30 23:00:00
1,test,2017-01-01 00:00:00,2017-08-31 22:00:00,2017-01-01 01:00:00,2017-08-31 23:00:00,5831,5414,2016-06-30 23:00:00
1,coverage_supplement,2017-09-01 00:00:00,2017-12-30 22:00:00,2017-09-01 01:00:00,2017-12-30 23:00:00,2903,2717,2016-06-30 23:00:00
1,selection,2016-01-01 00:00:00,2016-06-29 22:00:00,2016-01-01 01:00:00,2016-06-29 23:00:00,3982,3982,2015-12-31 23:00:00
2,calibration,2016-07-01 00:00:00,2016-12-30 21:00:00,2016-07-01 02:00:00,2016-12-30 23:00:00,4037,4037,2016-06-30 23:00:00
2,test,2017-01-01 00:00:00,2017-08-31 21:00:00,2017-01-01 02:00:00,2017-08-31 23:00:00,5830,5414,2016-06-30 23:00:00
2,coverage_supplement,2017-09-01 00:00:00,2017-12-30 21:00:00,2017-09-01 02:00:00,2017-12-30 23:00:00,2902,2717,2016-06-30 23:00:00
2,selection,2016-01-01 00:00:00,2016-06-29 21:00:00,2016-01-01 02:00:00,2016-06-29 23:00:00,3981,3981,2015-12-31 23:00:00
3,calibration,2016-07-01 00:00:00,2016-12-30 20:00:00,2016-07-01 03:00:00,2016-12-30 23:00:00,4036,4036,2016-06-30 23:00:00
3,test,2017-01-01 00:00:00,2017-08-31 20:00:00,2017-01-01 03:00:00,2017-08-31 23:00:00,5829,5413,2016-06-30 23:00:00
3,coverage_supplement,2017-09-01 00:00:00,2017-12-30 20:00:00,2017-09-01 03:00:00,2017-12-30 23:00:00,2901,2716,2016-06-30 23:00:00
3,selection,2016-01-01 00:00:00,2016-06-29 20:00:00,2016-01-01 03:00:00,2016-06-29 23:00:00,3980,3980,2015-12-31 23:00:00
4,calibration,2016-07-01 00:00:00,2016-12-30 19:00:00,2016-07-01 04:00:00,2016-12-30 23:00:00,4035,4035,2016-06-30 23:00:00
4,test,2017-01-01 00:00:00,2017-08-31 19:00:00,2017-01-01 04:00:00,2017-08-31 23:00:00,5828,5412,2016-06-30 23:00:00
4,coverage_supplement,2017-09-01 00:00:00,2017-12-30 19:00:00,2017-09-01 04:00:00,2017-12-30 23:00:00,2900,2715,2016-06-30 23:00:00
4,selection,2016-01-01 00:00:00,2016-06-29 19:00:00,2016-01-01 04:00:00,2016-06-29 23:00:00,3979,3979,2015-12-31 23:00:00
5,calibration,2016-07-01 00:00:00,2016-12-30 18:00:00,2016-07-01 05:00:00,2016-12-30 23:00:00,4034,4034,2016-06-30 23:00:00
5,test,2017-01-01 00:00:00,2017-08-31 18:00:00,2017-01-01 05:00:00,2017-08-31 23:00:00,5827,5411,2016-06-30 23:00:00
5,coverage_supplement,2017-09-01 00:00:00,2017-12-30 18:00:00,2017-09-01 05:00:00,2017-12-30 23:00:00,2899,2715,2016-06-30 23:00:00
5,selection,2016-01-01 00:00:00,2016-06-29 18:00:00,2016-01-01 05:00:00,2016-06-29 23:00:00,3978,3978,2015-12-31 23:00:00
6,calibration,2016-07-01 01:00:00,2016-12-30 17:00:00,2016-07-01 07:00:00,2016-12-30 23:00:00,4033,4033,2016-06-30 23:00:00
6,test,2017-01-01 00:00:00,2017-08-31 17:00:00,2017-01-01 06:00:00,2017-08-31 23:00:00,5826,5410,2016-06-30 23:00:00
6,coverage_supplement,2017-09-01 00:00:00,2017-12-30 17:00:00,2017-09-01 06:00:00,2017-12-30 23:00:00,2898,2714,2016-06-30 23:00:00
6,selection,2016-01-01 01:00:00,2016-06-29 17:00:00,2016-01-01 07:00:00,2016-06-29 23:00:00,3977,3977,2015-12-31 23:00:00
7,calibration,2016-07-01 00:00:00,2016-12-30 16:00:00,2016-07-01 07:00:00,2016-12-30 23:00:00,4033,4033,2016-06-30 23:00:00
7,test,2017-01-01 00:00:00,2017-08-31 16:00:00,2017-01-01 07:00:00,2017-08-31 23:00:00,5825,5409,2016-06-30 23:00:00
7,coverage_supplement,2017-09-01 00:00:00,2017-12-30 16:00:00,2017-09-01 07:00:00,2017-12-30 23:00:00,2897,2713,2016-06-30 23:00:00
7,selection,2016-01-01 00:00:00,2016-06-29 16:00:00,2016-01-01 07:00:00,2016-06-29 23:00:00,3977,3977,2015-12-31 23:00:00
8,calibration,2016-07-01 00:00:00,2016-12-30 15:00:00,2016-07-01 08:00:00,2016-12-30 23:00:00,4032,4032,2016-06-30 23:00:00
8,test,2017-01-01 00:00:00,2017-08-31 15:00:00,2017-01-01 08:00:00,2017-08-31 23:00:00,5824,5408,2016-06-30 23:00:00
8,coverage_supplement,2017-09-01 00:00:00,2017-12-30 15:00:00,2017-09-01 08:00:00,2017-12-30 23:00:00,2896,2712,2016-06-30 23:00:00
8,selection,2016-01-01 00:00:00,2016-06-29 15:00:00,2016-01-01 08:00:00,2016-06-29 23:00:00,3976,3976,2015-12-31 23:00:00
9,calibration,2016-07-01 00:00:00,2016-12-30 14:00:00,2016-07-01 09:00:00,2016-12-30 23:00:00,4031,4031,2016-06-30 23:00:00
9,test,2017-01-01 00:00:00,2017-08-31 14:00:00,2017-01-01 09:00:00,2017-08-31 23:00:00,5823,5407,2016-06-30 23:00:00
9,coverage_supplement,2017-09-01 00:00:00,2017-12-30 14:00:00,2017-09-01 09:00:00,2017-12-30 23:00:00,2895,2711,2016-06-30 23:00:00
9,selection,2016-01-01 00:00:00,2016-06-29 14:00:00,2016-01-01 09:00:00,2016-06-29 23:00:00,3975,3975,2015-12-31 23:00:00
10,calibration,2016-07-01 00:00:00,2016-12-30 13:00:00,2016-07-01 10:00:00,2016-12-30 23:00:00,4030,4030,2016-06-30 23:00:00
10,test,2017-01-01 00:00:00,2017-08-31 13:00:00,2017-01-01 10:00:00,2017-08-31 23:00:00,5822,5406,2016-06-30 23:00:00
10,coverage_supplement,2017-09-01 00:00:00,2017-12-30 13:00:00,2017-09-01 10:00:00,2017-12-30 23:00:00,2894,2710,2016-06-30 23:00:00
10,selection,2016-01-01 00:00:00,2016-06-29 13:00:00,2016-01-01 10:00:00,2016-06-29 23:00:00,3974,3974,2015-12-31 23:00:00
11,calibration,2016-07-01 00:00:00,2016-12-30 12:00:00,2016-07-01 11:00:00,2016-12-30 23:00:00,4029,4029,2016-06-30 23:00:00
11,test,2017-01-01 00:00:00,2017-08-31 12:00:00,2017-01-01 11:00:00,2017-08-31 23:00:00,5821,5405,2016-06-30 23:00:00
11,coverage_supplement,2017-09-01 00:00:00,2017-12-30 12:00:00,2017-09-01 11:00:00,2017-12-30 23:00:00,2893,2709,2016-06-30 23:00:00
11,selection,2016-01-01 00:00:00,2016-06-29 12:00:00,2016-01-01 11:00:00,2016-06-29 23:00:00,3973,3973,2015-12-31 23:00:00
12,calibration,2016-07-01 00:00:00,2016-12-30 11:00:00,2016-07-01 12:00:00,2016-12-30 23:00:00,4028,4028,2016-06-30 23:00:00
12,test,2017-01-01 00:00:00,2017-08-31 11:00:00,2017-01-01 12:00:00,2017-08-31 23:00:00,5820,5404,2016-06-30 23:00:00
12,coverage_supplement,2017-09-01 00:00:00,2017-12-30 11:00:00,2017-09-01 12:00:00,2017-12-30 23:00:00,2892,2708,2016-06-30 23:00:00
12,selection,2016-01-01 00:00:00,2016-06-29 11:00:00,2016-01-01 12:00:00,2016-06-29 23:00:00,3972,3972,2015-12-31 23:00:00
13,calibration,2016-07-01 00:00:00,2016-12-30 10:00:00,2016-07-01 13:00:00,2016-12-30 23:00:00,4027,4027,2016-06-30 23:00:00
13,test,2017-01-01 00:00:00,2017-08-31 10:00:00,2017-01-01 13:00:00,2017-08-31 23:00:00,5819,5403,2016-06-30 23:00:00
13,coverage_supplement,2017-09-01 00:00:00,2017-12-30 10:00:00,2017-09-01 13:00:00,2017-12-30 23:00:00,2891,2707,2016-06-30 23:00:00
13,selection,2016-01-01 00:00:00,2016-06-29 10:00:00,2016-01-01 13:00:00,2016-06-29 23:00:00,3971,3971,2015-12-31 23:00:00
14,calibration,2016-07-01 00:00:00,2016-12-30 09:00:00,2016-07-01 14:00:00,2016-12-30 23:00:00,4026,4026,2016-06-30 23:00:00
14,test,2017-01-01 00:00:00,2017-08-31 09:00:00,2017-01-01 14:00:00,2017-08-31 23:00:00,5818,5402,2016-06-30 23:00:00
14,coverage_supplement,2017-09-01 00:00:00,2017-12-30 09:00:00,2017-09-01 14:00:00,2017-12-30 23:00:00,2890,2706,2016-06-30 23:00:00
14,selection,2016-01-01 00:00:00,2016-06-29 09:00:00,2016-01-01 14:00:00,2016-06-29 23:00:00,3970,3970,2015-12-31 23:00:00
15,calibration,2016-07-01 00:00:00,2016-12-30 08:00:00,2016-07-01 15:00:00,2016-12-30 23:00:00,4025,4025,2016-06-30 23:00:00
15,test,2017-01-01 00:00:00,2017-08-31 08:00:00,2017-01-01 15:00:00,2017-08-31 23:00:00,5817,5401,2016-06-30 23:00:00
15,coverage_supplement,2017-09-01 00:00:00,2017-12-30 08:00:00,2017-09-01 15:00:00,2017-12-30 23:00:00,2889,2705,2016-06-30 23:00:00
15,selection,2016-01-01 00:00:00,2016-06-29 08:00:00,2016-01-01 15:00:00,2016-06-29 23:00:00,3969,3969,2015-12-31 23:00:00
16,calibration,2016-07-01 00:00:00,2016-12-30 07:00:00,2016-07-01 16:00:00,2016-12-30 23:00:00,4024,4024,2016-06-30 23:00:00
16,test,2017-01-01 00:00:00,2017-08-31 07:00:00,2017-01-01 16:00:00,2017-08-31 23:00:00,5816,5400,2016-06-30 23:00:00
16,coverage_supplement,2017-09-01 00:00:00,2017-12-30 07:00:00,2017-09-01 16:00:00,2017-12-30 23:00:00,2888,2704,2016-06-30 23:00:00
16,selection,2016-01-01 00:00:00,2016-06-29 07:00:00,2016-01-01 16:00:00,2016-06-29 23:00:00,3968,3968,2015-12-31 23:00:00
17,calibration,2016-07-01 00:00:00,2016-12-30 06:00:00,2016-07-01 17:00:00,2016-12-30 23:00:00,4023,4023,2016-06-30 23:00:00
17,test,2017-01-01 00:00:00,2017-08-31 06:00:00,2017-01-01 17:00:00,2017-08-31 23:00:00,5815,5399,2016-06-30 23:00:00
17,coverage_supplement,2017-09-01 00:00:00,2017-12-30 06:00:00,2017-09-01 17:00:00,2017-12-30 23:00:00,2887,2703,2016-06-30 23:00:00
17,selection,2016-01-01 00:00:00,2016-06-29 06:00:00,2016-01-01 17:00:00,2016-06-29 23:00:00,3967,3967,2015-12-31 23:00:00
18,calibration,2016-07-01 00:00:00,2016-12-30 05:00:00,2016-07-01 18:00:00,2016-12-30 23:00:00,4022,4022,2016-06-30 23:00:00
18,test,2017-01-01 00:00:00,2017-08-31 05:00:00,2017-01-01 18:00:00,2017-08-31 23:00:00,5814,5398,2016-06-30 23:00:00
18,coverage_supplement,2017-09-01 00:00:00,2017-12-30 05:00:00,2017-09-01 18:00:00,2017-12-30 23:00:00,2886,2702,2016-06-30 23:00:00
18,selection,2016-01-01 00:00:00,2016-06-29 05:00:00,2016-01-01 18:00:00,2016-06-29 23:00:00,3966,3966,2015-12-31 23:00:00
19,calibration,2016-07-01 00:00:00,2016-12-30 04:00:00,2016-07-01 19:00:00,2016-12-30 23:00:00,4021,4021,2016-06-30 23:00:00
19,test,2017-01-01 00:00:00,2017-08-31 04:00:00,2017-01-01 19:00:00,2017-08-31 23:00:00,5813,5397,2016-06-30 23:00:00
19,coverage_supplement,2017-09-01 00:00:00,2017-12-30 04:00:00,2017-09-01 19:00:00,2017-12-30 23:00:00,2885,2701,2016-06-30 23:00:00
19,selection,2016-01-01 00:00:00,2016-06-29 04:00:00,2016-01-01 19:00:00,2016-06-29 23:00:00,3965,3965,2015-12-31 23:00:00
20,calibration,2016-07-01 00:00:00,2016-12-30 03:00:00,2016-07-01 20:00:00,2016-12-30 23:00:00,4020,4020,2016-06-30 23:00:00
20,test,2017-01-01 00:00:00,2017-08-31 03:00:00,2017-01-01 20:00:00,2017-08-31 23:00:00,5812,5396,2016-06-30 23:00:00
20,coverage_supplement,2017-09-01 00:00:00,2017-12-30 03:00:00,2017-09-01 20:00:00,2017-12-30 23:00:00,2884,2700,2016-06-30 23:00:00
20,selection,2016-01-01 00:00:00,2016-06-29 03:00:00,2016-01-01 20:00:00,2016-06-29 23:00:00,3964,3964,2015-12-31 23:00:00
21,calibration,2016-07-01 00:00:00,2016-12-30 02:00:00,2016-07-01 21:00:00,2016-12-30 23:00:00,4019,4019,2016-06-30 23:00:00
21,test,2017-01-01 00:00:00,2017-08-31 02:00:00,2017-01-01 21:00:00,2017-08-31 23:00:00,5811,5395,2016-06-30 23:00:00
21,coverage_supplement,2017-09-01 00:00:00,2017-12-30 02:00:00,2017-09-01 21:00:00,2017-12-30 23:00:00,2883,2699,2016-06-30 23:00:00
21,selection,2016-01-01 00:00:00,2016-06-29 02:00:00,2016-01-01 21:00:00,2016-06-29 23:00:00,3963,3963,2015-12-31 23:00:00
22,calibration,2016-07-01 00:00:00,2016-12-30 01:00:00,2016-07-01 22:00:00,2016-12-30 23:00:00,4018,4018,2016-06-30 23:00:00
22,test,2017-01-01 00:00:00,2017-08-31 01:00:00,2017-01-01 22:00:00,2017-08-31 23:00:00,5810,5394,2016-06-30 23:00:00
22,coverage_supplement,2017-09-01 00:00:00,2017-12-30 01:00:00,2017-09-01 22:00:00,2017-12-30 23:00:00,2882,2698,2016-06-30 23:00:00
22,selection,2016-01-01 00:00:00,2016-06-29 01:00:00,2016-01-01 22:00:00,2016-06-29 23:00:00,3962,3962,2015-12-31 23:00:00
23,calibration,2016-07-01 00:00:00,2016-12-30 00:00:00,2016-07-01 23:00:00,2016-12-30 23:00:00,4017,4017,2016-06-30 23:00:00
23,test,2017-01-01 00:00:00,2017-08-31 00:00:00,2017-01-01 23:00:00,2017-08-31 23:00:00,5809,5393,2016-06-30 23:00:00
23,coverage_supplement,2017-09-01 00:00:00,2017-12-30 00:00:00,2017-09-01 23:00:00,2017-12-30 23:00:00,2881,2697,2016-06-30 23:00:00
23,selection,2016-01-01 00:00:00,2016-06-29 00:00:00,2016-01-01 23:00:00,2016-06-29 23:00:00,3961,3961,2015-12-31 23:00:00
24,calibration,2016-07-01 00:00:00,2016-12-29 23:00:00,2016-07-02 00:00:00,2016-12-30 23:00:00,4016,4016,2016-06-30 23:00:00
24,test,2017-01-01 00:00:00,2017-08-30 23:00:00,2017-01-02 00:00:00,2017-08-31 23:00:00,5808,5392,2016-06-30 23:00:00
24,coverage_supplement,2017-09-01 00:00:00,2017-12-29 23:00:00,2017-09-02 00:00:00,2017-12-30 23:00:00,2880,2696,2016-06-30 23:00:00
24,selection,2016-01-01 00:00:00,2016-06-28 23:00:00,2016-01-02 00:00:00,2016-06-29 23:00:00,3960,3960,2015-12-31 23:00:00
